aback: 7489
abaft: 13503
abandon: 1107 11870
abandoned: 12679
abandonedly: 7197
abandonment: 10580
abased: 6915 8454
abasement: 6883
abashed: 5611
abatement: 15387
abed: 2282 2328
abel: 10051
abhorred: 10417 11903
abhorrent: 10680
abiding: 6875
abjectus: 8526
able: 1110 5078 6239 7290 8024 8589 9040 10870 12750 13037 14220 15005
ablutions: 2409
ably: 10262
aboard: 115 2079 3844 4036 5562 5893 5990 6012 6028 6035 6056 6150 6173 13756
abode: 586 11277
abominable: 1555 2079
abominate: 1109
abominated: 1725
aboriginal: 1282 7073 12163
aboriginally: 15211
aboriginalness: 12933
abortion: 10809
abortions: 14729
abound: 10170 13887
abounding: 6549 6904 8698 14883
aboundingly: 10567
about: 380 839 977 980 1098 1128 1155 1226 1274 1339 1358 1390 1476 1564 1583 1671 1700 1734 1759 1764 1858 1868 1888 1907 1910 1976 1982 1990 2031 2063 2086 2113 2128 2165 2172 2202 2230 2339 2393 2402 2447 2497 2563 2872 3052 3079 3178 3370 3464 3479 3576 3605 3722 3752 3816 3833 3872 3907 3910 4116 4122 4217 4227 4280 4331 4358 4422 4441 4452 4495 4526 4534 4554 4632 4635 4702 4765 4890 4893 4898 4905 4973 4975 5037 5066 5122 5183 5184 5189 5260 5286 5417 5430 5440 5457 5464 5539 5562 5566 5651 5680 5725 5727 5735 5750 5774 5776 5778 5785 5787 5789 5790 5797 5800 5806 5809 5812 5960 5976 5986 6159 6273 6389 6947 6949 6961 6975 6993 7106 7182 7220 7285 7411 7453 7480 7587 7644 8195 8501 8661 8902 8903 8909 9192 9299 10867 10978 11483 11489 11745 11746 11765 12004 12091 12135 12423 12513 12904 13293 13353 13369 13381 13405 13420 13465 13481 13519 13664 13766 13973 14038 14066 14219 14488 14645 14680 14744 14772 14871 14936 14967 15570
above: 533 1537 2945 3037 3489 5088 5703 5858 7159 7708 7750 7810 7834 8015 8229 8288 8305 8863 8942 9611 10600 10611 11091 11211 11297 11928 12347 12384 12856 13096 13386 14277 15369
abraham: 10747
abreast: 1924
abridged: 8364 14694
abroad: 5219 12324
abruptly: 5746
absence: 6133 8127 11035
absent: 1041 7356 9027 9037 9058 13155 13295 13305
absolute: 5996 6908 14569
absolutely: 11051
absorbed: 2878 4828
absorbing: 5065
absorbingly: 13263
abstained: 7398
abstemious: 8693
absurd: 5183 7885
absurdly: 11185
abundance: 562
abundant: 786 5208 12330
abundantly: 4967 13912
accelerate: 2403
accelerating: 8663
accessible: 13643
accessory: 10799
accident: 4623 7887 10138
accidental: 4740
accidents: 2779 5933
accom: 15534
accommodated: 1571
accompani: 10270
accompanied: 2125 6351 7042 10104
accompaniments: 13479
accompany: 3106 3843
accompanying: 7138 14686
accomplish: 11885
accomplished: 2007
accomplishing: 11278
accomplishment: 11181
accordance: 13032 13204
according: 4759 5791 6939 7843 8313 10361 11641 11853 11882 12938 13524 14686
accordingly: 4422 6113 14174
accosted: 2436 5069 7546
account: 667 917 987 1179 1893 4347 4349 5174 6664 6717 7622 7623 7797 8600 8932 8967 10528 10849 10883 12154 12815 13638 13666 15545
accountable: 8847
accountants: 9313
accounted: 6505 6616 8172 8244
accounting: 12328
accounts: 3082 3827 3925 8874 10361 14954 15475
accumulate: 4888
accumulated: 9465 10658
accumulating: 10154
accuracy: 15061
accurate: 14765
accursed: 5123 9281 11365 15186
accustomed: 2393 12071 13099
aces: 6888
ached: 2273
achieved: 2424 2956 15046
achilless: 15054
acknowledges: 3418
acknowledging: 7133
acquaintance: 11493 11496
acquaintances: 3510 10544
acquainted: 3852 7194 10873 11184
acquiesce: 4421
acquiescence: 9387
acres: 376 2584
across: 2988 5584 5672 10456 12176 12281 12453 12635 12950 13634 13672 15012 15285
act: 1168 1504 2931 6297 9216 9334 13184 14227 14867 14878 14965 15370 15453
acted: 2893 12275
action: 6804 11919 12118 12853 14868 14908 15556
actions: 11865
active: 614 4790 5310 12829
actively: 6189 6269 6518
activity: 1176 5893 14967 14980
acts: 11785
actual: 2556 11553 15571
actually: 1819 10108 10277 11049 11766 12854 13745 14568 14603
actuated: 3801
acushnet: 3957
adam: 2807 10430 10781
adapted: 6783 8003 8895 14953
add: 3327 4167 10840 12940 15422
added: 1573 2196 3828 4467 4689 5505 10524 12434
addi: 6264
adding: 856
addition: 14950
additional: 8912 11146 11881 12007 15482
address: 614 2067 13199 13201
addressed: 1605 8426 9189 10898 13094
addressing: 12210
adds: 15416
adequate: 10170
adequately: 11418
adhering: 4124 15139
adieu: 8071 9713 9714
adieux: 3107
adios: 14480
adjacent: 2880
adjoining: 1597 8682
adjust: 3885
adjusting: 15555
administered: 14175
admirable: 8930 14898
admirably: 14832
admiral: 8826 11692
admirals: 6556
admiration: 62
admire: 3976 8983
admirer: 2518
admit: 9009 12027 14129
admits: 10920 13422
admitted: 8616 11503
admitting: 2856
admoni: 9395
admonish: 9016
admonishing: 11993
ado: 1984 6115
adoes: 13972
adopt: 14262
adopted: 8039 8853
adoration: 6549
adoring: 10774
adorned: 2942
adorning: 1591
adroitly: 12377
adroop: 10913
adulterer: 3118
advance: 6508 6739 8098 9452 9491 11233 12112 12469 12961 15144 15326
advanced: 7441 9205 14221
advancement: 14655
advances: 3508 3555 7757
advancing: 4537 9988 11087 13027 13796
advantage: 13194 15458
advantages: 4740
adven: 1284 2027
advent: 12314
adventure: 4723 11737
adventures: 871 6610 11727
adventurous: 2872 3842 4789
adventurously: 10112
advert: 14571
advertised: 3131
advice: 4974
advised: 14529
advocate: 121 6494 6530 6614 6710 6741 6743
aesthetically: 6651
aesthetics: 15423
affair: 4424 5326 9092 11422 12329 12698 13506 13764 14962 15573
affairs: 4273 4904
affect: 7266 13324
affected: 2765 6354 6814 13694
affecting: 11812
affection: 3500 3848 3890
affectionate: 2232
affectionately: 3654
affidavit: 170 11410 11446 11529 11616 11710 11794 14947
affirms: 10235
afflictions: 8882
affluent: 13867
afford: 544 1598 2443 8003
afforded: 13644
affording: 312
affright: 10987 14872
affrighted: 2551 3254 12675
affrights: 10670
affronted: 7002
afghanistan: 1210
afl: 7563
afloat: 3253 3773 6990 8779 14751
afore: 1626 1908 4974 5788 6049
aforethought: 10375 11594
afoul: 7492
afraid: 605 2064 2066 2177 2204 6830 8652 9947 9978
afresh: 2784
afric: 13595
africa: 515 2489 7092 8785 11440 11455
african: 8691
aft: 3252 5678 6212 6248 6250 7171 7453 8386 8630 9134 9140 9629 12398 12593 13208 13843 14066 14306 15498 15510
after: 351 940 1011 1192 1522 1701 1787 1797 1894 1977 2028 2039 2117 2496 2914 2959 3107 3209 3218 3242 3250 3537 3596 3866 4043 4102 4142 4434 4641 5016 5044 5228 5282 5348 5352 5438 5457 5652 5821 5856 5902 5951 6074 6201 6202 6205 6239 6633 6740 6843 6850 6958 7159 7165 7301 7474 7556 7769 8180 8390 8498 8505 8635 8675 8771 8937 8939 8946 9092 9093 9096 9146 9168 9259 9645 9877 10070 10131 10290 10321 10447 10754 11090 11121 11139 11337 11338 11431 11432 11502 11520 11607 11654 11676 11726 11733 11768 11818 12308 12509 12526 12561 12597 12653 12790 12794 12815 12864 12866 12972 12974 13014 13018 13095 13116 13257 13400 13434 13469 13531 13609 13629 14068 14078 14234 14268 14319 14388 14440 14476 14494 14539 14742 14938 15494
afternoon: 597 2257 5441 12003
afternoons: 10896
afterward: 1413 2308 2354 2419 6678 10524 11460
again: 891 1163 1323 1785 1807 1844 2130 2159 2171 2177 2184 2214 2665 2828 2985 3137 3256 3341 3404 3456 3569 3659 3832 3839 4047 4075 4324 4564 4651 4751 4831 4838 4947 4989 5013 5034 5249 5273 5282 5299 5393 5756 5767 5769 5821 6063 6074 6079 6083 6110 6365 6447 6463 6578 6685 6984 7130 7485 7495 7521 7600 8014 9186 9332 9392 9449 9583 9621 9763 10330 10362 10461 10955 11096 11100 11376 11433 11456 11611 11648 11661 11783 12112 12200 12211 12275 12296 12595 12683 13015 13020 13195 13441 13630 13637 13707 13909 14079 14099 14315 14404 14413 14420 14437 14486 14499 14671 14703 15086 15092 15296 15299 15342 15495 15499 15508 15564
againe: 432
against: 331 1016 1318 1408 1752 1767 1788 1966 2157 2416 2669 2944 3120 3193 3410 3544 3588 3665 3856 3931 4088 4767 5214 5301 5304 5393 5677 6080 6902 6919 6994 7029 7183 7483 7564 7792 8168 8574 8615 8628 8686 9198 9391 9510 9540 9601 10099 10238 10404 10418 10536 11386 11513 11605 11712 11757 11908 11918 12348 12410 12418 12542 12684 12878 13106 13679 14001 14015 14037 14045 14268 14395 15038 15083 15109 15234 15473 15501
age: 2690 2864 4790 7368 8754 10632
aged: 1499 7224 11262
agencies: 7365 10193 10409 10812
agency: 12331
agent: 6996 9344 10377 10478 10927 11028 11375 11380
agents: 4603 12167
ageous: 10212
ages: 2297 3422 6797 10499 11801 14602
aggravate: 4633
aggregate: 6582 13572
aggregated: 1498
aggrieved: 13779
aghast: 3255 5590 10551
agitated: 5018 15343
ago: 729 974 1200 1407 1519 2807 5115 5786 6065 7885 8352 8853 10301 11632
agonies: 773
agonising: 10439
agony: 6485 12552
agrarian: 13570
agree: 7936
agreeable: 13310
agreed: 549 5857 14251
aground: 502
ague: 9450
ah: 1180 2591 2950 3112 4031 4615 5838 6617 7412 9377 9395 9814 9920 9923 9987 11344 14086 14688
ahab: 129 139 4585 4587 4589 4607 5070 5073 5084 5086 5088 5089 5094 5108 5114 5129 5133 5134 5137 5157 5669 5680 5759 5771 5785 5808 5871 5987 6175 6180 6191 6210 6222 6229 6400 7035 7138 7157 7160 7218 7236 7251 7257 7261 7266 7287 7296 7319 7321 7333 7372 7381 7408 7413 7415 7431 7441 7468 7505 7514 7517 7536 7552 7557 7604 7615 7634 7647 8428 8466 8471 8490 8559 8563 8571 8580 8590 8592 8632 8634 8672 8735 8747 9090 9093 9109 9120 9140 9146 9153 9162 9186 9197 9219 9235 9238 9246 9256 9264 9267 9271 9304 9308 9329 9369 9388 9403 9471 9515 9524 9645 9953 10143 10397 10403 10415 10427 10442 10468 10483 10509 10542 10590 11138 11163 11180 11187 11245 11282 11295 11315 11337 11368 11373 11374 11397 11865 11885 11901 11911 11932 11941 11954 11958 11961 11964 11972 11985 12104 12107 12140 12171 12197 12204 12206 12280 12337 12350 12352 12366 12520 12525 12834 12850 12854 12856 12867 12891 12993 13091 13100 13120 13191 13209 13213 13254 13482 15304 15317 15357
ahabs: 180 7365 8526 8754 9586 10097 10399 10471 10476 10487 11277 11384 11901 12331 12917 13003 15325
ahasuerus: 7086 7110
ahaz: 7972
ahead: 6017 11642 12212 12300 12338 12481 12604 13152 15299
ahoy: 819 6391 12285 13177 13198
aid: 8441
aides: 10783
aim: 5583
aimed: 11428
ain: 1153
aint: 1615 1828 2211 4294 4337 5081 5093 5094 5647 6035 6082 7457 7476 7643 9767 11109 12311 14015
air: 658 770 900 929 1183 1252 1364 1769 2637 2838 3187 3378 3538 3692 3959 3974 4005 6543 6942 6990 7081 7300 7309 7334 7373 7626 8445 8474 8531 8536 8698 8745 8820 9081 10460 10972 11343 12009 12070 12075 12141 12351 12465 12466 12474 12921 12999 13086 13170 14092 14159 14355 14754 14861 14959 15275
airley: 1810
airth: 1813 1891
alabama: 7146
alarm: 10366 10595 13542
alarmed: 3873 4617 4999 5207 12119
alarms: 3200
alas: 1486 3804 5294 8604 8716 9419
alb: 10650
albatross: 184 10686 10712 10755 10759 10800 13148 13152 13182
albatrosses: 10764
albert: 15056
albino: 10802 10806 11064
alcoves: 908 6138
aldermen: 13421
aldrovandi: 7701
ale: 6785 7791 15486
alexander: 2625
alexanders: 4164
alfred: 402 6667
algerine: 8221 8265
alien: 241 4713 7838 8748 10735 15228
aliens: 4576
alike: 4455 5188 8387 13598
aliment: 11846
alive: 2318 3719 5325 6184 6245 7244 7593 10322 12221 12238 12511 13430
all: 113 220 369 383 404 475 537 802 833 946 949 992 1014 1020 1031 1033 1035 1044 1057 1066 1084 1093 1095 1109 1138 1156 1160 1167 1178 1223 1232 1235 1243 1251 1341 1397 1491 1493 1507 1517 1535 1586 1589 1598 1647 1654 1664 1720 1728 1755 1770 1782 1787 1797 1866 1880 1891 1894 1983 2005 2021 2028 2038 2039 2050 2073 2101 2107 2124 2134 2200 2201 2235 2240 2254 2276 2292 2308 2316 2335 2362 2383 2452 2457 2486 2496 2504 2505 2527 2554 2566 2593 2597 2602 2607 2622 2624 2793 2810 2812 2857 2866 2933 2962 2985 3002 3034 3036 3051 3054 3056 3064 3068 3081 3093 3109 3124 3127 3163 3179 3196 3205 3207 3229 3234 3237 3260 3293 3304 3315 3316 3333 3348 3370 3377 3416 3420 3432 3467 3478 3507 3510 3622 3636 3675 3697 3708 3767 3807 3812 3833 3847 3887 3925 3928 3937 3958 3964 3968 3975 3999 4045 4058 4078 4084 4090 4109 4154 4168 4187 4212 4268 4273 4340 4349 4394 4403 4408 4410 4453 4467 4474 4481 4493 4522 4554 4575 4602 4660 4684 4714 4732 4743 4746 4748 4758 4760 4762 4764 4799 4865 4876 4877 4986 4987 4991 5001 5011 5052 5067 5074 5093 5125 5151 5166 5186 5187 5188 5191 5205 5207 5222 5315 5318 5321 5325 5331 5359 5374 5383 5410 5419 5441 5448 5453 5457 5476 5540 5550 5553 5555 5603 5634 5649 5674 5676 5681 5708 5732 5745 5767 5769 5771 5772 5799 5805 5809 5812 5821 5822 5831 5869 5870 5891 5899 5905 5920 5932 5933 5962 5967 5976 6081 6090 6107 6134 6184 6205 6210 6211 6221 6227 6229 6245 6267 6303 6306 6328 6360 6383 6394 6401 6456 6458 6460 6462 6474 6485 6499 6519 6521 6538 6549 6553 6564 6575 6589 6606 6607 6634 6641 6650 6681 6685 6697 6729 6767 6789 6800 6805 6815 6845 6873 6891 6899 6907 6909 6915 6919 6921 6928 6947 6957 6973 6982 6994 7004 7052 7070 7105 7106 7116 7120 7132 7137 7165 7183 7207 7210 7223 7292 7297 7309 7313 7323 7348 7359 7364 7461 7482 7489 7526 7554 7555 7556 7566 7597 7625 7639 7664 7683 7708 7725 7727 7737 7740 7750 7755 7800 7806 7812 7816 7828 7839 7845 7878 7882 7917 7936 7980 8008 8018 8052 8090 8101 8105 8111 8193 8201 8234 8284 8305 8321 8360 8395 8397 8400 8405 8414 8466 8470 8503 8507 8509 8522 8565 8593 8628 8656 8676 8684 8692 8707 8712 8726 8782 8785 8801 8884 8917 8930 8936 8964 8970 8975 9013 9025 9039 9041 9077 9090 9101 9114 9186 9191 9229 9251 9257 9267 9277 9289 9332 9348 9369 9376 9384 9440 9508 9515 9546 9567 9569 9606 9611 9620 9672 9674 9681 9683 9711 9722 9774 9813 9898 9911 9963 9974 10015 10059 10071 10075 10078 10083 10100 10106 10117 10154 10159 10162 10176 10177 10186 10192 10204 10236 10355 10363 10404 10406 10409 10417 10418 10419 10420 10421 10429 10448 10457 10481 10489 10510 10524 10530 10536 10540 10543 10570 10574 10576 10581 10597 10600 10603 10611 10627 10649 10657 10688 10700 10786 10799 10807 10829 10838 10853 10892 10902 10913 10931 10939 10982 11013 11036 11038 11045 11049 11051 11057 11058 11063 11064 11166 11188 11275 11281 11296 11300 11329 11384 11450 11454 11503 11509 11519 11538 11623 11648 11649 11658 11681 11716 11768 11777 11800 11812 11853 11855 11865 11867 11876 11886 11902 11923 11928 11933 11954 11957 11968 11984 11988 11989 11992 12008 12021 12046 12069 12094 12120 12140 12172 12200 12206 12216 12237 12243 12259 12266 12277 12298 12311 12327 12330 12341 12354 12389 12458 12469 12473 12513 12515 12516 12517 12528 12542 12558 12562 12617 12624 12650 12666 12675 12703 12704 12708 12738 12781 12786 12791 12792 12815 12836 12856 12862 12865 12872 12883 12911 12920 12935 12957 12974 13015 13046 13049 13058 13091 13102 13116 13159 13161 13199 13233 13236 13244 13257 13264 13293 13302 13310 13311 13335 13341 13347 13353 13367 13376 13406 13419 13427 13430 13464 13530 13542 13547 13553 13566 13570 13586 13604 13624 13638 13683 13731 13743 13754 13758 13763 13770 13776 13779 13786 13793 13801 13872 13898 13902 13917 13938 13955 13972 13986 14004 14018 14065 14156 14161 14168 14171 14180 14207 14208 14230 14248 14250 14253 14263 14341 14351 14367 14369 14420 14425 14491 14498 14520 14575 14578 14590 14594 14611 14652 14658 14706 14712 14742 14746 14755 14766 14777 14788 14795 14827 14842 14853 14892 14897 14909 14925 14998 15075 15121 15151 15175 15181 15195 15247 15254 15260 15326 15330 15364 15386 15403 15423 15454 15523 15530 15558 15574
allah: 180
allay: 7200
alleged: 6523 14695
alleghanian: 1690
alleghanies: 10729
allegiance: 15037
allegory: 11547
alley: 6273
alleys: 1032
allies: 14160 14435
allow: 2445 4367 5285
allowed: 3179 4360 5208 6276 11785
allowing: 13740
alluded: 6107 8464 11725
alluding: 13786
allured: 13081
allurements: 11052
alluring: 13029 15279
allurings: 7334
allusion: 7247 10709 11279
allusions: 306 7664 7728 7999 11630 12529 12531
ally: 4744 4801 7888 8102 8980 11287
almighty: 1907 12657
almightys: 3382
almost: 232 992 1038 1077 1347 1461 1538 1548 1701 1923 2093 2232 2462 2876 3086 3137 3186 3511 4003 4047 4530 5106 5319 5320 5937 5941 6288 6315 6359 6399 6503 6549 6841 6975 6978 7079 7174 7179 7309 7350 7387 7462 7662 7718 7828 7886 7948 8105 8111 8159 8234 8410 8650 8703 8768 8901 9111 9188 9432 10148 10234 10317 10403 10569 10599 10930 11156 11164 11192 11655 11703 11706 12481 12554 12771 12890 12989 13013 13092 13171 13192 13471 13767 13874 14593 14786 15029 15282 15329 15344 15420 15451 15491 15517
alms: 8573
aloft: 328 1018 1126 6375 6960 8823 8905 8988 8992 10020 10080 12064 12970 13096 13844 15314 15452
alone: 233 1502 3432 3442 3768 4183 4184 5377 6480 6646 7636 8041 8128 8507 8738 9424 9524 10180 10916 15029 15186
along: 1428 1766 1912 1918 3367 3880 3884 4265 4350 4352 4689 4698 5030 5042 5479 5564 5849 6307 6453 7135 8065 8212 8498 8850 8864 10113 11099 11228 11239 11241 11766 12343 12368 12550 12584 12783 13000 13005 13048 13105 13642 13737 13775 13903 13914 13940 13968 14162 15090
alongside: 6351 6391 14569 14879 14964
aloof: 1675
alow: 10020
alps: 4190 8911
already: 1265 2891 4392 4863 5999 6647 7059 7657 8031 10371 12892 13778 14323
also: 394 562 794 1945 2604 3506 3810 4617 4653 4728 4873 4950 5150 5399 5921 6520 7508 7892 7895 8049 8169 8371 8610 8826 8953 9104 10231 10560 10572 11158 11190 11292 11453 11626 11945 12375 12381 12468 12876 12940 13004 13376 13738 14520 14532 14540 14784 15011 15229 15243 15411 15502
altar: 5788 10641
alter: 12437
altered: 4763
alternately: 15385 15503
alternating: 12049 12348
although: 10258 12850
alti: 9011
altitude: 13385
altitudes: 10963
alto: 766 11715
altogether: 323 1468 2061 2337 3480 3658 4713 5306 7803 8322 8524 8775 10282 10909 11476 11870 13640
always: 1163 1182 1804 2422 2484 3527 3699 3922 4341 4533 4824 5067 5082 5909 6798 6845 7042 7368 7460 7975 8068 8228 8238 8243 8382 8442 8952 9673 9954 10524 10789 11810 11827 12152 12446 12837 13409 14320 14390 15487
am: 318 1097 1106 1238 1241 2059 2203 2663 3281 3349 4592 4647 4794 4889 4890 4891 4952 5632 6499 6652 6750 6857 7415 7427 7587 7764 7771 7782 7861 8622 9303 9573 9583 9687 11465 11652 11683 11825 11829 11839 12711 12749 13200 13519 14025 14226 14468 14513 14817 15036
amain: 13186
amaz: 3869
amaze: 11757 14699
amazement: 2408 12187 12322 14208
amazing: 11672
amazingly: 1275
ambiguous: 5868 12277
ambition: 4748 9040 12391
ambitious: 1461 3755 6724
amen: 11802
amend: 10241
ameri: 6593 7935 8368
america: 576 2607 4167 6563 6631 10633 11747 13569
american: 925 1045 1281 1959 7115 7117 7119 7121 7929 8044 8307 8389 8736 8767 10217 10294 10878 10885 11633 13325 14927 15060 15419 15460 15467
americans: 7115 7204 13317 14924
amid: 3215 9371 10386 10783 11358 15527
amittai: 3065
among: 375 381 784 915 1070 1230 2025 2507 2515 2542 2777 2787 2819 2860 2866 2983 3064 3095 3199 3524 3773 3796 3802 3814 4165 4189 4350 4388 4433 4718 5600 5763 5947 6401 6498 6504 6533 6915 7084 7227 7249 7370 7530 7678 7770 7830 7854 7863 7873 7916 7984 8008 8082 8090 8105 8227 8257 8397 8529 8775 8791 8928 8974 9147 9152 9514 9824 10206 10216 10628 10632 10651 10813 11262 11366 11520 11567 12324 12826 12912 12924 13394 13502 13543 13669 14245 14363 14426 14579 14666 14955 15105 15157 15392
amount: 1149 4880 6760 8890
amounted: 766
amounts: 6517
amours: 12941
amphibious: 7826
amphitheatrical: 15087
ample: 8629
amputated: 14698
amputation: 15009
amputations: 10152
amsterdam: 9768
amuck: 14116
ana: 9552
anacharsis: 7136
anaconda: 10078 14612
anacondas: 15336
anak: 15394
analogous: 8143
analogy: 15187 15256
analyse: 10849
analysed: 10695
analytic: 11985
anatomical: 7761 14874
anatomy: 7687 8023 8026
ance: 3321 13190 13802
ancestress: 6680
anchor: 1917 3297 4207 4665 5565 6239 6256 6270 6289 6312 6640 9773 14028 14632
anchored: 1540 10914 14440 14956
anchors: 11523 15118
ancient: 311 3086 4440 4464 5549 8167 8779 10414 11738 13489 13592 14590 14651 14819 15042
andes: 2476 10961
andirons: 2106
andli: 1052
andrew: 6926
andromeda: 14618
anew: 6984 13654
angel: 1151 1356 2951
angels: 2168 2947 7150 10747 12939
anger: 9353
angle: 1544 2891 4763 9593 13440
angles: 8107
anglo: 251
anguish: 3214 6900 9547 10442 11360 13077
angular: 7964
animal: 236 588 614 677 782 7678 9280 10985 11664 13684 14746 14781
animals: 585
animated: 4155 8160 14694 15365
animation: 9163
animosity: 10438
ankles: 10152
annals: 416 10722
annawon: 11532
annihilation: 3214 11032
anno: 541
announce: 11922
announced: 1688 13015
announcement: 4320
announces: 8483
announcing: 5492 12083 12975
annual: 9260 10647 11288
annuitants: 4701
annus: 498
anoint: 6752 6753
anointed: 3359
anointing: 6757
anoints: 6756
anomalously: 4712
anon: 1486 6327 9128 12017
anonymous: 6600
another: 880 1295 1550 1757 1771 1855 2579 3119 3151 3277 3596 3918 4192 4471 4750 4751 4784 5273 5954 6364 6448 6584 7279 7311 8064 8103 8134 8182 8606 9836 9974 10445 10527 10595 10861 10929 11208 11611 11663 11773 11932 11960 13191 13365 13405 13470 13897 14227 14251 14535 14667 14799
answer: 1197 1572 1626 2068 2322 3276 3277 3278 4641 5193 5546 5988 8831 9672 13260 13379 14300 14786
answered: 731 745 1809 2622 3148 3827 3838 6067 6170 13358 13516
answers: 8144 15185
ant: 4163 6142 7017 9569
antagonistic: 13000
antarctic: 7069 10713 10766 10970 15108
ante: 11279
antediluvian: 14617
antics: 2124
antidote: 8167
antique: 2807 10495 14636
antiquities: 4467 10496
antiquity: 6718
antly: 8813
antony: 13913
ants: 5170
anvil: 7874 15065
anxieties: 6791
anxiety: 6500 12876
anxious: 1301 3612 5863 6363 11973 13647 14370
any: 307 550 551 682 1038 1197 1405 1459 1584 1629 1716 1923 1959 1961 2029 2376 2407 2443 2547 2771 2923 3150 3160 3371 3583 3676 3749 4036 4330 4477 4620 4678 4682 4988 5038 5064 5133 5217 5260 5334 5396 5398 5506 5729 5824 5927 5957 5998 6268 6507 6621 6692 6694 6721 6723 6728 6792 6841 6876 6882 6890 7007 7167 7171 7186 7221 7252 7336 7720 7750 7759 7763 7828 7835 7838 8004 8008 8017 8048 8053 8059 8102 8311 8345 8348 8410 8627 8703 8739 8818 8843 8897 8940 9018 9200 9969 10115 10149 10170 10183 10215 10269 10485 10537 10544 10595 10675 10708 10931 10988 11230 11232 11272 11289 11323 11325 11419 11478 11655 11674 11704 11721 11821 11890 11926 12119 12190 12351 12401 12420 12460 12840 12860 12895 12909 13085 13086 13210 13240 13262 13296 13315 13365 13381 13422 13432 13467 13568 13601 13607 13643 13656 13657 13670 13761 13768 13777 13936 14117 14122 14252 14301 14603 14700 14717 14778 14795 14799 14999 15004 15005 15038 15178 15184 15186 15283 15336 15366 15373 15445 15490 15526 15529 15572
anybody: 1718 2444 8061 8738 13323
anyhow: 5082 5821
anyone: 1391 5122 8997 11184
anything: 1151 2281 2446 2524 3996 4451 4476 5539 5725 5778 5828 5961 6064 6725 7006 8334 8730 8772 8894 10195 10990 11639 12483 13445 14122 14850 15030 15154
anyway: 3171 7455
anyways: 306 14591
anywhere: 2493 5108 6838 7091 10224 13409 14855
aorta: 670
apart: 2673 3980 8380 10882 12576 13036 13359
apartment: 1720 2355 3688
ape: 1745
apex: 4511 8804
apiece: 2630
apollo: 2553
apology: 408
apoplectic: 5209
apoplexy: 5223 5232 10922
apotheosis: 6488
appal: 3391 7773 14371
appalled: 3286 3362 10601
appalling: 10536 11028 15257
appallingly: 10178
appals: 3204 10832
apparatus: 8940
apparelled: 4477 5706
apparent: 10365
apparently: 4308 14112 15564
appari: 10734
apparition: 6297 6542 10260 10846 13039 15340
appeals: 10859 11023
appear: 587 11560
appearance: 898 4527 8240 11661 12328 13160 15160
appearances: 6222 10457 10929
appeared: 381 2777 3497 3509 4075 5235 13017
appearing: 311
appears: 304 461 10195 11213 14568
appellation: 7902 10352
appellations: 8309
appellative: 5620 7996
append: 6511
appetite: 8612
appetites: 4315 8657 11946
apple: 5432
appliance: 935
application: 860 7015 15047
applied: 2528 4429 11720 14179 14686
applies: 10618 11261
apply: 3594
applying: 2116
appoint: 9476
appointed: 12121 13073
appointments: 7476
apportioned: 12855
appre: 7006 7217
appreciative: 7662
apprehension: 3122 10925
apprehensions: 5870 13044
apprehensiveness: 7181 13656
approach: 608 8097 10931 14443
approached: 2881
approaches: 13585
approaching: 6270 7958 8894 11192
appropriate: 2108
approv: 9174
approval: 9162
approved: 4705
approximate: 8977
apricot: 13916
april: 7329 11213
apt: 11887 11907 13320 14320
aptitude: 14919
aqueous: 4170
arabs: 12808
arbitrary: 11234
arbour: 9902
arc: 4061
arch: 724 1150
archangel: 10739
archangelical: 10734
arched: 237 1534 1547 3001 10716
arches: 907 13870
archi: 8332
archiepiscopacy: 14536
archipelagoes: 6592 13582
architect: 2892 7765
archseo: 8791
archy: 11089 11093 12214 12216
archys: 12323
arctic: 911 3693 7026 7928 14944
area: 2892 4344
arethusa: 10314
argo: 15109
argue: 5403 7603
argued: 5418 12826 12830
arguing: 5186
argument: 7806
arid: 6788 10911 11476 15143
aright: 3702
arise: 3246
arisen: 4532 8617
arises: 6832 10696
arising: 8346 13312
aristotle: 7700
arities: 11480
arity: 14783
ark: 1540 10739 13392
arkansas: 10395
arly: 11481
arm: 1261 1911 2231 2235 2238 2240 2242 2294 2315 2319 2334 3501 4076 4359 5261 5613 5719 5771 6906 6917 6925 7286 8723 9454 10578 12350 12354 12417 13932 14025 14227 14276 15314 15449
armd: 702
armed: 581 791 1513 3901 4173 7037 13599 14114 14156 14915
armies: 15104
armour: 6316 14584
arms: 2071 2409 3330 3413 4003 4063 4767 6096 8704 8819 9283 9605 9903 12545 14093 14300 14475 15302 15334 15375 15377
army: 7117
arose: 15294
around: 652 776 900 1014 1821 2184 3454 3665 4073 4089 4443 10392 10786 11063 12465 12610 12643 13054 13886 15517 15541
arpens: 376
arrah: 10025
arranged: 5822
arrangement: 6948 15475 15488
arrantest: 1670
array: 1508 2477
arrayed: 2880
arrested: 3104 14214
arriv: 5061
arrival: 5940 5978 8641
arrive: 1459 1953 2564 11191 11311
arrived: 1263 1878 2675 3807 4102 9686 13554 14486 14495
arriving: 4798
arrogance: 8564
arrow: 7077
arrows: 13009
art: 431 465 2592 2640 4549 4599 4639 4981 5074 5505 5544 8463 9055 9300 10816 11247
artedi: 7703
arter: 1912
artful: 795
article: 5978 7914 7915
articles: 606 4431 4860 5723 5904 5929 5977 15016
articulated: 14779
artificial: 466 14790
artificialness: 8530
artist: 1055 1462
artistic: 14898
artists: 1497
arts: 3802 5332 8441
ascend: 8945
ascended: 7170 8851 9094 10714
ascendency: 11888 11889
ascending: 2906 3829 8998 9818
ascertained: 11190
ascribable: 8971
ascribe: 6729 6913 10140 10413
ascribed: 7195 10523 11672
ascrip: 10611
ash: 1345 12902
ashantee: 13876
ashes: 1347 2121 2172 2790 9070
ashore: 599 639 1719 2460 2474 3887 4207 4799 4899 5898 5909 6990 7470 8778 9972 10373 10517 10754 11318 11440 11472 11493 11581 13917
asia: 515 8785
asiatic: 12925
asiatics: 598
aside: 2325 2642 5010 5403 9380 9618 9697 9987 10593 12346 14398
ask: 3275 3557 4221 6179
askance: 14371
asked: 3819 3837 3886 4085 5435 5986 10751 12937 14313
aslant: 12446
asleep: 3244 3699 7480 12243
aspect: 3342 4518 7198 7266 7442 7879 7959 8143 8297 9129 9467 10354 10682 10788 10807 10814 10831 11645 11660 12042 12162 12834 13123 13196 15573
aspects: 10811 11019 14961
asphaltic: 1316
ass: 7439
assailable: 10428
assailants: 10132
assailing: 11775
assault: 846 7045
assaulted: 701
assaults: 4160 10151 10306 10321 10362
assembled: 2782 3929 9143
assembly: 3994
assented: 3166 3848
assert: 6579 10762
asserted: 4211 7250
assertion: 8791 13387
asses: 4233
assigned: 3930 12895 13759
assigns: 15388
assist: 14432 15488
assisted: 8665
associated: 10990
associates: 14108
associations: 6651 10658 10674 10853
assume: 8440
assumed: 11387 11512 12834
assumes: 7831
assuming: 10700 13092
assumption: 8415
assurance: 2486
assure: 1142 3114 4354 5126 6540
assured: 3891 4213 5191 11196
assures: 10953
assuring: 14456
ast: 12722
astern: 1185 6287 7348 12618 12683 13413 14408
astir: 113 5891 5967 6182
astonish: 10178
astonished: 2541 9136
astonishment: 780 2154 2543 3456 3460 5012
astro: 8799
astronomers: 8803
asylum: 9026
ate: 3501 8620 10116 10825
ated: 1503 7985 13824
ately: 7917
atheism: 11038
athirst: 1044 2566 10232
athletic: 13758
ation: 8019
atlantic: 710 2623 3086 4165 4768 5352 6342 6430 7950 13344 13584 13610 13633
atmosphere: 1187
atmospheric: 11981 12467
atrocious: 13962
attached: 8350 11692 11780 15484 15490 15511
attack: 603 802 10539 11459 11664 14037 15137 15380
attacked: 749 10137 11788
attacking: 14830
attacks: 773 11640 14858
attain: 8138
attained: 1476 11281 13391
attaining: 2492
attains: 7956
attempt: 1545 4046 7742 8000 10261 13959 14221 14643
attempts: 2309 11203 12650 14658
attend: 494 4208 4273 5991 6141 7661 9440
attendance: 15316
attendant: 12013
attended: 573 10371 13082 13552 13744 15283
attending: 1235 5237
attends: 644
attention: 2087 2529 11981
attest: 6713
attested: 2858 7786
attitude: 12457 14277
attitudes: 3260 9711 14829
attract: 1035
attracted: 6162 8979
attraction: 8970
attribute: 10813
audacious: 4722 10554 12523 13606
audible: 4854
auger: 7284 9133
aught: 4447 7161 7292 7369 10183 10364 10756 10853 10928
augment: 7125 15201
august: 2636 2754 6903 7351 10638 14677
aunt: 5958 5959
aunts: 3758
austere: 13610
australia: 6632
australian: 6638
austrian: 10615
authentic: 309 11628 14729
authenticated: 13450
author: 6660 6663 7706 8181
authoritative: 10300
authoritatively: 7838
authorities: 7670 8320 11809
authority: 2979 4496 4518 7716 8358 11840 12919
authors: 311 7700 7711 8166
auto: 14534
auxiliary: 10817
avail: 5186
available: 8030 8440
availle: 432
avast: 1573 5280 5287 5644 6021 7431 9751 9765
avatar: 14608
avenger: 14333
avenues: 1032 2636 10914
averages: 8109 8137
avers: 8181
averse: 13529
averted: 2006
avocation: 14602
avoid: 601 7432 13272
await: 13097
awaited: 13528
awaiting: 3303 15328
awake: 2285 3699 3710 5384 14065
awaken: 10594
awakened: 3057 5012 12316 12884
aware: 4864 4874 6041 7861
away: 811 1326 1522 1592 1692 1745 2004 2157 2193 2298 2306 2312 2980 3151 3332 3403 3447 3733 3748 3878 4060 4107 4562 4853 5136 5237 5652 5702 5855 6215 6396 6424 6823 6943 7208 7222 7224 7321 7432 7582 8069 8407 8495 9068 9168 9394 9450 9849 10327 10331 10399 11120 11419 11734 12024 12060 12089 12109 12176 12177 12792 12899 13059 13206 13213 13279 13354 13543 13700 13721 13823 14007 14451 15442 15557
awe: 1141 5150 5151 6445 10222 10790 12548
awful: 2298 2312 3026 3358 7773 8579 8632 10495 11293 13044 13813 14504 15566
awfulness: 10929 15210
awhile: 1794
awing: 3505
awoke: 2242 10751
awry: 3205
axe: 2568 5247 5255
axis: 3193 9453 15447
ay: 821 826 2829 3242 3283 4589 5092 5118 5718 5763 5801 6172 6837 7272 7452 7525 9256 9257 9260 9277 9279 9281 9284 9285 9293 9379 9541 9576 9610 9697 9698 9763 9807 9964 9988 10501 11109 11954 12045 12209 12305 12307 13697 13723 13859 13999
aye: 3967 5635
azimuth: 8976
azore: 9816 9827
azores: 7124 11627 12951
azure: 2953 15243 15291
b: 625 1658 11569
babbling: 14090
babel: 8783 8789
babes: 12512
babies: 7481
bably: 2395
baby: 2092 2094 2327 15199
babylon: 8540
bachelor: 1719
bachelors: 6248
back: 461 1466 1634 1768 1937 2059 2073 2091 2273 2284 2334 2600 2856 2942 3656 3820 4001 4007 4047 4319 4366 4491 4656 4672 5069 5719 5860 5956 5982 6049 6390 6438 7145 7448 7521 7550 7583 7623 7723 7808 7857 7945 7947 7956 7963 7973 7982 7983 8006 8043 8055 8059 8211 8282 8285 8664 9078 9376 9448 10368 11339 11515 11714 11776 12210 12212 12430 12635 12751 13132 13434 13707 13830 13932 14205 14209 14243 14392 14397 14475 14481 14625 14745 14861 14892 15358
backbone: 6303
backbones: 12224 12515
backed: 7856 8011 8012 11975 12125
background: 4109 11917 14958
backing: 1360 4606 12755
backs: 4125 12490 14180 14633 14667
backstay: 13953
backstays: 13844
backward: 2444 3776 5976 12350
backwoods: 13612
backwoodsman: 10966
bacons: 419
bad: 1655 1779 2900 5127 5412 9448 9719
bade: 12474
baden: 14653
badge: 6521 10833
badger: 7583
badly: 2120 5416 7045 8608
bag: 78 1258 1260 1290 1304 1379 1945 2004 2007 2040 2045 3106 3877 8291 14296
baggage: 3105 5231
bagged: 2130
bagging: 2132
bags: 9585
bailiff: 10825
bake: 1123
baked: 6784 7463
baker: 8671
bakers: 5920
bal: 4480
balaene: 376
balancing: 12377 14863
bald: 2049
bale: 12650
baleen: 544 7914 7956 7983 7985 8001 8006 8013 8026 8027 8051
baleful: 13956
baleine: 283 7924
bales: 3195 3234
ball: 890 989 7415 9871 9872 12062 14316 14557 15569
ballast: 13449
ballena: 285
balmed: 1879
bals: 4091
baltic: 9948
baltimore: 8824
bamadans: 5433
bamboo: 3929
bamboozingly: 1816
bamboozle: 5830
band: 7388 7389 12418 12446 13730 14435
bandaged: 14214 14258 14391
bandana: 5516
banded: 6564
bands: 12151
bang: 9831
banished: 7796 7981
banister: 7396
bankers: 5921
bankrupt: 8671 8882
banks: 610 7930 13586 15157 15158
banner: 4169
banquet: 3943 8576
bantam: 14186
bantering: 9644
banterings: 13695
baptized: 3832 5530 7921
bar: 1545 1634 1652 1742 2435 2450 4477 7144 13869
barbarians: 8729 13590
barbaric: 7105 7185 7269 8701 10609 12429 13943 15055
barbarous: 1240 6635
barbary: 11840
barbecue: 5448
barbed: 644 3835 6682 9509
barber: 3867
barbs: 3886 9487 10303
bare: 10874 10890 14049 15170
bareheaded: 15303
barely: 11970
barest: 7330
baric: 4478
bark: 7242
barnacle: 4080
barnacled: 7660 14879
barometer: 13124
baron: 679 7704 8660 10235 14714
baronial: 8696
barques: 1112
barred: 2475
barrel: 534
barrels: 4365 9306 13358
barren: 2641 7978 13246
barrens: 13269 13276
barricade: 13975 13982 14004 14050
barrow: 3884 3906 3912 3914
bars: 12798
bartering: 11734
base: 3413 4485 7569 8442 11363 11933 12387 12681 15079
based: 1498 7939 8791
bash: 5790
bashful: 2508
bashfulness: 2501
basis: 8003 8019 13387
baskets: 12131
bathed: 1063
bationary: 13941
baton: 2427
batteries: 13587
battering: 7029 7582 9542
battery: 1000 1590 6541
battle: 463 693 1210 5439 5448 7034 10109 10138 10180 10212 10271 12564 14752 14917 15105 15236
battled: 6605
battlefields: 6537
battles: 14913
bawling: 4301
bay: 3764 7090 8853 9773 11270 11322
bayonet: 5720
beach: 1076 4109 4147 4350 8560 8855 11508 12490 13608 14391 14477
beached: 14484
beaches: 6604 13590
beak: 2959
beaked: 7988
beakers: 9692
beale: 7679 7705
beales: 789 7743 14825 14827
beam: 12091 13134 15550
beamed: 2947
beams: 1537
bear: 1144 1493 2952 2965 3232 4766 6486 6919 6921 6930 7561 8531 9924 10485 10677 10683 10692 10699 10829 11910 14518 14520 15158 15187 15439 15464
beard: 4812 13685
bearded: 4456 10495 11333 13164
beards: 1648 2456
bearer: 12431 12656
bearers: 9476 9491
bearing: 3478 4987 7981 8805 10367 10614 12560 12676 13802 14861 14873
bears: 1649 2508 6764 8749 10805 10943 13903 14047 14667 14780
bearskin: 2668 5371
beast: 368 404 473 8183
beasts: 7075 10982 13165 13595
beat: 2951 3256 5561 6110 7150 9540 9650 9784 9869 13086
beaten: 3380
beaters: 10733
beating: 383 1356 2943 4227 7148
beats: 2554
beautiful: 2637 7611 9063
beauty: 10606 13714 14372 15244
beaver: 2046 2368 2577
becalmed: 14899
became: 1297 1693 2351 3286 3662 7174 7305 7899 8438 9183 10479 11360 11476
because: 1086 1151 1163 1182 1273 1318 2360 2769 2871 3056 3087 3671 3701 3717 3891 4362 5129 5181 5398 5458 6755 6878 7025 7120 7399 7759 7826 8104 8116 8237 8781 9671 10096 11316 11562 11849 12255 13140 13338 13379 13439 13548 14643 14841 15158 15159 15458 15553
becket: 4466
beckoned: 11365
beckoning: 13040 13088
become: 1679 1796 2483 3737 4534 6646 7251 7941 8445 8856 10470 11281 13098
becomes: 5400 9068
becoming: 4787 12572 15424
bed: 1392 1573 1578 1631 1710 1717 1718 1745 1754 1778 1787 1800 1810 1856 1905 1906 1907 1922 1935 1937 1949 1970 1986 2002 2136 2152 2175 2194 2210 2214 2254 2256 2273 2336 2350 2362 2373 2390 2414 2630 3210 3635 3639 3653 3669 3677 3701 3713 3717 4209 4274 4357 4382 5212 5227 5354 5368 5406 5710 7457 8896 10633 11369 15378
bedded: 15444
bedfellow: 1862 2012 2439
bedfellows: 1796 3569
bedford: 1263 1270 1276 1296 2545 2554 2556 2597 2608 2628 2640 2644 2660 3957 6439 15012
bedroom: 4426
beds: 5915 9592
bedside: 1977 2296 5388
bedstead: 1940 4477
bedward: 1730
beech: 942 13600
beef: 4884 5942 6848 8571 8585 8624 8700
beefsteaks: 2522 2529
beelzebub: 12907
been: 313 470 728 738 746 783 908 1140 1237 1277 1381 1535 1732 1878 1965 2012 2025 2035 2074 2144 2201 2233 2250 2382 2384 2437 2450 2460 2462 2506 2541 2598 2599 2854 2861 3082 3097 3098 3499 3675 3696 4384 4550 4558 4568 4627 4629 4709 4731 4758 4832 4894 5034 5089 5090 5124 5137 5229 5315 5322 5389 5440 5448 5526 5530 5690 5710 5941 5992 6108 6201 6310 6521 6554 6590 6786 6859 6865 6867 6976 6988 7045 7091 7271 7401 7402 7464 7494 7506 7524 7726 7927 7937 7947 8045 8276 8485 8539 8540 8542 8585 8589 8715 8973 8986 9053 9056 9265 9669 10094 10134 10135 10144 10277 10281 10284 10301 10302 10305 10307 10366 10377 10412 10431 10476 10590 10627 10639 10768 10815 10868 11122 11150 11204 11219 11221 11263 11278 11279 11286 11314 11384 11433 11435 11437 11453 11473 11474 11607 11775 11779 11781 11810 11824 11827 11838 11850 11856 11868 11951 11973 12119 12152 12374 12455 12461 12826 12919 12966 13017 13096 13130 13158 13206 13217 13256 13259 13394 13451 13555 13570 13623 13649 13688 13744 13757 13759 13760 13838 13906 14161 14230 14288 14366 14491 14496 14605 14743 14826 15046 15190 15321
bees: 15303
befallen: 15196
befell: 2248
before: 329 384 705 777 982 1068 1126 1296 1315 1327 1433 1631 1795 2005 2115 2142 2272 2290 2781 2826 3146 3322 3323 3443 3444 3634 3714 3830 3946 3988 4063 4117 4308 4317 4326 4344 4470 4579 4605 4627 4789 4810 4860 5011 5068 5173 5207 5216 5369 5396 5610 5704 5767 5769 5772 5906 5913 5943 6084 6241 6253 6288 6551 7108 7114 7144 7146 7177 7256 7296 7445 7667 7741 8243 8381 8455 8466 8563 8566 8625 8632 8732 9022 9191 9241 9287 9395 9412 9444 9452 9466 9487 9569 9772 10228 10364 10408 10478 10656 10747 10753 11059 11143 11144 11147 11166 11317 11646 11649 12110 12217 12294 12594 12714 12996 13050 13060 13063 13082 13089 13118 13127 13205 13209 13216 13236 13244 13436 13546 14008 14141 14165 14232 14300 14381 14445 14551 14603 14716 14948 14995 15292 15497 15539 15571 15580
befriend: 8832
befriended: 14487
befriending: 4391
beg: 7109 14540
began: 1628 1671 1701 1728 1787 2003 2154 2165 2392 3452 3541 3548 3663 4343 4861 5049 5207 5357 6163 6351 7304 8668 9181 11755 13054 13707 15248
begat: 5869
beget: 1861 8401 8940 10501
beggar: 5817 14994
beggars: 9480
begged: 2403 3735 4079 11679
begging: 14308
begin: 1098 3456 7394
beginner: 8903
beginning: 1981 5407 10147 10412 11303 11693 12332 15415
begins: 2417 3966 3967 8074 8217 10707 11694 13646
begone: 7439
begotten: 6584
begun: 8311
behalf: 6739
behaviour: 3274
beheld: 10704 10765 12970 14366 15351 15364
behind: 492 600 1279 3301 4001 4504 5503 5863 6022 7211 8432 9336 9584 10458 10476 10984 11032 13236 13436 13830 13975 14898 15147 15312
behold: 2413 2870 3297 5214 7086 7774 14865 15426
beholder: 14912
beholdest: 11002
beholding: 8245 10969 11033 12082
beholds: 15171
behring: 4153
being: 562 601 682 801 845 848 898 1115 1168 1170 1224 1436 1695 1726 1963 1983 2005 2062 2203 2213 2393 2399 2839 2898 3178 3359 3450 3459 3482 3701 3821 3841 3855 3930 3933 3943 3948 4050 4271 4297 4315 4317 4519 4700 4795 4874 4901 5414 5862 5894 5994 6266 6616 6783 7037 7205 7294 7740 7880 7895 7907 8135 8186 8280 8644 8730 8935 8938 8944 8979 9010 9400 10068 10641 10642 10646 11363 11370 11377 11387 11399 11558 11587 11609 11642 11657 11729 11788 12069 12586 12853 12864 12895 12952 13175 13428 13448 13529 13530 13549 13552 13666 13758 13762 13778 13787 14124 14220 14333 14431 14437 14603 14804 14999 15159 15362 15457 15459 15509 15547 15549 15557 15571
beings: 2793 3503 3995 13084
belfast: 10023
belial: 5635
belie: 4308
belief: 5555 8791 10243
beliefs: 12704
beliest: 5666
believe: 1178 3019 5346 5399 11198 11847 14014 15174 15368
believed: 7080 10307 10315
believing: 13527
belike: 3118 9871
belisarius: 11807
bell: 2589 2994 5636 9752 9831 9832
bellied: 4787
bellies: 8656
bells: 9741 9751 9756
belly: 534 3049 3306 3372 8064 9784
belong: 5551 5553 7124 15393
belonged: 839 2296 5601 7050 12778 14091 15378
belongest: 318
belonging: 1941 1943 13852 14053
belongs: 1858 4600 8737 15211
beloved: 2788 3040 5963
below: 4690 4932 6229 6386 7171 7389 7407 7417 7507 8289 8524 8582 8821 8832 9611 9756 9824 10714 11716 12106 12192 12782 13141 13175 14069 14093 14235 14290 14884 15372
belshazzar: 8539 8540 8547
belt: 2578 4152 10633 13114
belted: 997 4121
bench: 1590 1735 1744 1761 1764 1766 3444 3553 8688
benches: 1021 2984
bend: 3715 6824 9481
bended: 8178 8181
bendigoes: 9581
bending: 3667
beneath: 692 1538 1548 2786 2868 3188 3414 4730 8865 10183 10286 10398 10493 10496 10651 11366 11770 12115 12467 12468 12622 12680 12999 13046 14860 15108 15242
benediction: 3430 3443
benefit: 14679 14692 14720
benevolent: 4403 6122 6639
bengal: 11322
benignity: 10632
benjamin: 6678 6681
bennett: 851 7705
bennetts: 805 7743
bent: 2341 6822 7591 9150 10552
benthams: 14774
bepatched: 13166
bequeatbefc: 7
ber: 4937
berlin: 737
bermudas: 554
bernard: 14703
berth: 3180 3201 3218 3243 6284 7385 14216 14257
berths: 7371
beseech: 5635
beside: 4826 7112 11148 13129
besides: 367 543 1226 1276 1729 1940 2211 2560 2561 3478 3711 3848 5418 5928 6138 6846 8627 10627 11207 12792 12900 13308 13323 13383 13756 15075
besieged: 14241
besmoked: 1455
bespeak: 727
bespeaking: 2589 12339
bess: 8174
best: 396 1384 2283 2418 2491 3129 3554 3576 3709 4212 4409 4684 4924 6112 6516 7131 7635 7670 7715 7836 8102 9375 11809 12298 12521 12994 13549 13700 14202 14445 14515 14717 14806 14827 14838 15066 15407
bestir: 6960 8613
bestirred: 6188
bestirring: 12867
bestow: 9498 10706
bestowal: 8235
bestowed: 7903 8200 12710
betake: 14090
bethink: 933 4319 5049 9866 10686 15529
bethinking: 7515 13817
betoken: 13919
betokened: 5896
betokening: 3964
betrayed: 12440 13664 14288 15321
better: 791 1019 1197 1576 1832 1904 2204 2219 2364 2839 3716 3804 3915 4215 4881 5126 5558 5560 5732 5767 5957 5989 6139 6481 6677 7202 7756 8003 10530 11535 12874 13106 14096 14617 14622 14826 15403 15535
betty: 5275
between: 1167 1201 1520 1592 1767 2051 2106 2152 2269 2941 3581 3640 3691 3698 3871 3932 4195 4818 4999 6023 6338 6428 6561 6597 6622 7046 7358 7418 7431 7559 7934 8354 8385 8570 8865 8867 10143 10305 11247 11436 11563 11641 12015 12018 12050 12249 12508 13188 13321 13764 13942 14284 14285 14338 14403 14757 15502
beverage: 3946
bevy: 4031
beware: 6412 9017 9021
bewitched: 1463
beyond: 1356 1808 3371 4114 6128 6332 6356 7288 8303 8825 9340 15115 15122
bible: 2958 3039 4184 4908 6205 7700
bibles: 14629
bibliographical: 8039
bid: 7150
bidden: 1240 3360 8644
bidding: 3382 6216 12414 13807
big: 1907 1923 4033 9258 10013 10079
bigamist: 3117
bigger: 4312
biggest: 374
bigness: 8195
bigotry: 9129
bildad: 4601 4698 4708 4754 4758 4765 4772 4788 4794 4805 4824 4831 4834 4837 4841 4844 4850 4852 4900 4905 4914 4916 4921 4930 4943 4948 4953 4963 4972 4973 4979 4989 4995 4996 5010 5020 5023 5033 5037 5093 5116 5502 5513 5534 5544 5590 5592 5625 5644 5655 5685 5899 5963 5975 5976 5991 6206 6215 6219 6246 6264 6269 6275 6293 6308 6321 6353 6354 6362 6389 6392 6399 6423
bildads: 5584 5640 5948
bility: 10756 11283
bill: 1202 3120 3124 3868 8146 8885 10716
billeted: 13787
billiard: 13868 13904
billow: 3049 3249 9378
billows: 3420 4195 8242 9528 10330 12465 14626 15339
bilocular: 7797
bin: 8975
bind: 4605 9658
binnacle: 7509 8499 8970 9111 12482
bio: 871 12952
biographical: 97 3746 3782
bird: 1810 1811 10752 10757 10758 10762
birds: 313 5278 8988 10764 13070
birth: 4744 7264 9973 10163 10187 10389 11395
biscuit: 2115 2121 3633 4313 6639 6784 14078
biscuits: 11104
bishop: 15383 15384
bison: 9419 11006
bisons: 11000
bit: 876 1056 1741 1965 2115 2416 3623 4436 4438 4442 4626 8623 11852 12462 15045 15052
bite: 12240 12516
biting: 7207
bitingly: 1300
bits: 4116 12250 12905 15118
bitter: 1583 2268 2396 2789 4796
bitterest: 6464 9868
bitterly: 2591 13557
bitterness: 13680
bitts: 9820
bivouacks: 12762
black: 1354 1355 1356 1401 1471 1487 2021 2094 2677 2789 2944 3017 3238 3469 3623 4232 4255 4385 4507 5238 5707 6977 7068 7085 7145 7918 8083 8100 8104 8173 8177 8187 8288 8672 9290 9752 9887 9974 9978 10081 11000 11655 12157 12158 12346 12490 13075 13086 14110 14873 14880 14882 14979 15153
blackened: 15170
blackish: 2010
blackness: 1332 1358 3254 3376 8105 13091
blacksmiths: 2454 8973
blackstone: 640
blade: 4118 8146 10396 10399 12249
blades: 1161 4119
blameworthy: 6743
blanc: 8822
blanco: 1528
bland: 3547
blandishments: 5332
blandness: 13046
blang: 10067
blank: 11058 11147 11926
blanket: 1575 1584 1721 3691 3721 9773
blankets: 6456
blankness: 11037 11400
blanks: 2789
blapkemous: 9330
blasphemy: 9345
blast: 3987 4943 4973 5606 6212 9927 13056 13120
blasted: 1489 5134 9606
blasts: 13601
blaze: 2117
blazes: 7486
blazing: 4169 7552 11359
bleached: 2473 7490 13158
bleak: 1388 2783 11011
bleakness: 7307
bled: 4466 10445
bleed: 2784
bleeding: 5121
bleeds: 3216 6899
blemish: 6891
blend: 4723
blended: 2243 3963 12574 12630
blending: 9059 12028
blent: 14394
bless: 5825 6398 9297 9298
blessed: 1819 3946 8321 9658 10025 10459 12522 13907
blew: 650 6428 7521 9394 9729
blight: 6792
blind: 11062 11786 15140
blinded: 9581
blindest: 9328
blinding: 14393
blindly: 6430 10395 15336
blinds: 8683
bling: 3754
bliss: 2809
block: 3867 15453
blocks: 1332 4485 12188
blocksburg: 10903
blood: 664 673 3760 5098 6258 6674 6676 6677 6785 7071 7812 9290 9960 10233 10329 10671 11579 13732 13841 14156 14738
blooded: 7813
bloodiest: 6520
bloodshed: 4769
bloodshot: 9417
bloodthirsty: 10242
bloody: 914 1210 7647 10532 10887 11352 14332
bloom: 2644 2645 2647 2867
blossom: 7335
blossoms: 2639
blotting: 4111
blow: 6462 7445 7560 7561 8871 11326 12041 12054 14215
blowing: 1985 2121 3857 8087 12463
blown: 5375 12906 12986
blows: 808 822 826 827 12086 12087 12096 12212 12985
blubber: 8130 9029 9034 13370
blubbering: 1440
blue: 1064 1425 1472 3729 4529 5531 8319 9033 9062 9532 10355 10891 10954 12364 12378 13046 14379 14739 15147 15281
bluff: 2957 10725 10782
blunder: 6633 14668
blundering: 14712
bluntly: 322
blurred: 13298
blush: 9532
blusterer: 4858
bo: 827 9755 10782
board: 838 925 1739 1942 2105 3109 3606 3665 3956 4442 4884 4891 4906 5061 5107 5212 5478 5493 5895 5906 5944 5953 5962 5973 5988 6088 6187 6190 6254 6276 7024 7090 8787 10225 11636 11705 12135 12294 12333 12685 12877 12990 13193 13254 13296 13402 14470 14957 14995
boarded: 2501 13257 15109
boarders: 1799 2450 3869 4367
boarding: 3910
boast: 7615
boasted: 3758 6718
boasting: 13385
boat: 180 368 501 847 926 948 1650 2750 2830 2841 2895 3845 4060 4077 4550 4615 4787 5573 5648 6203 6350 6390 6425 6427 6830 6945 6948 7043 8369 8485 9172 11462 11655 12007 12151 12152 12226 12285 12343 12349 12353 12356 12375 12381 12411 12422 12484 12552 12584 12590 12606 12609 12616 12619 12633 12639 12650 12663 12665 12679 12766 12769 12779 12808 12811 12840 12851 12854 12874 12880 12896 13193 13409 13413 13422 13424 13438 14257 14276 14284 14391 14394 14397 14411 14445 14472 14477 14484 14495 14860 14862 14878 14895 14941 14966 15213 15357 15424 15442 15459 15464 15467 15482 15486 15487 15490 15493 15497 15500 15504 15508 15516 15538 15547 15548 15553 15578
boatmen: 13852
boats: 607 765 776 913 2722 4150 4351 5577 5594 5936 6403 7033 8855 9502 9730 10368 10386 10392 11521 11576 11600 11603 11609 11775 12121 12131 12153 12189 12192 12201 12207 12282 12306 12315 12339 12355 12357 12503 12528 12531 12561 12576 12598 12645 12647 12686 12755 12857 12859 12866 12869 12878 12895 12905 13401 13423 14386 14407 14420 14737 14830 14997 15103 15325 15456
boatswain: 3233
bob: 14870
bodied: 4769
bodies: 439 10302
bodily: 3671 4004 5300 6792 7220 8005 8037 8666 10406 10435 10439 10740 10762 11396 11477 12364 13783 14754
body: 217 793 1402 1530 2838 2839 2842 4812 5418 6112 7184 8754 8907 8914 10162 10175 10205 10350 10444 11435 11703 11900 12065 12347 13132 14249 14569 15449
boggy: 1473
boil: 440 7016
boiler: 12344
boilers: 13370
boiling: 419 4341 11480 14866 14977
boisterous: 1274 3421 6342
boisterously: 3049
bojits: 12473
bold: 614 801 954 3469 4724 4740 7094 8176 9738 13926
bolder: 4149
boldest: 857 9946
boldly: 3846 7657 8038 8532 10148
boldness: 3127
bolivia: 6628
bolstering: 11541
bolt: 1777 3786 4824 5295
bolted: 2051 2052 6645 10541 14092
bolts: 3305 4990 5895 7088 12703
bombay: 46 2552
bombazine: 2580
bonapartes: 8202
bondsman: 5636
bone: 542 1547 1947 4507 7272 7285 7490 9132 14787 15052
bones: 395 725 906 2558 3373 4344 4480 5480 6696 7068 7515 8584 8706 8726 13356 14779 14785 14786 15533
bonne: 7703
bony: 2601 7402 15079
boobies: 3997
booble: 6273
book: 64 307 1356 3044 3053 3337 3451 3498 3572 4853 4918 4963 5034 5631 7859 7906 7945 8043 8055 8063 8074 8086 8100 8115 8133 8191 8208 8217 8233 8265 8273 8335 10229 11412 11736 11799 14551 14662 14675 14705 14784
bookbinders: 8118 14631 14637
books: 4347 7696 7740 7743 7844 11148 14633 14651 14819
boom: 4042 4046 4051 4054 4056
booming: 3541 12609
boot: 2415
booting: 2374
boots: 1319 1327 1644 1985 2370 2372 2376 2383 2394 2402 2983 8867
border: 13969
bordered: 2790
borders: 2677
bore: 670 6587 10460 11604 14452
borean: 13600
bored: 7285 11340
born: 3617 4146 4762 5419 5431 5541 6633 6782 6786 7115 7244 7479 9567 9886 13395 13605 13688 13940 15574
borne: 3025 4140 11211 12476
borrow: 10835
borrowed: 2940 3876 9074 10195
bosky: 2456
bosom: 93 3439 3475 3561 3590 3617 12563
bosoms: 2789 9902
boston: 11728
both: 1398 1410 1772 2902 3346 3806 3846 3847 4305 4373 4475 4899 5230 5278 5631 5782 5855 5945 6022 6161 6291 6357 6425 7743 7745 7801 7845 8058 8214 8609 9283 9289 10020 10294 10393 10954 11434 11462 11641 11967 12044 12053 13316 13360 13845 14128 14435 14633 14819 14924 14958 15255 15457 15471
bottle: 8314 8980 8985 9254
bottled: 6785
bottles: 1549
bottling: 13699
bottom: 1558 2625 2990 3051 3408 3641 3801 4522 4746 7243 7769 7857 8063 8071 8148 8946 11559 11849 12310 12639 12665 12874 13638 13710 14407 15463 15473
bottomless: 370 4182 6861 9062
boughs: 15303
bought: 1879
bound: 891 1026 1490 2144 2661 3080 4347 4988 5875 6356 7124 13197 13198 13299 13470 14151 14158 14465 14466 14468
boundary: 8286
bounded: 6366
bounder: 13295
boundless: 962 4722 10974 11331 12551 15134
bounds: 10676
bounties: 6562
bountiful: 2637
bountifully: 2446
bout: 7585
bow: 813 2965 4655 4664 5173 7073 9502 9644 12281 12372 12481 12531 12872 12878 12961 13113 13119 13902 14390 14688
bowditch: 9020
bowed: 3020 6974 10747 13056
bowels: 3191 8028 10083 14110 14884
bowes: 827
bowie: 13613
bowing: 3342
bowings: 13350
bowl: 3921 3922 3932 3945 3951 4329 4337
bowled: 3371
bowling: 12551
bowls: 12551
bows: 2750 2957 2987 3973 4051 4456 4514 5577 6270 6319 6443 12113 12155 12681 13062 13105 14392 14442 15507 15509
bowsman: 14382
bowsprit: 1293 3255 3992 14116 15304
box: 1345 1605 3105 4448 6949 8897 12371 15509
boxes: 3234 15019
boy: 1077 1608 4785 5094 5130 5238 6392 7146 7459 7474 8482 8583 8659 8703 8713 8716 9446 9752 9831 9832 10081 12106 12308 14008
boys: 1141 1641 8665 8674 9213 9719 9730 9735 9772 9821 9885 9973 12212 12214 12225 12292 12295 12301 12478 12496 12497 12498 13701 13714 13724 13755 13940
bp: 7
brace: 7028 8502 9667 13346
braces: 9732
bracing: 3971 5578 12878
brag: 15199
brahma: 9885
brahmins: 14593
braided: 3923 12160
braiding: 14289
brain: 217 574 4728 8436 8454 9540 9542 10420 11359 11902 11975 13687 14654
brained: 6161
brains: 7122
brance: 10988
branch: 635 7672
branches: 942 13162
brand: 7267
branded: 7244 7251 13838
brass: 14053 15064
brave: 2622 6873 8983 9291 9696 9971 10156 14884
bravery: 6874
braves: 9440
bravest: 5648 10789
brawlers: 10021
brawn: 1684 7078
brawny: 2455 4002 4064 4528
brazil: 7930 15157
breaches: 822 15299
breaching: 3376
bread: 719 4968 5942 6848 8483 8700
breadfruit: 5451
breadth: 11240 13440 13865 15333
break: 1843 2143 3233 3659 5299 5388 6302 6872 9694 9832 10968 12224 12246 12750
breakers: 2945 10937 11612
breakfast: 83 2433 2470 2480 2504 2519 2530 4342 4371 5228 5476 6049 9093 11562
breakfasting: 14736
breaking: 1490 1911 2952 5678 14068 14136
breaks: 8151 15083
breakwater: 861
breast: 434 3584 4739 9008 12417
breath: 484 572 1875 3424 12381
breathe: 2649
breathed: 6164 6168
breathes: 1189 6123
breathing: 8087 9357 14910
breathless: 11342
bred: 434 2582 3617 8529 10140 13078
breed: 8895 12716
breedeth: 374
breeding: 2364 2518
breeds: 11943
breeze: 3971 6427 12997 13654 15277
breezeless: 14959
breezes: 1008 2966 13553
breezy: 8242
brevet: 2830
brewed: 3390
brick: 7464
bricks: 2107
bridal: 10390
bridegroom: 2319
brides: 3929 10632
bridge: 671
bridges: 4173
bridle: 15118
brief: 1201 3037 5064 7811 12067 12551
briety: 6806
brig: 5351
brigandish: 13917
brighggians: 2561
bright: 648 759 1312 1486 2641 2947 3026 7349 8287 9193 9536 11994 15107
brighter: 3483 10760 15536
brigs: 1112 13566
brilliance: 15243
brilliant: 2631
brim: 4826 5584 9692
brimful: 6362
brimmed: 4814 9494
brimmers: 1654
brimming: 9405 9436 9449 9531
brimstone: 8064 12228
brindled: 4351
brine: 4086
bring: 574 982 5028 5042 6975 8659 14053 14532
bringing: 2519 4706 6190 8522 10698 11142
brings: 14546
brisk: 4262 11701
brisson: 7703
brit: 196 11846 15128 15131 15138 15151 15160 15166 15252 15273
britain: 55 6561
british: 8361 11841
britons: 6769
broad: 1324 2285 2328 4509 4786 4814 4826 4895 5584 5627 6315 6582 7225 7572 7667 7988 8238 8670 8696 9193 10476 10477 11330 11340 12430 14612 15182
broadly: 12267
broadway: 2549 13347
broiled: 1116 1119 1121
broiling: 1116
broke: 1846 1848 3118 6624 13105
broken: 1517 1990 2065 2300 2672 3534 3738 5236 5749 6132 8973 10152 10394 10497 10922 11086 12021 13782 13871 14014 14745 15045 15080
bronze: 7225 8815
brood: 12562
brooding: 10526 11295
broods: 2788 9645
brook: 13802
broom: 1148 13738 13754
brother: 880 1084 1711 5963 6204 6862 14714
brotherhood: 7835
brotherly: 13352
brothers: 2082
brought: 396 737 1302 5121 5355 6697 8168 8689 9278 9923 10178 10485 11164 11910 13979 14411 15571
brow: 3332 6879 7323 7490 9018 9103 9209 9231 9532 9544 9887 10499 10526 11156 11322 11335 12524 13733
browed: 14776
brown: 1685 1759 1836 2455 2988 3655 4527
browne: 7701 7706 14834
brownes: 452 835
brows: 3489 3988
browsing: 10786
bruise: 427
bruised: 3380
bruited: 10372
brunt: 2965
brushing: 11454
brutal: 13556
brute: 8198 9327 10582 10695 11002
brutes: 10536
bubble: 7535 9227
bubbles: 9692 12476 12961 14457
bubbling: 13671 14654
buck: 9312 9354 9373 12577 13612
bucket: 11093 11099 11105 11127
buckets: 11082 11085
buckle: 8269
buckler: 4477 8723
bucklers: 12642
buckling: 3990
buckskin: 2584
budged: 3791
buffalo: 10984 11013 13558 13560 13561 13597 14014
bugbear: 5858
builded: 9646
builder: 7765
builders: 8783 8789
building: 1342
built: 723 4474 8807 11732 14271
bul: 4481
bulk: 421 1233 7005 10342 14751 14880 15388
bulkhead: 14069
bulkington: 1697 6438 6444 6451 6466 6486
bulky: 15174 15462
bull: 3872 10643
bullets: 12706
bullies: 9582
bulls: 8904
bully: 9987
bulwarks: 1018 1453 3250 4055 4088 5497 5518 5576 6317 7506 9132 9147 12132 13058 13106 13184 14275
bump: 1752
bumping: 11769
bumpkin: 2583 4010 4078
bumpkins: 2596 3998 4001
bunch: 5954
bunched: 7989
bundle: 5628
bundling: 2832
bunk: 6979
bunyan: 6923
buoyancy: 15555
buoyant: 12998 13446
bur: 15283
burden: 3232 4520 6973 8504
burghers: 15539
burglar: 3095
burglaries: 11949
burial: 12796
buried: 2786 10496
burke: 633 6671
burkes: 622 9580
burly: 14776
burn: 2633 3536 6550 6873 8128 11393 11578
burning: 12644 13775
burnish: 10759
burns: 3206 3416
burnt: 1381 1685 3633
burrower: 303
burst: 2591 2997 5223 5297 9623 9955 10431 11368 11376 12344 12517 14084 14113
bursting: 4006 9903 10986
burstingly: 13105
bury: 14457
burying: 5034 8751
bushy: 9245
busi: 6496
business: 1277 1759 1898 2070 2136 2831 4186 4208 4328 4422 4468 4864 5918 6037 6227 6497 6505 6517 6523 6583 6846 7528 7588 8778 8817 9305 11680 12296 12865 13754 13761 13785 14008 14433 14713 15028 15451
busks: 15015
bustle: 5960
bustles: 1551
busts: 3488
busy: 3134 3139 6190 12013
butchering: 6517
butchers: 6519 6520
butler: 11525
butt: 733 11080 11082
butter: 4314 4448 6420 8593 8602 9768
buttered: 1117
butterflies: 11048
butterfly: 2378 11048
butterless: 8604
button: 1600
buttoned: 4827 12736
buttoning: 5685
buttons: 2590 2593
butts: 9763 11080
buy: 1075 6137 7898
bye: 5128 6083 6361 6394 6418
byward: 10887
c: 642 831 845 2343 3222 3345 5505 5655 6028 6049 6119 6170 11035 12306 12394 13370 14294
caanan: 2604
cabaco: 11076 11092 11121 12218
cabacos: 12862
cabin: 149 3109 3132 3243 3796 4690 4785 4818 4907 4973 4991 5592 5599 5673 6089 6192 6206 6224 6240 6364 6385 7164 7168 7301 7374 7395 7447 8391 8480 8483 8493 8516 8523 8535 8578 8597 8631 8635 8646 8680 8691 8729 8737 8741 8746 9094 9128 9516 9524 9646 11138 11163 11763 12908 13124 13140 14241
cable: 3046 7959 9609
cables: 3223
cachalot: 791 7875
cadence: 9059 12072
cadiz: 3083 3084 3089
caesar: 8549 11505
caesarian: 10616
cain: 7981 10051
cajoling: 1226
cake: 15468
cakes: 9949 10420 12245
cal: 11672
cala: 5789
calabash: 3921 5872
calais: 15539
calamities: 10150
calamity: 10270
calcu: 12262
calculated: 7199 10853 11642 14285 14831
calculating: 2271 10528 11189 11650 11981
call: 833 974 2208 2834 4881 5564 6122 6211 6960 7133 7181 7215 7470 7485 7807 8047 8105 8237 8937 9236 9753 10710 11500 12698 13080 13501 14345 14637 15016
callao: 13568
called: 231 375 465 523 1393 1551 2668 2859 3017 4213 4258 4756 4866 5350 5958 6506 6748 6939 7024 7087 7151 7436 7438 7486 7986 8104 8157 8287 8354 8355 8635 8901 8924 8934 8970 10764 10940 11227 11269 11564 11846 12006 12153 12529 12877 12952 13081 13140 13477 13480 14052 14432 15035 15508
calling: 2504 6141 6712 7507 10185 11190 13961
calls: 3151 3234 9696 9861 10845 11744 14716
calm: 440 3505 5265 6943 7968 9574 9878 10461 11781 13087 14956 15283 15564 15566
calmly: 1831 4619 6802 12736 14409
calmness: 3298
calms: 4453
cambyses: 11504
came: 382 542 727 1200 1313 1363 1752 1769 1911 2046 2174 2338 2420 2575 2609 2623 3336 3365 3376 3379 3962 4022 4206 4229 4309 4324 4671 5517 5650 5979 6073 6173 6187 6365 6384 6941 7182 7252 7308 7327 7363 7406 7520 8764 9068 9131 9305 10405 10459 10570 11343 11456 11646 12301 12618 12663 12673 12683 12685 12915 12936 13170 13500 13540 14603
camphorated: 6993
can: 439 530 549 988 1030 1111 1179 1197 1223 1425 1857 1954 2029 2625 2787 2931 3008 3114 3162 3421 3423 3622 3701 4304 4605 5040 5132 5340 6075 6099 6380 6594 6751 6765 6901 7484 7635 8040 8071 8072 8244 8312 8323 8369 8439 8445 8914 9022 9337 9547 9586 9924 10575 10576 10579 10601 10683 10750 10790 10844 10850 10855 10860 11535 11590 11778 11830 11845 12566 13097 13141 13436 13658 13713 14027 14187 14542 14566 14570 14722 14792 14799 14802 14850 15101 15174 15178 15186 15203 15373 15526 15556
canaan: 6336
canada: 4113 4167
canal: 13853 13928 13934 13941
canaller: 13912 13918
canallers: 13846 13848 13850 13852 13861 13929 13956 14112
canals: 7120
candelabra: 2638 14774
candidate: 4497
candidates: 1269
candies: 14886
candle: 1338 1914 1926 2002 5375 12657
candles: 1599 2633 6550 11578
cane: 7562 7567
canes: 3991
canni: 4090 4479
cannibal: 1514 1898 2151 2171 2181 2201 2205 2329 3761 4036 5491
cannibalism: 15246
cannibalistically: 3492
cannibals: 2025 2556 2596 3882 5090 5492 8717 10560 15037
cannikin: 13698
cannon: 7415 8316 10481 14442
cannot: 695 1212 1222 2371 2462 2517 2648 2843 3466 3676 5151 6579 6763 6877 8152 8327 8788 8908 8913 8956 9372 9382 9587 10322 10750 10830 10984 10990 11255 11651 11740 11821 12920 13272 13441 14354 15076 15531 15534 15552
canny: 2718
canoe: 3768 3773 3784 13600 14428 14449 14471
canoes: 1283 4142 12906 14455
cans: 7936
canst: 5665 10917 15261
cant: 526 1738 1813 1816 1850 4679 4981 5344 5838 5844 6018 6760 7623 9489 9490 9997 12244 12310 12394 12754
canted: 10913
canterbury: 4466
canticle: 3048
canting: 4992
canvas: 2590 3878 5895 8642 14567 14911 15466
cap: 6204 6228 6305 8520 9895 14688 14712
capable: 4050 8816 11332 14925
capacity: 8628
capain: 5581
cape: 1261 1500 1528 1561 3522 4576 4678 4977 5047 5786 5872 6620 6824 6938 6940 7019 7205 8057 8316 10444 10458 11310 12745 12951 13053 13080 13150 13464 14673
caper: 2251
capering: 1671
capes: 6357
capital: 6696
capitals: 13597
capping: 14829
capricious: 11924
capriciously: 13211
caps: 8239 9897
capsized: 3784
capsizings: 12761
capstan: 6258 8826 9412 9441
captain: 566 811 1107 1147 2748 2896 3109 3134 3139 3152 3159 3164 3167 3170 3174 3177 3789 3793 3926 3930 3948 3950 4014 4035 4040 4079 4470 4537 4540 4569 4585 4587 4589 4593 4599 4601 4606 4661 4698 4754 4755 4758 4765 4788 4817 4831 4865 4899 4921 4964 4970 4973 4979 4982 4984 5027 5040 5050 5061 5064 5070 5073 5084 5086 5093 5094 5108 5114 5127 5128 5137 5489 5496 5502 5550 5619 5625 5669 5680 5759 5761 5771 5780 5784 5808 5871 5873 5897 5937 5948 5975 5986 6173 6175 6191 6210 6219 6222 6245 6286 6297 6309 6354 6359 6389 6400 6423 6718 7160 7173 7218 7261 7287 7383 7408 7604 7673 7714 8354 8388 8414 8428 8466 8927 8933 8951 8964 8974 8977 8984 8992 9235 9245 9249 9264 9267 9304 9308 9329 9724 9973 10393 10397 10770 11138 11525 11598 11609 11619 11694 11719 11725 11727 11761 12204 12829 12854 12856 12908 13098 13141 13178 13262 13408 13426 13430 13443 13450 13481 13483 13527 13542 13646 13759 13960 13977 13984 13987 14005 14017 14032 14035 14050 14055 14075 14080 14088 14096 14105 14152 14165 14200 14208 14220 14254 14269 14368 14432 14439 14454 14463 14473 14491 14495 14672 14678
captains: 1154 3078 3795 5990 6206 6238 6600 7036 8358 8366 8391 8649 8736 9036 9095 9715 11523 11636 11903 11908 12153 13291 13402 13420 13938
capting: 4010 4011
captive: 10497
captors: 870
capture: 766 8125 11531 11866 14370 14901
captured: 4150 8045 8271 10302 11151 11817
capturing: 8776
caramba: 11103
caravan: 1051
carcase: 9681
card: 6512
cardinals: 9481
cards: 10916 15590
care: 1111 1112 1986 5806 8650 8820 11424
cared: 4756 13261
careening: 3229
career: 4789 14380
careful: 1458 6391 6392 6403 6420 6838 6840 11084 12739
carefully: 2115 5517 11200 14290
careless: 1343 6945
carelessly: 2131 12019
cares: 6791 9028
cargo: 3108
carking: 9028
carlines: 8690
carnation: 2646
carne: 1341
carpenters: 1741 2454 3963 7021 12882 13708
carpet: 78 1258 1260 1290 1379 3105 3877
carriage: 2875 10726
carriages: 11760
carried: 2874 3886 4116 4138 4799 4812 5156 5976 6622 6644 8709 10481 11357 11558 12832 15499
carries: 1039 3300 8108 13447 13448 14892 15572
carrion: 6536 14177
carrol: 12953
carry: 605 2557 3077 3909 4409 5047 8723 8904 13211 15484
carrying: 4262 5489 5944 5947 15247 15452
cart: 414 11783
carted: 1381 1407
carthage: 1280
carve: 15017 15052
carved: 1589 4476 4488 5309 8566
carving: 4522 15043
caryatid: 10498
cascade: 10731
case: 308 1727 2909 3495 3614 4700 5266 5652 8017 8452 8972 8980 8985 9138 9998 11362 11384 12040 12443 12760 12795 13020 13256 13290 13317 13380 13675 13745 13762 14252 14758 15409 15482 15495
cased: 6316
casements: 3540
cases: 1542 4403 5051 5910 6644 6814 7121 8401 10196 11231 11593 12444
cash: 8336 11954 11955 11957 11958
cashier: 11958
cashless: 1398
cask: 4115 13798
casket: 4143
casks: 3959 3960 8885 13774 13974
cassock: 10651
cast: 2903 3290 6477 6958 7226 11758 13037 15313
casta: 6912
castaway: 3401 12904
castaways: 10560
casting: 3264 12151
castle: 8047 8180
castor: 5250 6748 6764
castors: 5237 13420
casts: 3222 7969
casual: 11275 11630
casually: 13271 15546
casualties: 11554
casualty: 10519
catalogue: 6588
cataract: 1072 12681
catarrhs: 1664
catastrophe: 11539 11624 11628
catch: 12811 14762 15089
catched: 397
catches: 1811
catching: 394 2541 7473 8491 12385 13445
cated: 15314 15517
categut: 4798
caterpillar: 2378
cathedral: 4466 8330 10909
catholic: 5549
cation: 7291
cations: 12470
cato: 989
cattegat: 9947
cattle: 1061 14162
caught: 536 639 1666 4000 4003 4056 4148 5282 5299 8312 10147 10768 11557 14414 14896 15575
cause: 1881 3264 6743 6989 8552 10142 10239 10523 10857 11675 12532
caused: 2783 10376 11375 11769 15160
causes: 4533 10673
causing: 14895
caution: 518
cautious: 11294
cautiously: 9152
cautiousness: 7391
cavaliers: 13513
cave: 2795 5418 14047
caved: 8754
cavern: 14592
caves: 5419
cease: 9880
ceases: 8012 8014
cedar: 6404 15538
cedent: 11280
cedented: 5173
ceed: 13895
ceeded: 2406
ceiling: 3186 3204 5305 13134
celebrate: 6598
celebrated: 4439
celebration: 10653
celebrity: 11500
celerity: 4996 12150
celestial: 10697 12962
cellar: 6748
cellent: 3486
cellinis: 7226
cells: 3178
cenotaphs: 2941
census: 2797 4742 8748
cent: 6405
centaurs: 14916
central: 1535 3922 10899
centralisation: 8455
centre: 1472 1933 1940 2411 3999 6909 9455 15335
cents: 6420
centuries: 2807 7885 7927 8352
century: 4469 11693 11805 11854 14645 14699
ceremonies: 5610
ceremony: 2520 3944 3947 12790
cernment: 3160
certain: 422 1858 2352 2854 2866 2871 3262 3478 3485 3612 3923 4747 4833 4865 5138 5171 6524 6746 6750 6806 6865 7043 7407 7802 8160 8370 8435 10270 10448 10540 10608 10795 11181 11829 11943 12164 12697 12744 12851 12911 13476 14818 15361 15392 15555
certainly: 1728 2523 2564 2874 4797 4801 5182 5355 6005 6763 7246 8155 8158 8541 8715 13395 13554 14105 14946
certainties: 11192
certainty: 11283
cervantes: 6925
cession: 6983
cetacea: 7677 7683
cetacean: 11517
ceti: 452 453 550
cetological: 8329
cetology: 145 310 7655 7673 7694 7697 7764 7778 7786 7840 7867 7871 7954 8004 8035 8123 8206 8295
cetus: 269 6713 15115
cfossed: 1348
chace: 495 693 745 751 11620
chaces: 11638
chain: 14584
chains: 3785 11154 14341
chair: 1763 2089 4521 5330 6955 13126
chairs: 4123 6140 13421
chalices: 9498
challenge: 14573
chamber: 5216
chambermaid: 5226
chambers: 3207 4360
chamois: 4190
champions: 6929
chance: 1786 2829 4394 6244 6409 6958 8262 10147 10856 11319 11479 11639 12045 12051 12053 13349 13356 13368 13547 13681 14138 15094 15340
chanced: 2019 2516 8224 11629
chancery: 4702
chances: 8592 11277 11878
chancing: 5859 10268
change: 5319 9924 10511 14257
changed: 1734 2666
changeless: 10900
changing: 2996
channels: 13161
chaos: 367 1463 7669
chaotic: 2832
chap: 74 137 1619 1803 1876 2576 4017 5833 6304 11109 11118 12506
chapel: 87 2109 2658 2661 2708 2817 2892 2896 2900 3441 3442 4254
chapels: 13873
chaplain: 2675 2858
chaplains: 2940
chaps: 5730 5746 5763 10073 12225
chapter: 937 970 1256 1447 2226 2431 2537 2656 2850 2972 3041 3437 3649 3744 3862 4095 4202 4378 5161 5484 5695 5887 6010 6196 6434 6451 6492 6735 6776 6805 6934 6984 7155 7344 7501 7542 7653 7859 7906 7945 8043 8055 8063 8086 8100 8133 8191 8208 8233 8265 8273 8340 8478 8759 9086 9520 9597 9662 9705 10089 10586 10977 11072 11134 11408 11415 11694 11860 11999 12145 12693 12807 12945 13146 13250 13458 14562 14811 14825 14830 14988 15126 15269 15398
chapters: 3044 6438 6616 6703 7844 7855 10603
character: 2350 4725 4811 6899 8526 10335 10873 11788
characterising: 11378
characteristics: 14777 15040
charge: 579 1560 6534 11966 14915
charged: 9422
charger: 10615 10724 13686
charges: 3165
charing: 7731
charitable: 2199 5179 5959
charity: 5958 5959 6202 6283
charlemagne: 13688
charlemagnes: 13689
charley: 7801 7804 8148
charm: 1070 7328 7524 12275 13047
charmed: 12568
charmingly: 8931
charms: 3388
charnel: 11052
chart: 168 6592 11136 11159 11214 11215 11225 11230 11308 11391
charted: 14381
chartering: 14497
charts: 11142 11158 11163 11166 11204 11338 13129
chase: 1283 6943 7321 9285 9288 9300 10259 10267 10371 11600 11775 11945 12373 12571 12577 12780 12830 12852 12892 13243 14420 14967 15109 15497
chased: 4480 8069 11522 15106 15161
chasing: 10558 13244
chasm: 11363
chassee: 9899
chat: 3596 3637 3642 8997 10075 12908 13310
chattering: 1408
chatting: 2556 3653
cheap: 1384 8126
cheapest: 1330
cheating: 1558
checkered: 2072
cheek: 2460 2475 7068 13836 13839
cheeked: 7329 13915
cheeks: 2021 2418 2646 9357 9528 11048
cheer: 6272 10539 14002
cheered: 3229
cheerful: 5392 10921
cheerfully: 1180 2445
cheerfulness: 7201
cheeriest: 1330
cheerily: 6965 12209
cheerless: 1300 4308 5411
cheers: 2841 6429 8245 12237
cheery: 953 9737
cheese: 6418 15444 15447
cheever: 874 7707
chemistry: 14141
cherish: 993 5167 5429 5554 7183 13377
cherished: 2437 4401 10403
cherishing: 1788
cherubim: 10774
chess: 7111
chest: 1683 1927 1951 2043 2071 2409 2988 3329 3910 3913 4859 8913 9324 10431 10451 12347 12435 12796
chested: 10725
chestnut: 2550
chestnuts: 2637 10070
chests: 5906 6095
chewed: 4614 8575 8654 10386
chewing: 469
chicha: 13860 13947 14357
chick: 9118
chief: 1058 1230 2453 3757 4470 4473 4788 4805 5947 5954 6141 6183 6207 6386 6780 7052 7198 8357 8361 8566 11621 11903 12260 12738 13403 14215 14266
chiefly: 3424 4739 6874 7883 8278 9343 10559 10762 10793 12770
chiefs: 6134
child: 2247 4139 5132 6824
childe: 9029
childhood: 4720
childish: 10221
children: 719 4701 8563 8937 12221 12498
childrens: 719
chili: 6628
chilian: 9371 11514
chilled: 3678
chilly: 3669
chimney: 1535 2106 2252 2256 7598 12646 14883
chin: 4813 4827
china: 1018 4188 9845 11323
chinese: 12157 14729 14731
chinks: 1403
chip: 12378 12681
chipped: 4615
chips: 1406 10386 13058
chisel: 12882
chiselled: 10183
chivalric: 11947
chocks: 15504 15506
choice: 1227 6284 8446
choked: 1347
choking: 8581
cholera: 6993
cholo: 11091
choose: 5166 7323 7358 10897
chopping: 14941
chorus: 6273 9711 9751 13641
chosen: 578 10730
chowder: 103 4204 4242 4309 4317 4325 4331 4335 4342 4343 4371
chowders: 4214 4342 5476
chris: 11805
christ: 9869
christendom: 3756 3793 8748 15033
christenings: 14345
christian: 732 1961 2080 2205 2407 3552 3617 3765 5506 8806 10649 11805 13942 14616
christianity: 3828
christians: 3802 3806 3815 3829 4091 5178 10413 11027
christmas: 117 5454 6198 6235 6313 6325 6416 7205
chronicled: 15099 15546
chronicler: 6661 6664
chronometer: 6799
chrysalis: 14782
chuckle: 1807
chuckled: 1807
chums: 11738
church: 1357 3618 4218 5506 5509 5513 5541 5546 5549
churches: 1889 5511 13884 13904 15073
churchyard: 10974
churned: 12568
cipher: 11435
cir: 2495 4152
circassian: 15426
circle: 3509 4509 7971 8668 9415 9567 11326 12568 13510
circular: 11212 11213 11215
circulate: 10174
circulates: 3946
circulating: 2542
circulation: 979
circum: 10117 12425 13233 15362
circumambient: 10785
circumambulate: 1011
circumference: 6909 10112
circumnavigated: 11454
circumnavigating: 11327
circumnavigation: 521
circumpolar: 8189
circumspection: 8576
circumspectly: 11239
circumstance: 2248 2250 5867 8107 8278 10696 11251 11690 12339 13474 13479
circumstanced: 15532
circumstances: 1223 2356 4744 4752 6872 8370 8425 10940 11648 12839 13280 14271
circumstantial: 8932 11909
circumvention: 7015
citation: 10850
citations: 11426 11427
cite: 6700
cited: 7708
cities: 3798 13866 13927
city: 996 1011 1262 1348 2812 3082 10917 13906
civil: 2198 14832
civilisation: 15033
civilised: 2356 2379 2382 2543 3546 12922 13632 14424 14496
civility: 2361
civitas: 466
cjiarles: 714
clad: 13165
claim: 14027
claimed: 14160
claims: 7722
clam: 1922 4278 4283 4285 4300 4301 4305 4320 4345 4371
clammy: 4294
clamorous: 3318
clamour: 14235
clams: 4124 4311
clanged: 13725 14232
clanging: 13641
clanking: 14071
clap: 4606
clapped: 4584 9678 15466
clapping: 5266 6063
claps: 5652
clapt: 12306
clashing: 11358
clasp: 2319
clasped: 3588
class: 8347 11635 15392
classed: 8089
classic: 11517
classical: 14940
classification: 7668 7754 8000 8024
classify: 8027
clattering: 3235 4972
claw: 4452
clay: 9970
clayey: 3704
clean: 1503 1897 2200 5584 9008 12794 12798
cleanliest: 6533
clear: 326 1766 2667 3959 4879 5638 6187 7352 7364 7439 8000 8187 8600 9669 11698 13019 13670
cleared: 1893 6643 8642
clearing: 329 4059
clearings: 15005
clearly: 11852 12348
cleat: 12877 12881
cleats: 8851
cleaving: 3241
clenched: 11352 13131
clenching: 13829
cleopatra: 13916
clerical: 2871
cleveland: 13597
clews: 893
clicked: 14105 14456
cliffs: 12132 14881 15080
climates: 2477 6800
climb: 529 4190 12907
climbed: 3784
climbing: 10070 14472
climbs: 4189
climes: 1416 10635 13576
clinch: 3040 7023 10095
clinched: 1022
cling: 10171
clingest: 5634
clings: 15378
clinking: 14071
cloak: 2580
cloaked: 7371
clock: 1915 9619 12096
cloistered: 8160
clootz: 7136
close: 492 948 1952 3187 3445 3666 5080 5591 5897 6022 6391 6949 7047 7284 9131 12595 12604 12685 12748 13062 13169 13968 15053 15414
closed: 2989 3338 3702 13125 13133 14055
closely: 2296 3494 6795 11198 11975 14316 15076 15374
closeness: 14085
closer: 9294 9311 12366 13281 13514 13824
closet: 5269 8915
closing: 5329
cloth: 2668 2876 2909 4529 8412 8642
clothe: 6924
clothed: 4157 10655 10793
clothes: 2197 3664 3669 3815 4087 4344 4785 7461
clothing: 4883 7229 11700
clotting: 8600
cloud: 4892 12573 14979
clouds: 2150 2946 2953 7322 7323 10687 12063 15105
cloudy: 12003
clout: 3753 7592
clove: 4080
cloven: 7331
club: 13797 15042
clubbed: 9160
clubs: 1508
clue: 10856
clumsy: 8143 12877
clung: 12133 13071
cluny: 10490
clusion: 1954
clusters: 9880
clutch: 4807 15336
clutched: 9377
clutches: 8682
clutching: 4492
co: 11693
coach: 1547 8897
coaches: 2275
coal: 7085
coals: 1423 12646
coarse: 3706
coast: 541 639 1666 2600 2752 2944 3088 4138 4462 6623 6697 6782 7091 7930 8044 8850 11270 11558 11733 11840 13643 13903 14677
coasts: 1240 10936 11455
coat: 217 1075 1605 1980 2033 2578 2878 4770 4825 5628 5685 8905 8906 8911 8915 10683 12873 13128 14318
coats: 1646 8948
cob: 1410
cobble: 1286
cobs: 1989
cock: 3872
cockpits: 1539
cocks: 4188 15074
cocoa: 3920 5451 14485
cod: 4150 4278 4283 4320 4322 4325 4371 4576 6765 6939 6940
codfish: 4346
cods: 4280 4353
coenties: 1012
coerced: 11901
coffee: 1384 2528
coffer: 1683
coffin: 931 982 1368 1370 2167 2168 4226 4252 7706 7801 8149 13007
coffins: 3871 7862
cogent: 7827
cogged: 9567
cognisable: 11475
cohorts: 10784
coiled: 12161 15442 15457 15509
coiling: 6376 15414 15448 15453
coils: 5896 6091 9824 15517
coin: 3170 9194
coins: 3122 14583
cold: 1300 1597 1655 1769 1921 1981 2396 2667 3376 3672 3692 3959 4285 4293 5360 5372 5377 5411 6313 6427 6443 7813 8904 9796 11699 12662 13949 14653
colds: 1664
cole: 5514
coleman: 2718
coleridge: 10689
coleridges: 10756
coll: 515 539
collapsed: 12620
collar: 2324
collared: 14162
collated: 11200
collateral: 11870
collected: 5306 6943 10460 12802
collectedness: 3505
collection: 14661
collectively: 13334 13335
college: 6730
colleges: 5089
collision: 10440
colnett: 14672 14825
colnetts: 685 14824
cologne: 4464 8330
colonial: 6621
colonies: 6625 8930 13586
colony: 6637
colossal: 8690
colossus: 8867
colour: 694 2010 2092 2899 7958 8186 10617 11034 11038 11400 15333
coloured: 2234 4805 4992 11060 12005
colouring: 11061
colourless: 7200 11038 11056
colours: 8288 11036
colt: 934 3973 10981 11000 11014 11018 12504
columbus: 15193
column: 8819 8825
columns: 11217 13390
com: 781 1186 3069 3867 4042 4470 5941 6620 6947 6958 8532 8600 9313 10966 11315 12261 12851 12971 13652 13795 13844 13897 14910
combat: 1488 3892
combed: 10943
combinations: 8016
combing: 4266
combining: 11643
come: 502 541 1025 1032 1136 1441 1466 1856 1903 1912 1917 1918 1995 2841 2874 3222 3252 3350 3999 4002 4268 4613 4689 4782 4937 5100 5350 5510 5562 5637 5849 5952 5987 6019 6051 6061 6203 6389 6391 6392 6423 6498 6798 7109 7145 7262 7270 7482 7659 7730 7817 7841 7903 8242 9141 9311 9396 9446 9448 9584 9586 9672 9766 9912 10157 10182 10316 10503 10686 12123 12226 12299 12607 12783 12901 13281 13707 13977 13979 14125 14131 14287 14322 14470 14654 15002 15012
comedies: 1221
comely: 2200
comes: 1713 2579 2962 3232 3244 3715 4191 5345 6563 6575 7581 7648 9078 9304 9434 9773 9814 10068 10889 12594 12712 12713
comest: 3273
comet: 10732
cometh: 367
comets: 13956
comfort: 5962 6455 9673
comfortable: 1933 3675 3676 8895 8947 13410
comfortableness: 3720
comfortably: 6136
comforted: 2808
comforter: 8986
comforters: 1647 8948
comforting: 6292
comical: 2318 2564 2588 5169 8538
coming: 331 1732 1799 1983 3148 3423 3705 4344 4363 4675 5408 5629 5895 5973 6022 6049 6882 7280 7450 7492 9146 9681 9699 10274 11676 12084 12195 13824 15183 15472
command: 3066 3067 4520 5062 6259 8352 8371 11610 11725 11970 12202 12486 13092 13446 13677 13771 14385
commanded: 2400 4515 5002 7033 7165 9715 12993 13737 13988
commander: 3925 3926 11304 12269 12382
commanders: 6221 6521 7163 7370 8535 9306
commanding: 6246 10794 11633 13807
commandment: 7484
commen: 317
commence: 3457
commenced: 1970 2040 2368 2412 2995
commend: 9497
commended: 1986
comment: 5855
commerce: 998 7880 7916
commercial: 888 6642
commit: 5068
committed: 5994
committing: 11949
commo: 11632
commodore: 873 1107 11671 11677 11840
commodores: 3411 11681 11684
common: 465 1371 3975 4719 4765 5089 5414 6617 6755 7133 7220 7404 7609 8234 8299 8399 10828 10925 11394 11451 11946 12763 13267 13312 13525 13616 15412 15440 15489 15505
commonalty: 1190
commonest: 13547
commonly: 7104 7914 7948 8226 8675
commonplaces: 6609 8874
commons: 6930
commotion: 3302 12094 12618 14897
communicated: 13485
communicating: 8392
communing: 3339
communion: 5506
communities: 12925
community: 8396
compact: 14362
compacted: 7224
compactness: 15417
companied: 3874
companies: 2804 6887 7037 7186
companion: 14054
companionable: 3995
companions: 1691 11647 12162
companionship: 3527 8746
company: 44 1634 2456 2484 4873 5601 5905 6509 7112 8128 8397 9143 9415 12170 12322 13652 14431 14521 14535 15223
comparable: 6536
comparative: 15187
comparatively: 8694 10107 14647
compare: 585 654 1170 1954 2582
compared: 6544 7717
comparing: 1304
comparison: 587 13901
compass: 8968 8976 13140 13141
compasses: 1034 12482
compassion: 5466
competent: 785 4272 7314 10538 11968
compilations: 14691
complain: 7608
complained: 1654
complaints: 3020
complement: 3766 7129
complete: 2968 4515 6883 7727 7750 7759 7760 8310 8489 10921 11431 11890 13423 14332
completed: 2381 5941 12043
completely: 2031 2062 2086 4806 5052 6163 6228 6902 9011 9113 10132 10597 12633 13435 15474
completing: 8334
completion: 11214
complexion: 2030 2472 4454 12163
complexioned: 1619 1629
compli: 2359 15516
complicated: 5709
complied: 2213 2405 3735
complimented: 3570 11585
compliments: 5453 9586
comply: 3615
comported: 13818
composed: 6665
composing: 15540
compre: 2160 10224
comprehend: 7845 9575
comprehended: 3736 13771
comprehending: 2920
comprehensible: 6544 10599
comprehension: 1809 2061
comprehensive: 7754
comprehensiveness: 11294
comprises: 8289 12839
comrade: 1694 5497 5863 6388 6834
comrades: 848 3868 10387 13762 14002 14127 14482
comstock: 879 880
con: 1453 1953 2281 3122 3187 6802 6815 7043 7246 7818 7884 7961 9066 9150 11227 11658 11873 11934 12111 13874 14756 15509 15567
conceal: 600 8468
concealed: 4517 12115
conceit: 6539 10276 10282 10530 10964 13683
conceits: 1248 5181 12858
conceivable: 10753 14602 15338
conceived: 7177 8022
conceives: 13680
concentrate: 3700
concentrated: 10481 12479 15465
concentrating: 4660 6879
concentric: 15445
conception: 11551
concern: 4383 4773 5465 6179 10246 13651 13891 15366
concerned: 1681 3718 5633 5963 6268 14935
concerning: 1954 2068 3873 3911 4357 5139 6754 7000 7920 8344 8917 10120 10289 10596 11193 11196 11730 12921 13303 14263
concernment: 1297 5065
concerns: 8360
concert: 4388 13275
conclude: 1306 3533 11255 13385 14796
concluded: 2026 2102 4277 4356 4789 5836 5982 12790 12865
concluding: 2136 2996 4618 7425 8613 11639 11717 11796 12041
conclusion: 1467 4783 11428
concocted: 4382
concrete: 11036
concussions: 7029
condemned: 13085
condemning: 3096
condensation: 6793
condense: 2979
condensed: 3720
condescending: 5465
condescension: 8427 9481
condition: 2599 7785 11940 14438 15034
conduct: 3320 8367 10856 13234 13258 14138 14262
cones: 2639
confabulations: 3657
confederate: 13484
confess: 1114 2063 3128 6641 6685
confessed: 10926
confession: 3285
confidence: 3112 4399 7200 11242
confident: 12327
confidential: 1863 3640 3720 3883 11679 12166
confidently: 14573
confiding: 4739
confine: 3021
confined: 5351 7748 11233
confinement: 6872
confines: 9350
conflagra: 13803
conflict: 6875
confluent: 5708
confounded: 1470 2063
confoundedly: 7565
confounding: 2309
confounds: 9538
confused: 12464 14082
confusion: 7677 13969
congeal: 13102
congealed: 1316
congenial: 3704
congenialities: 13312
congo: 2092 2109
congratulate: 1707
congrega: 5508
congregated: 2639
congregation: 2670 2778 2857 5170 5552 12259
congregational: 5513 5541
conical: 4506
conjectures: 12330
conjoined: 11284 11394
conjured: 2157
connect: 15318
connected: 1275 5870 6651 8425 13571 13761 15361 15512
connecting: 11828
connection: 1371 1862 7996 14816 15513
connections: 2933
conquered: 4164 14901
conquering: 7357
conscience: 3205 3210 3217 4975 4979 4982 7470 12798 13076
consciences: 3636
conscientious: 2283 4766 14691
conscious: 1099 2338 3531 10869 11964 13428
consciousness: 2306 3679 7294
consecrated: 3945
consecrating: 3945
consecutive: 11286 11790 14913
consequence: 9671
consequences: 11971
consequent: 12762 13739
consequently: 3630 13292 13760
conservatories: 1416
consider: 3821 4965 6038 6238 7612 8607 11044 11053 11684 14742 15240 15243 15246 15254 15255
considerable: 1114 2547 4401 4565 4674 8096 8892 13642 14284 14800 15464
considerating: 7397
consideration: 636 781 2361 4935 8550 15198
considerations: 10593 11881 11933
considered: 1920 5460 6762 11810 13530 14960
considering: 1177 2899 3499 3500 4875 4895 4915 12760 12763 12768 12771 12778 12780 12827 12835 12836 14173
consign: 1180
consist: 11974 13333
consisted: 11680 12260
consistency: 4765
consisting: 4506
consists: 3073 10930 15373
consolation: 5962
consort: 13261 14242 15488
consorted: 3507 12939
conspicuous: 6698
conspicuously: 7816
conspire: 6477
constable: 44 55
constant: 1195 7520 13394
constantinople: 11334 11806 11816
constellation: 6713
constellations: 4730
consterna: 10368
consternation: 4053 10230 10834 11748
constituents: 7668
constitution: 11830
constrain: 9400
constrained: 5321 14087
constrainings: 9378
constraint: 8648
construct: 11204
constructed: 4524
construction: 7119
consulted: 10264
consulting: 4384
consume: 15451
consumed: 11345 11864
consuming: 6566 7223
consumptive: 214
contact: 10178 13282
contain: 13582 14998
containing: 1945 2799 2936 3044
contains: 3176 13935
contemplating: 15008
contemplation: 1464
contemplative: 4771 13610
contemptible: 587 3093 7864
contemptibly: 6756
content: 1027 1161 3526 3797 4890 5185 10140 11425 11490 11796 11948 14928
contented: 2408
contentedly: 12797
contenting: 3315
contents: 72
contest: 10214
contested: 1205
context: 3157
contiguity: 11381
continent: 7133 7134 12926
continents: 6367
continual: 2993 4532 5944 6988 8674 10960 13092 13209 15204
continually: 7309 10232 11154 13669 15087 15160
continue: 5166 11986
continued: 2070 12067 13533
continuing: 7228
continuous: 4482
continuously: 6585 15457
contortions: 15524 15530
contour: 14803 14835
contraband: 3231
contract: 2891 11237
contracted: 6163 10472
contradicted: 7260
contradiction: 3203
contradictory: 7565 10288
contrary: 1166 3936 6794 7162 11260 14246
contrast: 1686 3673 8648 10699 12042 12269 14898
contrasting: 2477 8994 13045 13584 13872 14872
contribute: 13263
contributes: 10636
contrivance: 2899
contrivances: 8898 15017
contrived: 12654
controlling: 9620
controls: 15236
conveniences: 8950 8965
convenient: 786 2912 6139 7998 8155 8914 15411
conveniently: 13658
conventional: 13676
conversant: 14906
conversation: 8580 11670
conversations: 739
conversed: 1499 11623
converted: 5504 5511 6955 11685
convertible: 6140
convey: 14840
conveyed: 3067 13215
conveying: 11787 14926
conveys: 8228 10961 14775
convict: 6923
convictions: 14516
convicts: 3178
convince: 6500
convinced: 2087 3805
convivial: 322 8715
convulsively: 6377 9188
cook: 1107 1113 1115 6593 6602 6606
cooked: 5441
cooking: 14884
cooks: 601 6599
cool: 1853 2517 5306 7351 10788 12428 12802
cooled: 1008
coolly: 2523 2525 3950 6951 11330 12376
cooper: 6406
coopers: 735 2454 3963 13797
cope: 1406 8333 10913
copied: 3322 5611
copiuss: 11854
copper: 9764
coppered: 8317
copy: 1395 6284 14524
copying: 3936
coral: 997 3771 8560 12638
corals: 14451
cordage: 6329 9390
corded: 2779
cordially: 2518
cordon: 11079 11090
cords: 2004 13412 14151 14152
cork: 9256
corkscrew: 1521
corlears: 1012
corn: 1410 1989 2604 9813 13942
corner: 1388 1540 1916 1945 2003 2414 2577 2880 4106 4220 5210 5859 5864
corners: 2557 9869 13465
coronation: 3820 6745 6751 6770 8576
coronations: 6763
corporal: 10437
corporeal: 7107 11890 11900
corporeally: 10537 13735
corpse: 14323
corpulence: 14622
corre: 8093 15386
correct: 8153 11652 14744 14832 14834 14854
correctly: 8027 11315 14745 14775
correspond: 11202
corresponding: 11272 12042 13440
corroborated: 11799
corroborative: 11741
corrupt: 4926 4932 13875 13901 13903 13905
corrupted: 8362
cosmetic: 11054
cosmopolite: 6579
cost: 15047
costermongers: 5920
costliest: 6892
cosy: 3644 8894 8903
cottage: 723 1061 3930
cotton: 9585 12157
couch: 5462
cough: 11097 11099
could: 306 326 550 1086 1241 1296 1459 1514 1628 1731 1756 1762 1780 1895 1940 1959 1991 2020 2153 2242 2245 2249 2272 2299 2403 2459 2474 2518 2769 2869 2922 2961 3019 3082 3085 3458 3479 3523 3576 3618 3767 3806 3850 4208 4215 4248 4349 4429 4430 4503 4619 4620 4669 4807 4876 5169 5212 5318 5331 5374 5437 5798 5866 5950 5991 6289 6447 6861 6866 7025 7162 7177 7178 7203 7246 7409 7514 8623 8695 8713 9010 9012 9111 9346 9347 10306 10401 10534 10581 10594 10647 10733 10756 11191 11198 11245 11247 11299 11304 11336 11393 11674 11749 11843 11904 11968 11974 12071 12117 12263 12585 12649 12986 13122 13239 13262 13498 13531 13550 13802 13843 13983 14128 14219 14243 14700 14761 14778 14876 15119 15558
couldnt: 1598 1777 1824 5561
counsel: 14263 14269 14440
counsels: 8833
count: 3458 5040 14703
counted: 10553
countenance: 2767 2780 3465 5251 6123 8069 9180 12605
counter: 10115
counteracting: 8969
counterbalance: 12351
counterbalanced: 8993
countered: 10218
counterfeit: 3171
countering: 12565
counterpane: 82 1937 2228 2233 2294 2304 2325 2388 5273
counterpart: 5612 14710
counters: 1021
counties: 13873
counting: 3452 3498 9314 12167
countless: 10784 15121
countries: 3078 12932 15086 15155
country: 394 397 1037 1140 2081 2582 2585 2600 2610 3273 6119 9095 13315 15063
countryman: 3591
countrymen: 3800
countrys: 3589
couple: 4373 8843 14078
coupled: 5867 7827 10675
couples: 3642
cour: 10206
courage: 6832 6843 6847 6866 6873 10683 11918
couriers: 12471
course: 2026 7898 8347 11214 11230 11973 12048 13142 13209 13290 14720 15485
courses: 11147 11157 11159
court: 327
courteously: 8541
courtesy: 3553 8738 13299 13565
courting: 2923
courts: 3398
cousin: 4210 4213
cove: 9960
covenant: 7774
cover: 1721 2790 6000 11052 11889 12199 15466
covered: 682 1542 2072 2909 3431 3772 3958
covering: 7682 12637 14789 14790
coverlid: 7462
covers: 15218
covings: 9910
cow: 4351
coward: 2060 3128 6835 7151 8058 13655 14224
cowhide: 2394
cowleys: 566
cowper: 662
cozening: 13734
crabs: 4148 14885
crack: 7401 9945 12515 14055 15201
cracked: 1542 5189 6051 6084
crackers: 5917
crackest: 9945
cracking: 770
crackled: 12643
cracks: 7457 10420
cradle: 15553
craft: 1273 1390 1454 1503 2562 3156 4389 4407 4446 4449 4480 4492 5493 5986 6269 6327 7279 8344 8934 11677 11681 11732 12113 12378 12638 12768 12996 13073 13158 14256 14451 14975 15462
crafts: 1539
craggy: 13588
crags: 9927
crammed: 2044
cramped: 14194
crane: 8330
cranes: 12124
cranmers: 9069
crannies: 1404
crash: 10066
crave: 13565
craven: 6484 6940 10978
crawl: 2251 6484
crawling: 4054
crazed: 12503
crazy: 1078 1927 5109 5181 5850 10427 11373
creak: 1383
creaking: 1364 2392 12667
cream: 12624 15333
creamy: 10355
create: 12909
created: 343 465 476 3706 11401 12938
creates: 11404
creating: 11520
creation: 588
creations: 2642 9349
creature: 2349 2377 4742 4988 6890 7836 7881 7890 7965 8136 10231 10646 10697 10704 11186 11401 11404 11582 11713 12922 13657 14424 14620 14635 14797 15391
creatures: 481 1122 2797 4761 5171 8228 10988 11849 12340 12904 13595 15179 15181 15231 15241 15247
credentials: 7866
credibly: 10232
credit: 6647
credited: 7079 12324
creditor: 3481
creditors: 6728
credulities: 7258
credulous: 8725 10281
creed: 5343
creeds: 12703
creeping: 12333
creepingly: 13830
crept: 14217
crescentic: 14115
crests: 12610
cretan: 2236
crew: 180 915 1639 4602 4798 5052 5634 5780 6187 6259 6946 7129 7185 7249 7302 8974 9148 9368 9369 9416 9424 9514 9625 10093 10559 10564 11140 11576 11608 11922 11942 11967 11982 12201 12211 12223 12254 12261 12275 12290 12295 12298 12340 12356 12483 12521 12622 12755 12808 12857 12860 12895 12913 12985 13098 13103 13423 13604 14242 14363 14371 14447 14557 14871 15540
crews: 642 924 2722 7125 9870 9970 12132 13401 15226
crick: 4249
cricket: 9580 13723
cried: 1639 2479 3374 3405 4014 4025 4831 4943 5226 5240 5272 5513 5534 5557 5578 5645 5672 5753 6021 6058 6248 9155 9162 9215 9249 9256 9271 9327 9403 9422 9471 12104 12171 12206 12209 12368 12810 13219 13848 13897 13999 14024 14044 14099 14165 14184 14344 14351 14357 14463 14521
crier: 15495
cries: 3134 3281 3289 5233 9510 9610 10740 12067 12083 12558 12597
crime: 3160
criminal: 1873
cringed: 3481
cringing: 3260
crippled: 7396 14994
crish: 10066
crisis: 6942
critical: 6857 12138 12315 12545 12764 13451 15464
criticism: 13348
critics: 6919
crockery: 1990 8707
cronies: 3585
crony: 4900
crooked: 364 4222 5211 9209 9232 9303
crookedly: 12040
crookedness: 3207
cross: 1456 3096 4116 4233 4245 7731 8687 8902 9452 11513 12064 12423 13356 14475
crossed: 1311 4827 5879 9455 11510 13203
crosses: 10913 10975
crossing: 1533 2487 7949 8910 9940 11246 13269 13303 13343
crosswise: 12027 15500
crotchets: 5554
crouch: 8454
crouching: 3696
crowd: 3125 4701 8240
crowded: 13890 13955
crowding: 14352
crowds: 1009 1025 6460
crown: 3678 6625 7264 8453 9535
crowned: 5095 14916
crowning: 10813 11297 12159
crows: 4661 8924 8933 8934 8941 8951 8965 8968 8981
crozetts: 13150 15130
crucified: 14182
crucifix: 1059
crucifixion: 7296
cruel: 4804 5141
cruet: 5236 5250 5259 5267
cruise: 836 872 926 11312 14026
cruiser: 13599
cruisers: 10110 11509
cruises: 3964 10553
cruising: 7313 7932 8770 9053 11599 12688 12950 13151 13167 13267 13301 13304 13400 13520 14256
cruisings: 13533 14499
crunched: 4614 14999
crunching: 7403
crusader: 6843
crusaders: 11947
crush: 2372
crushed: 2392 12665 14324
cry: 1696 3247 11367 12071 12101 12988 13489 13843 14368 14391 15297
crying: 9685 12457
crystal: 3694 7353 14947
crystals: 7363 14944
cuba: 4167
cubs: 8561 15233
cudgelling: 7568
cuffs: 14243
cullest: 6929
culties: 12838
cultivate: 11492
cultivated: 13868
cumnavigations: 4153
cumstance: 2496
cunning: 10137 10469
cunningly: 1224
cup: 9476 9491 12236 13859 13908
cupidity: 3160
cups: 1601 14583 14731
curbstone: 1408 1433
curdling: 12623
curds: 10388 14894
cure: 1664
curios: 1880
curiosity: 784 1232 2363 2767 8172 12884 14806
curious: 2091 2349 2508 2564 4522 4658 4797 6353 6746 7110 7553 7554 8158 8508 9144 9241 9244 10288 11414 12427 13884 14572 14651 14656 14772
curiously: 4488 8134 9181 12277 14785
curiousness: 13939
curling: 12467 12610 15335
current: 1771
currents: 903 10283 11180 11188 13130
cursed: 1550 7565 9970 14015
curses: 10558 14371
cursing: 10071
curtains: 2398
curved: 906 8108
curving: 6319 10732
cushioned: 13410
custom: 5447 6135 8856 9444
customary: 8534 11988 12865 13787 14083
customs: 3135
cut: 501 1534 2018 4313 4456 4529 7022 7222 8573 9482 9609 11460 12348 12554 12686 13700 13980 14211 14230 14412 15058
cutlass: 3790
cutlery: 2419
cutor: 13836
cuts: 14630
cutter: 8356
cutting: 2250 12652 12870 13346 13710 14965 15146
cuttle: 11848 15392
cuvier: 679 7686 7704 14713 14820 14824 14825
cuviers: 10233 14719
cyclades: 13240
cylinders: 1556
cymballed: 6698
czar: 1435 3797 6714 8452
czarship: 8549
d: 13 402 539 555 566 843 1576 1832 3011 4626 4921 5558 7634 7673 7679 7789 9117 9192 9194 9346 9803 9899 10069 11093 12176 13711 13716 14026 14211 14662
da: 14534
dad: 5588
daggoo: 7084 7089 7105 7110 8664 8688 9229 9244 9257 9976 9992 10007 10009 12397 12417 12427 15288 15296 15314
daily: 8487 10636 11946 13524
dainty: 8693 15245
dale: 1039
dam: 1683 2164 2170 4436 4437 4441
damage: 11721
damaged: 5807
dame: 13893
dames: 7355
damn: 876 7478 7481 9785 13719 14165
damned: 4561 9551 9552 11099
damning: 14335
damp: 980 1964 2394 6143 6427
dampiers: 11738
dan: 236 237
dance: 9786 9823 9867 9873 9902
danced: 13961
dancing: 7329 9829 9867 9880 9919 12571
dandies: 13347
dandy: 2582 2583 2586
danger: 1900 7007 11713 12836 14434
dangerous: 802 2211 4362 4367 6447 6834 13093 13530 15573
daniel: 859
danish: 253 7512 9943
dardanelles: 11843
dare: 3477 4554 5801 6827 9686
dared: 6607 9571 14220
daring: 2298 4722 6828 7065 10257 12190
dark: 1299 1545 1619 1629 2009 2074 2077 2165 2946 4227 5157 5377 6913 9033 9645 9989 9990 10354 10459 10528 11656 12140 12158 12331 13057 14046 14155 14234 15059 15425
darkened: 2825 4454
darkens: 9881
darker: 10487 12648 13504
darkly: 9537
darkness: 1305 1358 2291 3288 3703 3706 5504 5632 10080 11767 12573 14069
darned: 1648
dart: 433 1487 10535
darted: 1698 3776 3989 4061 5583 5721 10303 10751 11438 12480 12617 13062 13206 15530
darting: 6682 8663 9147 10436 12879 15548
darts: 3147 7241
darwins: 944
dash: 3784 10238 11930 14915
dashed: 5301 6482 10394 10714 11657 12641 12684 13917 14397
dashes: 4724 15233
dashing: 11604
date: 13297
daughters: 2629 12939
dauntless: 8810
dauntlessness: 3792
davenants: 442
davis: 11762 11841
davy: 5653
dawn: 6015 12334 12663
dawning: 2340
day: 362 1295 1340 1965 2265 2328 2365 2599 2642 2826 3659 3698 4208 4427 4428 4446 4710 5166 5315 5359 5388 5537 5629 5874 5893 5904 5973 5990 6004 6173 6310 6314 6394 6681 7113 7301 7391 7725 8614 8656 9079 9131 9283 9922 10069 10202 10206 10525 10629 10874 10983 11193 11357 11600 11619 11661 11697 11728 11800 12312 12967 13026 13116 13334 13628 13631 13793 14081 14234 14255 14288 14339 14436 14449 14573 14792 15083 15136
daybreak: 14338
daylight: 2230 2544 7497
days: 379 399 1020 2092 2252 2308 2462 2584 3086 3097 4119 4771 4791 4795 5787 5911 5985 6274 6409 6787 7159 7348 7352 7359 7728 7888 8167 8357 8714 10248 10306 10441 10728 11219 11220 11317 11700 11806 12792 12793 12932 12949 13014 13026 13047 13048 13205 13521 13540 13914 14081 14478 14494 14646
dazzling: 1685
dazzlingly: 9538
de: 4273 5745 6556 10490 12951 12952 14703 15384 15402
deacon: 5514 5535 5539 5542 5560
dead: 598 1280 1609 1898 2065 2132 2503 2786 2797 2810 2820 3245 3821 4365 5588 5786 7006 7263 7307 7559 8448 9172 9279 9474 9646 10707 10831 10835 11461 12564 12577 13006 13101 14162 14503 14900
deaden: 9761
deadliest: 10582 15525
deadliness: 10710
deadly: 2791 2806 5787 6946 10160 11290 14348
deaf: 9580
deal: 518 1711 1991 2101 2286 4905 4939 5118 5464 5912 7920
dealers: 7900 14734
dear: 1307 5838 12264 13293
dearest: 2602
dearly: 1552
death: 424 642 1399 1515 1553 2321 2805 2831 2834 3217 5665 5669 5675 5679 5680 6727 6950 6955 6956 7370 8198 9261 9304 9502 9509 10239 10376 10709 11502 11575 11755 12604 12645 12708 12796 12803 13007 13453 13985 14258 14558 15541 15576
deathful: 9502
deaths: 11554 12751
deau: 14653
deavour: 600 11304
deavoured: 3573
debel: 2163
debell: 805
decanters: 1549
decapitated: 4353
decay: 10921
deceased: 5174
deceitfully: 1557
deceitfulness: 12117
deceits: 3547 11049
deceive: 4934
deceived: 6108
december: 1264 2731
decency: 13622
decent: 1584 1729 2880 13366
decently: 14019
decep: 10329
deceptive: 1486
decide: 3484 15077
decided: 4443 11650
decidedly: 1582
deck: 153 1183 1187 2949 3104 3248 3786 4043 4050 4495 4509 4690 5686 6180 6185 6220 6238 6363 6365 6385 7149 7170 7215 7218 7283 7304 7310 7371 7388 7399 7456 7510 8371 8406 8409 8424 8492 8508 8522 8531 8616 8956 9088 9094 9128 9150 9178 9275 9365 9462 9724 9740 10054 10714 10758 11083 11122 11343 11717 12150 12177 12316 12722 12992 12999 13006 13093 13175 13635 13672 13737 13742 13784 13916 13955 13968 13973 14062 14076 14080 14124 14162 14209 14217 14275 14678 14759
decks: 1148 4465 4818 5584 6535 7106 8821 8833 8863 11777 12004 14340
declare: 6650 11586 15364
declared: 4154 6689 10305 12530 13665
declares: 7789 14709
declaring: 10230 10324
decline: 10214
declines: 6515
decoction: 1143
decorated: 13412
dedi: 7290
dedicated: 2862
dedicates: 6610
dedicating: 4791
deed: 9334 9500 14332
deeds: 11291
deemed: 4757 6503 6512 8601 12152 13072
deep: 352 481 586 1062 1069 1686 3047 3215 3257 3329 3404 3408 3469 4182 6327 6450 6474 6816 7404 7657 8089 8285 8473 8697 8864 9033 9061 9605 10396 10409 11828 12762 13215 14894 15179 15483
deepening: 3003
deepeningly: 10472
deeper: 1085 5090 9108 9109 10487 10575 10693 13777
deepest: 1042 3342 10634 11085
deeply: 1684 2989 3892 11159
deeps: 6861
deer: 8171
defaced: 1455
defection: 14108
deferential: 8561
deficiency: 14841
defied: 13983
defilements: 6519
define: 7815 13397
defined: 15090 15107
definition: 7824 7827 7834 8230 13396
deformed: 1517 2091 10359
deformities: 14738
deformity: 10807
deftly: 4053 4486
defy: 7980 8018
defyingly: 8532
degree: 992 1864 2382 4872 5172 7208 7697 7742 8279 8436 8588 10153 11876 11986 13302 14800
degrees: 681 11215 11216 11311
deified: 11051
deity: 1083 11027 11227
del: 942
delay: 1856
deliberate: 1074 3453 11786 12760
deliberated: 3614
deliberately: 986 2916 9242 13811 14426
deliberating: 2146
delicacy: 2358 8936 13501 13900
delicate: 8255 14939
delicious: 3422
deliciousness: 3690
delight: 3407 3408 3409 3410 3412 3414 3417 3418 3420 3422 8241 8724 14387
delightful: 2828 8862
delightfully: 3680 4310
delights: 3377 6522
delineate: 1463
delineations: 14660
delirious: 11252
deliriously: 10416 12989
delirium: 10452 10458 10522
deliriums: 1553
deliver: 233 3320
deliverance: 3063 3313 3315
delivered: 14083
deliverer: 3027
delude: 8881
delusion: 1227
delusions: 14579
demand: 1864 2067 14089
demanded: 811 4359 4541 8676 13992 14172 14466
demanding: 13121
demands: 8380
demigod: 6486
demigorgon: 9628
demned: 1454
demning: 2282
democracy: 6629 6909 8651
democrat: 9610
democratic: 6907 6922
demon: 10573 13243
demoniac: 9573 13117
demonismjin: 11003
demonisms: 10421
den: 1545 5582 5980 10459 14046 14120
dence: 1200
denied: 8471 8599 11673
denizen: 8089
denomin: 7984
denominate: 8939
denominated: 8115 10815 14636
denominating: 10708
denoted: 12598
denotes: 13727
dens: 498
densely: 15444
dented: 2391 3975 9101 9103
dentially: 14489
dentistical: 15019
dents: 9107
deny: 7865 10845
depart: 6355 8725
departed: 926 2544 2801 3432 3658 6085 7505 8622 8751
department: 8360 14606
departments: 7756 7940
departure: 4224 8641
depend: 1579 1900 5247 8398
depended: 6319
depends: 5935 8368
depict: 8456
depicted: 13911 14629 14859
depicting: 14607 14741
deplorably: 5417
deplored: 8891 8917
deposed: 7737
deposited: 2917
deprecating: 7407
deprecatory: 8536
depressed: 8140
depression: 12881
depressions: 12348
depth: 10290 15461
depths: 3046 3368 11033
deputa: 7136
dere: 5581
derisive: 5770
derive: 8552 10649 14802 14850
derived: 7890 7904 12072 13045 14722 14765
derives: 7961
descartian: 9078
descend: 7035 8028
descendants: 12935
descending: 2435 7384 7446 14621 14632
descends: 3131 8500
descent: 6781
describe: 5151 8964
described: 411
describing: 3328
descried: 2964 7949 11287 12374 12964 13015 13035 13089 14450
description: 1682 3123 7748 7761 7763
descry: 8840
descrying: 8854 13277
desert: 1045 8808 14249
deserted: 1341 3223 11006 14426
deserts: 3288
deserve: 5957 6723
deserved: 4084 4341
deserves: 14954
design: 1497 1862 3840 15054
designated: 7917 7931 8276
designs: 4404 11786
desirable: 14840
desire: 3509 3711 3755 3792 3802 11351 13898
desired: 1571 11425 12990
desires: 1055 12860
desiring: 6142
desirous: 1675
desist: 3110
desisted: 13987
desk: 3134 5955 6728
desks: 1022
desmarest: 7704 14723
desolate: 11012 13059 13270
desolateness: 10963
desolation: 2692 2788 13073
despair: 2790 3009 10599 12660 14111
despairing: 5368 11655 12662
desper: 10824 13971
desperado: 12717 13558
desperate: 3792 5124 7245 10380 14093
desperation: 14117
destination: 9006 14487
destinations: 6645
destined: 1297 13301
destiny: 12030
destitute: 8894
destroy: 7003 11595
destroyed: 750 778 1347 11818 11823 14414 14504 15216
destroys: 3416
destruction: 949 1550 5934 11786 12803
detached: 8004 8017 9486 12471 15375
detail: 13407 15514
detailed: 8426 8965
details: 10269 14854 14875
detained: 6047
detects: 3160
deter: 5368 14139
determinate: 7289 7937 10515
determined: 4423 4685 4931 5949
detestable: 6886 11546
detract: 4743
deuteronomy: 5514 5539 5560
deuteronomys: 5535
developed: 3492 11985
developing: 2867
deviations: 8976
device: 4475 14644
devil: 304 317 1623 1776 2064 2123 4012 4436 4437 4441 6292 6828 7491 8822 10415 12167 12242 12513 12803 13615 13713 13716 14761
devilish: 321 7572 9989 13047 15243
devilishness: 14117
devils: 3477 5531 6674 9261 11387 11493 12228 12780 12940
devious: 11326
devote: 8892
devotee: 2126
devoured: 4614
devouring: 10152
devout: 2989
dewy: 10891
dexterity: 2905 4004
dexterous: 8519 12189 12415
diabolical: 7175
diabolically: 1618
diabolism: 12165
dial: 7971 7973
diameter: 15461
dick: 29 135 162 204 392 509 629 743 865 968 1006 1090 1174 1336 1420 1484 1568 1662 1749 1841 1931 2016 2098 2188 2263 2347 2513 2573 2775 2929 3015 3102 3184 3268 3354 3520 3610 3686 3825 3899 3984 4071 4135 4291 4460 4545 4645 4736 4822 4912 5008 5104 5245 5338 5427 5570 5663 5743 5842 5925 6105 6281 6373 6573 6658 6812 6896 6971 7056 7142 7192 7277 7423 7579 7735 7822 7912 7994 8079 8164 8252 8420 8557 8639 8721 8797 8879 8961 9045 9126 9224 9236 9238 9262 9268 9278 9295 9301 9319 9409 9506 9508 9509 9565 9639 9791 9891 9983 10091 10120 10126 10134 10139 10155 10168 10194 10210 10248 10254 10267 10277 10298 10324 10340 10384 10399 10425 10428 10466 10507 10548 10594 10668 10778 10865 10951 11042 11115 11176 11263 11267 11286 11326 11335 11349 11487 11545 11573 11668 11753 11836 11866 11897 11911 11921 11945 11979 12036 12129 12185 12273 12361 12450 12540 12628 12775 12848 12892 12930 12982 13038 13068 13228 13288 13374 13473 13537 13620 13705 13791 13880 13966 14059 14147 14239 14330 14344 14346 14402 14413 14418 14509 14600 14684 14770 14848 14932 15070 15208 15296 15330 15345 15355 15437 15521 15598
dictator: 5996 7166
dictatorship: 8438
dictionaries: 13390
dictionary: 238 243 888
did: 544 681 1073 1079 1082 1083 1226 1282 1284 1345 1390 1519 1632 1687 1755 1927 2123 2198 2242 2337 2371 2488 2663 2779 3021 3156 3382 3637 3708 3808 3819 3888 3987 3993 4083 4166 4403 4407 4672 4773 4904 5098 5108 5152 5166 5365 5405 5461 5464 5572 5573 5776 5798 5860 5865 5899 5910 5947 5957 5959 5973 5994 6064 6068 6340 6385 6556 6557 6561 6817 6823 6958 7146 7251 7266 7291 7310 7333 7335 7360 7451 7488 7605 7607 7645 8174 8182 8593 8620 8661 8708 8712 8742 8745 9102 9155 9388 9472 10095 10150 10159 10191 10196 10415 10483 10501 10512 10513 10515 11076 11092 11187 11271 11483 11499 11563 11766 11889 12020 12392 12434 12437 12482 12483 12733 12894 13254 13499 13547 13691 14387 14517 14619 14689 15322 15337
didnt: 1403 1594 2180 2183 3916 3953 5024 5778 5791 7459 7485 7489 7604 7606 7608 12217 14006
didst: 4569 5669 6922 6924 6926 6927 7413 11506
die: 3425 3591 3812
died: 2807 5110 6992 8495 8813 9394 10204
diers: 4455
diet: 14086
differ: 7810 15220
difference: 1167 1395 7559 7934 8538 12041 13315 13316 14756
differences: 7940
different: 765 900 4324 7203 8963 11521 11567 12488 12817 13004 14705 14962
differs: 8279
diffi: 12837
difficulties: 12707
difficulty: 2040
diffused: 8695 9068
dig: 9831
digested: 5432
digester: 3534
digesting: 2532
digestion: 9720 12706
digious: 4255
dignified: 3996
dignity: 6701 6712 6739 6754 6903 6904 6907 7297 8364 8617 10725 13431
digressively: 5431
dilapidated: 1375
dilated: 8698 9380
diligence: 14942
diligent: 1457
diligently: 1592 4384
dim: 1363 1373 1472 1564 2338 6069 6071 10572 10602 12334
dimensions: 8094
diminish: 13218 13938
diminished: 8118
dimly: 9064 12674 12700 12923 14400
dimmed: 759
din: 7401
dined: 8548 8655 8729
dines: 8577
dining: 11635
dinner: 2052 4343 6946 6959 8484 8493 8500 8504 8534 8544 8607 8608 8630 8711 8884
dint: 1463 2330 4227
dinting: 434
dip: 3847 12555
dipped: 2411
dipping: 3944
direct: 3313 8457 10118 10853 11564 11594 13001
directed: 11640 12052
directing: 13087
direction: 4141 11231 11642 12115 15313 15523
directions: 4216 4222 4356 5156 5708 8510
directly: 867 1587 6162 10177 10648 11604 11646 12112
direful: 1606 3247 10388 10462 13601
direst: 6457
dis: 1381 3071 3159 4074 10110 10203 10512 11692 13016 13600
disable: 12817
disadvantage: 8993
disagreeable: 3466 3708
disappeared: 1935 4302 7229 12102 14421 15342
disappearing: 13020 14047
disappears: 8493
disappointed: 1264 9030
disas: 10153
disaster: 12708 12769
disasters: 10372 11553 15195 15545
disastrous: 6918 10143
discernible: 8261 12365
discernment: 7259
discerns: 12700
discharge: 14027
discipline: 8402
disclosures: 3640 3737
discomforts: 3689
discover: 884 1292 13239 15081 15194
discovered: 3271 4142 9064 11491 14252
discoverer: 530
discovering: 8818
discovers: 9710
discovery: 6633 8929 11440 12323 12863
discreet: 8975
discreetly: 11329
discretion: 12742 14088
discriminating: 1228
disdain: 4031 9478 11933
disdained: 3798
disease: 4748
disengaged: 15474
disentangling: 15291
disgorge: 15374
disguises: 1225
disgust: 11953
disgusted: 9027
dish: 8566
disheartening: 11540
dishonour: 3398
disincline: 5153
disinfecting: 6996
disintegrate: 11904
disjointedly: 9249
dislike: 13680
dismal: 1299 1599 3001 6271 11659 13060 13867
dismally: 2271 14072
dismantled: 1502
dismasted: 7273 7279 9278
dismay: 10363
dismember: 9577 10435
dismembered: 9576
dismemberer: 9577
dismembering: 10375
dismissal: 6200
dismissed: 1780
disobedience: 3065 3075
disobey: 3071
disorder: 574
disordered: 3096 6535
disparagement: 14944
dispatched: 4318
dispersed: 8008 9515
dispirits: 12702
displayed: 12346 14785
displays: 794
disposed: 11967
disposing: 3866
disposition: 794 6989 15185
disputing: 12703
disquietude: 7172
disreputable: 6499
dissection: 667
dissembling: 10514 10516
dissent: 10848
dissociated: 11378
distance: 770 5861 8057 8068 8194 10347 12508 12677 13188 14412 14873 14968 15168 15290
distances: 13239
distant: 1062 1233 2027 3733 3769 7949 10292 10892 11000 11474 11494 12381 13150 13901 14446
distantly: 10269 12365
distended: 947 14625
distilled: 8169
distin: 2586
distinct: 2948 8286 12913 12935 13027
distinction: 1108 7938 8385
distinctions: 8005 8030 11503
distinctive: 8090 10352
distinctly: 6626 11463 13984 15322
distinguish: 8049 8237 12098
distinguished: 8381 10342 11477
distinguishing: 7960
distortions: 10923
distracted: 1475 8833 10379
distress: 3017 10741
distributed: 15465
district: 2640 11219
districts: 11215 11217 11218
distrusted: 3593 13937
distrustful: 4575 4898
distrusting: 10527
disturb: 5166
disturbing: 7392
dive: 1026 4081 10574 12442 12802
dived: 693 3988 4074 6327 8473 9533
diver: 9533
diverged: 6427 12306
divers: 1570 5944
diversion: 12788
dives: 1412 1433 1435
divide: 7843
divided: 7021 7022 8354 13757
dividends: 4785
divides: 11215
dividing: 3601 7676 7793
divine: 6910 8447 10639
divineness: 10793 10794
divings: 8066
divisions: 7841
divorced: 10674
divulged: 10284
do: 819 1013 1023 1099 1104 1106 1111 1120 1150 1190 1579 1635 1719 1770 1818 1848 1871 1882 1912 1918 2252 2377 2524 2525 2604 2605 2679 2802 3068 3069 3116 3322 3323 3324 3503 3620 3624 3626 3627 3628 3629 4015 4215 4304 4392 4437 4605 4610 4635 4637 4648 4678 4705 4749 4754 4772 4850 4852 4926 4932 4953 5152 5331 5341 5373 5445 5457 5496 5534 5632 5774 5812 6038 6216 6246 6290 6466 6642 6725 6800 7263 7369 7428 7481 7589 7592 7627 7635 7643 7781 7834 7865 7884 8104 8401 8469 8566 8629 9036 9157 9166 9238 9291 9347 9476 9482 9508 9572 9581 9651 9803 10161 10756 10759 10837 11535 11556 11560 11642 11766 12228 12250 12496 13080 13213 13319 13320 13365 13442 13443 13583 13785 13807 13901 13983 13991 13995 14038 14118 14172 14211 14220 14294 14311 14345 14463 14478 14696 15158 15179 15256 15459 15589
docile: 13624 15255
docks: 1364 2547 14993
doctor: 5255
doctors: 5920
documents: 10263
dodging: 3107
does: 1034 1149 1493 1623 1670 1803 2588 3046 3078 3146 3313 5033 5065 5087 5398 5605 6170 6548 7809 8048 8061 8118 8119 8145 8303 8775 8964 9241 9573 10185 10578 10811 10828 10874 10878 10893 10899 11345 11382 12567 12724 13233 13322 13333 13337 13351 13364 13392 13938 14294 14620 14781 15007 15158 15184 15492
doesnt: 5086
dog: 2335 2584 4062 7419 7436 7486 10645 15176 15186
dogged: 14371
doggedly: 13804
dogging: 5866 5879
dogs: 1196 2488 2500 5098 12240
doing: 1272 3554 6461 9455 9685 10131 11965 14804
doleful: 2825
dollar: 9194
dollars: 3600 5970 6358 6567 10554
dolly: 7471
dolphin: 3025 14583 14637
dolphins: 14647
dolphs: 1138
doltish: 9352
domes: 648
domestic: 5642 6823 8126 8345 8882 12922 13293 15041
domineering: 13794
domineerings: 8649
dominic: 13907 14344
dominion: 8545 10412 10612
don: 11513 11519 13561 13564 13848 13852 13859 13889 13894 13946 14344 14349 14357 14511 14513 14521 14527 14532 14539 14547
done: 1836 2286 2523 2529 3635 4049 4050 4087 4220 5045 5272 5912 6501 6726 7488 8237 8407 9432 9453 9500 9946 11103 11596 12789 13097 13745 13793 13953 14336 14842 15061
donkey: 7438 7486
donned: 2410
donning: 2368
dons: 13513 14354
dont: 1103 1308 1326 1620 1712 1812 2177 2210 2365 4016 4113 4568 4633 4648 5078 5079 5081 5083 5140 5206 5346 5399 5539 5605 5751 5798 5806 6117 6126 6303 6403 6405 6407 6408 6409 6418 7448 7458 7472 7491 7624 7630 9582 9719 9780 9795 10071 11096 12216 12224 12238 12239 12245 12517 12815 12820 13360 14018 14028 14038 14308
dood: 6119
doom: 1356 3003 3367 4002 6860 14267 15202
doomed: 13625 15493
door: 1327 1342 1352 1365 1433 1645 1771 1777 1890 1955 1960 1977 1995 2051 2480 2764 2856 3176 4300 4322 4538 5010 5193 5210 5224 5228 5241 5283 5303 5329 8683 8743 13882 14242 15065
doors: 3178 3669 5261
doorway: 4244 8524
dorchester: 11728
dore: 11633
dorfl: 11731
dorsal: 8112
dost: 4541 4554 4562 4569 4626 4677 4844 4847 4943 5073 5546 5606
dotted: 8186 13586
double: 1927 2113 6645 9787 11310 13551 14427
doubloons: 4940
doubly: 6924
doubt: 448 1946 3528 4438 4557 4619 4877 5011 5344 5369 5463 6959 7877 7900 10402 10772 11453 14678 14831
doubted: 10128 10830
doubting: 5045
doubtless: 588 1198 1329 2473 6515 8065 8588 8697 8784 10861 13770
doubts: 2820
dough: 7459 7474 8482 8659 8665 8674 8703 8713 8716 12106 12308
douse: 9885
dowers: 2629
down: 327 368 401 999 1039 1065 1126 1148 1213 1219 1428 1429 1557 1562 1589 1756 1768 1783 1962 1970 2045 2278 2392 2593 2875 3003 3039 3172 3220 3242 3300 3301 3350 3366 3369 3414 3423 3660 3749 3774 3796 3878 3956 4066 4074 4137 4184 4632 4640 4817 4952 4963 4984 5013 5017 5024 5028 5173 5258 5297 5299 5348 5389 5408 5488 5599 5673 5725 5819 5908 5978 5981 6093 6110 6115 6364 6419 6617 6668 6714 7048 7228 7241 7375 7391 7419 7449 7462 7573 7670 7768 7791 7830 7861 8176 8229 8285 8345 8521 8534 8606 8957 8973 9141 9220 9242 9475 9511 9533 9583 9605 9619 9650 9755 9763 9926 10081 10233 10367 10415 10430 10489 10500 10553 10954 11121 11138 11143 11149 11311 11365 11480 11559 11604 11606 11683 11736 11739 11820 12111 12123 12191 12309 12364 12458 12476 12501 12557 12560 12646 12676 12703 12706 12907 12996 13123 13159 13274 13352 13390 13437 13532 13608 13681 13732 13738 13956 13961 13983 14016 14028 14041 14042 14046 14055 14077 14210 14211 14230 14244 14285 14339 14405 14433 14452 14573 14647 14873 14993 15296 15327 15494
downcast: 9392 10876 15008
downright: 2583 5358 5992 9469 12258
downstairs: 5224
downward: 3256 3935 6095 12638 13890 14410 15452
doze: 1992 2288 5374 14150 14320
dozed: 14283
dr: 13391
drab: 4786 4805 4827 4992 5627
drabbest: 4786
draft: 12783
drag: 2298 2877 2916 5318 9645 10578 13957
dragged: 2255 2624 12721 14162 15494
dragging: 4076 7591
dragon: 364 5636
drags: 3219
drained: 9432
dramatic: 4721 4743 13912
dramatist: 8456
drank: 8697
draught: 1769 7764 8335 8336
draughts: 9426
draughtsmen: 14927
draw: 4182 5557 9298 9483 12248 14827 14876 14878
drawals: 2119
drawers: 8913
drawing: 2120 2651 3656 4859 4980 5718 8772 10936 12592 13693 13830 14051 14340 14624 14730 14744
drawings: 14743 14834
drawled: 12506
drawlingly: 12222
drawn: 1200 2488 3455 3482 3549 3666 3722 8385 10637 12061 14182 14204 14485 14583 14676 14839 14863
draws: 484
dread: 604 696 2265 5188 8787 10096 10687 10944 10962 11790 13039
dreaded: 4159 15241
dreadful: 405 1904 3232 3314 11657
dreadfully: 2012
dreadnaught: 2089
dream: 2249 7548 7581 7628 9076 13242
dreamed: 7549 10550
dreamiest: 1056
dreaminess: 10892 12020
dreaming: 1909 7494 9765
dreams: 2289 7402 7554 11356 12923 14504
dreamt: 2390
dreamy: 1011 8862
dreary: 1304 1332 5384 10443 10875 14072
drenched: 12662 13093
dress: 2354
dressed: 2277 3179 5475 6334 6985
dressing: 2368
drew: 2334 3551 3553 3599 6015 9131 13153 14200
dried: 5711 6789
drif: 11189
drifting: 13072
drifts: 15160
drilled: 9605
drink: 3979 6538 9422 9426 9501 9689
drinking: 6310
drinks: 1437
dripping: 13128
drive: 1474 1548 6249 6714 9401 10368 13002 14243
driven: 650 2592 8811 10968 13103
driver: 6949
drives: 6453 6906
driving: 978 2667 12648 12770
drizzly: 981
dromedary: 14736
drooped: 3403
drooping: 14899 14958
drop: 1071 2568 5581 7130 7644 9080 11578 14408
dropped: 3298 4053 5387 6425 7392 9474 9836 12062 12064 12189 12456
dropping: 1795 2451 4002 6640
drops: 3303
drought: 6786
drous: 12560
drove: 12019
drown: 9899 9927 13753
drowned: 1093 13603
drowning: 3219 3252
drowsy: 8870
druggists: 7897
drumsticks: 8585
drunk: 9997
drunken: 2205 3209
dry: 498 2123 3283 3378 4087 9544 12415
dubious: 1299
dubiously: 6100
ducat: 530
duced: 4421
ducing: 12042
duck: 10067
ducked: 3988
ducking: 13351
ducks: 3936
due: 6647 8763 14486
duelled: 2503
duellist: 10395
dug: 7385 14321
dugongs: 7862
dull: 4260 5459 12022 13855
duly: 1262 13515
dumb: 8581 9327 9329 10681 11002 11037
dumfoundered: 8631
dumpling: 5432
dumplings: 1603 1604 1605 1620
dun: 12573
dung: 606
dungeoned: 10882
dunkirk: 6559
duodecimo: 7848 7851 8218 8233 8265 8273 8303 8314
duodecimos: 8220 8229
duplicate: 5937
durability: 15416
durable: 15421
durand: 14952
durer: 15056
during: 2127 4473 5409 5985 7519 8763 10448 10712 11654 11816 11906 12333 13091 14274 14646
durst: 14242 14439
dusk: 156 9599
duskier: 1536
dusky: 1533 3980 10626 12140 15425
dust: 221 11008 13682
dusting: 218 1744
dusty: 1542 3179
dut: 240
dutch: 255 883 6556 7927 8319 8352 8363 9758 14662 15056
dutchman: 6634
duties: 4873 13762
duty: 1927 3363 3388 4965 5632 8998 12302 13636 13989 13995 14070 14383
dwelling: 2809
dwolf: 11719 11725
dying: 3855 7527
dyspepsia: 5436
dyspepsias: 5433
dyspeptic: 3533 5429
e: 453 523 560 572 2163 2164 2170 3682 4022 4025 4032 4033 4035 5588 6157 8230 9755 15035
each: 717 1059 1160 1599 2459 2506 2672 2674 3457 3642 3857 4352 4510 4634 4702 5702 5856 6284 7041 7049 7134 7161 7202 7283 8011 8013 8562 8860 9182 9232 9333 10116 10915 11216 11218 11219 11499 11576 11878 12010 12282 12597 12936 13112 13170 13266 13271 13277 13292 13303 13344 13346 13348 13354 13356 13361 13978 14115 14123 14133 14150 14454 15247 15430
eager: 3275 3734 12132 12373 13009 15313
eagerly: 899 11921 12066 12076
eagerness: 2005 5011 9186 15320
eagle: 4137
eaimond: 408
ear: 3020 3245 11341 12524 12666
earl: 8181
earlier: 7080 10248 11415
earliest: 2965 8780
earls: 7357
early: 1810 4425 6006 8848 11768
earned: 4792 6358
earnest: 1464 4660 6475 6782 7782 14979
earnestly: 1178 4389 5625 5631 12289
earnestness: 5757 12713
ears: 1410 3361 3380 4233 7086 7798 8726 9784 10098 11107 12545 13481
earth: 305 426 907 2804 2835 3079 3378 3411 3622 3974 4918 5172 5401 6477 6534 6591 7138 9028 9289 9900 10494 12437 12621 12902 13278 15079 15255
earthly: 1178 1716 3969 6929 6990 10334 11045 12975 14800
earthquake: 11764 11765
earthquakes: 10910
earths: 2962 12933
earthsman: 4193
ease: 2112 2483 3112 3525 8650
easier: 12791
easiest: 5844 9672
easily: 11821 13550
east: 1033 3299 10414 12926 13238 13586
easterly: 3088
eastern: 6367 13564 15104
eastward: 13053 13150 15130 15274
easy: 1220 1877 3656 6157 6944 6955 6965 6981 7668 7754 8982 12045 12238 12266 12428 12516 12517 12717 12949 13364 13432 13539
eat: 1298 11104
eaten: 5441 8579
eating: 7597 8258 8702 9768 10410
eats: 1620
eaves: 13522
ebbs: 9068
ebonness: 12159
ebony: 2102
echo: 8495
echoes: 13005
eckermanris: 739
economical: 4813 11577
eddies: 6543 10393 11180
eddy: 4107
eddying: 3368
edge: 9540 10531 12326 12553 15474
edges: 505 1955 2422
edict: 7792
edifices: 8802
edinburgh: 56
edition: 21 14655 14695
edmund: 622 633 6670
educated: 4759
education: 2380
edward: 15540
ee: 2170 5588
eel: 4337 14760
effaced: 10234 11165
effect: 4330 4421 8142 10823 11644 13813 14833 14935 14959
effected: 11431
effects: 2037
effectual: 4535
effeminacy: 13422 13917
effort: 3969 6475
effulgent: 15108
eggs: 2606
egress: 5010
egypt: 4455 11588
egyptian: 6586 6796 10451 14579
egyptians: 1121 8781 8789 8790
eh: 4555 4567 4568 4584 4679 4831 5789 5797 5812 6211 7644 9912
ehrenbreitstein: 2936
eider: 1756
eight: 398 855 5322 6137 9741 9751 9752 9755 12550
eighteen: 2690 6566 8110 11632
eighty: 542
either: 639 793 907 1158 1338 2395 2678 2941 4744 5082 5531 6406 6409 7302 7457 8001 8152 8785 10213 10367 10852 11271 12054 12397 13245 14906 15338
ejaculates: 9031
ejiuman: 9656
elaborate: 11204
elaborately: 15017
elaboration: 15043
elapse: 2272 11906
elapsed: 7348
elastic: 3714 4523 15422
elated: 8409
elbe: 523
elbow: 4108
elbowed: 1519 7045
elderly: 4527
elders: 10655
elected: 10726
election: 1205
electors: 8578
electric: 9473
elegant: 1938
element: 692 1058 3703 6871 8698 14753
elemental: 7253
elements: 1488 3331 13091
elephant: 6318 8047 8318 8692
elephanta: 2795 14592
elephants: 10611 12608 14747 15169
elevated: 7286 13383 15074
elevation: 13382
elevations: 15170
eleven: 5353
eleventh: 7483
elijah: 5853 5855 5860 5878 5881 6026 6038 6041 6045 6058 6071 12335
elijahs: 6109 7175
eliza: 2725
elizabeth: 763
ellery: 2716
elo: 11787
eloquently: 6742
else: 1157 1198 1281 1315 1635 1718 2127 2402 8061 8738 8997 9587 9912 9974 9998 10364 10603 11105 14907 15094 15154
elsewhere: 905 2647 7942 10343 12168 15404
elucidated: 10933
elucidating: 7943
eluded: 4997 14421
eludes: 8057 9064
elusive: 9066 10659 10673
em: 1621 1880 2712 5646 5732 5824 5836 6075 6212 6249 7280 7482 9763 9764 9765 10071 10079 12216 12217 12306 12510 13709 13712
embalmed: 2093 3598 3866 6795
embark: 1271 1296 2829 3842 10257
embarked: 6496 7197 14490
embarking: 3876
embarks: 2803
embarrassed: 2500
embattled: 9644
embattling: 6740
embellished: 219 15245
embellishments: 14650
emblazoning: 11046
emblem: 10631
emblematical: 2612
embodi: 4810
embodiment: 9065
emboldened: 7435 14088
embrace: 8081 10739
embraced: 3856
embraces: 11236
emerge: 7396 14068
emerged: 928 2391 13127
emigrant: 1373
emigrants: 6638
eminence: 10609 10618
eminent: 10223
eminently: 6513
emir: 8496 8501 8507
emotion: 9465 11933 12732
emotions: 7183 10698 10765 12566 12969 15191
emperor: 4478 8577 11807 11855
emperors: 4171 8468 13596 14915
emphasis: 4323 5747
emphatically: 13934
empire: 8444 8453 10615
empires: 4171
employ: 794 7315
employed: 2007 5901 7114 7119 8113 10652 11153 11379 12006 14289
employment: 8127
employments: 11929
employs: 1058 8147
emptied: 14869
empty: 323 2104 2489 4143 5249 6603 8667 8772 8773 12664 14358
emulation: 6510
en: 599 3572 10114 10217 11303 12564 14242 14858
enable: 1144 3738 11304 15544
encamp: 13886
encamped: 15121
encasing: 8913
ence: 8546 10214 10563 10999 11982 14923
ences: 11910
enchanted: 9067 9387
enchanting: 1056
encircles: 8453
encircling: 10942
enclosed: 4122 6096
encom: 15259
encounter: 6360 6946 7879 10143 10198 10403 10447 10581 11246 11273 11629
encountered: 6439 6833 7004 10129 10278 11331 11878 13471
encountering: 7007 13271
encounters: 10161 11290
end: 1590 4055 4983 5488 5689 6908 6983 7333 7570 7571 7964 9490 9607 10191 10351 10483 11479 11927 11968 12349 12453 12938 14116 14250 14312 15471 15475 15490 15491 15497 15585
endangered: 11449
endeavoured: 1463 5329
endeavours: 3070 7758
ended: 1386 1451 2993 3855 3966
endless: 1250 3007 6366 6588 7939 9534 13238 14593 15147
endlessly: 10784
endlessness: 3968
ends: 4509 5945 7137 8074 8217 8434 12901 13278 13382 15471
endued: 6816
endure: 6783 6797 6798 11345
endures: 773
enduring: 11318
enemies: 701 4481
enemy: 5440
enemys: 12135
energies: 13728
energy: 4423 4617 7177
enfeebled: 10560
enforced: 10795
engage: 4863
engaged: 766 901 1819 1897 3575 6189 6269 6518 6942 6944
engendering: 6871 9011
engine: 15550
engineering: 7118
engines: 13725
england: 1462 2485 2603 4138 7072 7613 7891 11000 13270
englander: 11726
englands: 14922
english: 261 767 883 4168 6689 7744 7873 7923 7924 7928 7935 8276 8320 9958 10034 10294 11778 13317 13318 13323 13327 13335 13336 14672 14927 15456
englishman: 13321
engrafted: 2871
engraved: 14835
engraving: 14878 14962
engravings: 14856 14921 14940 14950 14951
engrossed: 11661
engrossing: 10543
engulphed: 3374
enhance: 7901
enhances: 6539 10606
enigmatical: 12334
enjoined: 4390
enjoining: 15285
enjoy: 1104 3671 9547 11499
enjoyed: 2921
enjoying: 4520 9551
enlarge: 3509
enlarged: 7883 11418
enlarges: 8966
enlightened: 6632
enlightening: 3800
enlist: 10812 14495
enlisting: 9017
enormous: 775 1504 3598 4232 11582 12607
enormousness: 11584
enough: 1135 1292 1374 1400 1474 1646 1742 1754 1922 1923 2044 2066 2379 2529 2601 2603 3149 3890 4402 4620 4976 5074 5085 5745 5782 6114 6237 6673 7212 8532 8702 9341 10212 10334 10938 12027 12234 12586 14185 14301 14699 15077
enraged: 6880 9329 12611 14107
enriched: 4314
enrolled: 915 5600
enshrined: 6191
ensigns: 13351
ensue: 10150
ensued: 3038 13472 13959
ensuing: 11313
ensure: 14250
entablatures: 10499
entailed: 1170
entangle: 11252
enter: 139 405 1179 1536 7381 7468 7675 8742 9090 12840 14817
entered: 1529 1651 2001 2855 2873 5391 11646 12858
entering: 1344 1451 1563 2669 6696 12851
enters: 3175 8525 8743
entertaining: 312 5182
entertainment: 1360
enthusiasm: 3405
entire: 2271 2502 4043 5250 7841 8038 8285 8650 8891 9143 10111 11200 11420 12760 13446 13865 15449 15451 15484 15499
entirely: 783 2249 3525 3656 3911 4272 8817 10869 11591 11723 11964 14928 15420
entitle: 2803
entitled: 5628 7673 8927 11659 14663 14673
entombment: 14110
entrance: 1708 2769 6090
entrances: 907
entreat: 14515
entreaty: 12486
entrench: 8441
entrenched: 13975
entry: 1452 1466 1507 1533 1644 1782 4299 5298
enumerate: 8308
enumerated: 8031
envelope: 8912 15567
enveloped: 1646 15574
envelops: 14782
enviable: 8924
envious: 9528
envoy: 10647
eo: 2742
episode: 8468
epitaphs: 6450
equal: 620 3527 3601 7768 8383 15439
equality: 6910 6920
equalled: 10318
equally: 13270 13305
equator: 1429
equatorial: 11312
equipped: 5913
equivalent: 8357
ere: 1296 1837 1905 2854 3104 3156 3165 5061 6839 7147 7243 7256 7300 7326 7395 7659 8423 8523 8770 8785 8848 9418 11280 11601 11906 12353 12685 13726 13843 13860 14566
erect: 7105 7287 12197 12372 12422 12456 13132 14882 14976
erected: 2698 2758 8850 12610
erecting: 12398
erection: 860 4505
erections: 8332
ergo: 3631
erie: 13564 13573 13853
ermine: 10636
errand: 2666 4662 13050
errant: 11944
erro: 2560
erromangoan: 296
erroneous: 192 14813 14890 14973
error: 8971 11541
errors: 8969 8977
erudite: 10285
erudition: 13392
eruption: 1649
escape: 3363 8676 10772 11339 11380 11432 12586 15557
escaped: 2075 2912 8291 10132 10322 11722 12631 15141
escaping: 11369 11603
eschewed: 2528
especi: 4800
especially: 983 1465 1539 1771 3500 3871 3949 4223 4857 4906 5321 5933 6237 6354 7198 7248 7362 7865 10216 10289 10931 11539 12256 12925 13267 13282 13652 13873 14066 14819 15152
espying: 13693
essay: 7772
essayed: 7669
essays: 3113 15072
essence: 10495 11034
essences: 3703
essential: 6754 8010 13315
essentially: 2359
essex: 749 11598 11621
estab: 1136 6112
establish: 6504
established: 11591
establishing: 11537
establishment: 6629
estate: 13713
esteem: 4401 6755
esti: 13264
estimation: 2524 6833
esting: 11414
etc: 194 8319 14820
etchings: 835
eternal: 2805 3422 6629 7148 7351 10707 10962 11377 15248
eternally: 6345 14753 14805
eternam: 10707
eternity: 2832 3427 10262
ethereal: 6917
ethiopian: 4478
etymology: 212 226
eulogy: 6670
euroclydon: 1389 1390 1393 1412
europe: 631 6622 10899 14909
european: 6594
evanescent: 11934
evangelical: 5473 12522
evangelist: 10841 13907
evangelists: 14524 14542 14546
eve: 2824 7363 13511
even: 320 363 605 1144 1494 1670 2058 2286 2549 2820 2868 3241 3371 3373 3399 3479 3717 3754 3805 3903 4179 5170 5333 6000 6483 6534 6746 6751 6914 7039 7330 7720 7965 8138 8214 8329 8428 8451 8492 8568 8611 8769 8773 8804 8866 8909 8983 9108 9230 9245 9307 9349 10202 10233 10242 10266 10284 10333 10346 10412 10453 10460 10468 10609 10627 10638 10680 10699 10837 10840 10887 10985 11002 11057 11248 11331 11333 11828 11873 11905 11943 11946 11969 11970 11994 12422 12869 12919 12932 13120 13256 13261 13304 13368 13582 13641 13779 14572 14647 14708 14758 14802 14937 15145 15170 15172 15233
evening: 1636 3539 3605 4206 4771 5191 5215 5442 9676 10077 10730 13667 13744 15580
event: 9334 11799 12326
events: 2316 5325 6584 8425 10162 11648 12056 12703 13518 13624 13683 14380
eventual: 3320
eventually: 4880 8431 10157 10194 13261 14427
eventuated: 6627
ever: 218 319 925 1044 1100 1106 1165 1389 1486 1515 1579 2052 2286 2299 2375 2962 3029 3253 3411 3701 3907 4083 4363 4366 4550 4563 4615 4856 4976 5038 5122 5229 5344 5435 5572 5573 5596 5909 6202 6293 6321 6449 6593 6646 6722 6929 6957 6958 7145 7261 7288 7323 7451 7454 7712 7998 8333 8334 8395 8416 8457 8617 8731 8828 9082 9105 9283 9347 9531 9579 9670 10189 10328 10402 10484 10577 10712 11229 11554 11564 11583 11865 11907 12017 12026 12258 12702 12738 13094 13216 13419 13568 13882 13886 14215 14580 14585 15003 15190 15224 15351 15417 15495 15577
everlasting: 1239 1416 4154 5552 5677 8108 15192
everlastingly: 13085
evermore: 9900
every: 308 644 694 697 700 775 824 856 983 1077 1110 1455 1953 2365 2498 2632 2910 2985 3170 3236 3406 3453 3846 3989 4048 4122 4361 5536 5551 5675 5678 5802 5977 5979 5990 6088 6146 6361 6362 6375 6568 6654 7170 7201 7204 7208 7301 7387 7474 7726 7948 8019 8159 8496 8690 8726 8860 9014 9063 9064 9070 9110 9114 9180 9315 9377 9416 9729 10148 10172 10231 10365 10375 10626 10730 11046 11054 11164 11219 11282 11567 11638 11731 11808 11847 11981 12019 12048 12139 12248 12368 12429 12574 12637 12838 12976 12989 12994 12995 13006 13008 13010 13027 13064 13095 13631 13654 13744 14081 14602 14913 14947 15298 15501 15523 15541 15550
everybody: 1157 5958 9134 9140 12890
everybodys: 5168
everyone: 1052 2523 5915 6989 11755
everything: 1274 5604 5896 5991 6209 8813 8871 15474
everythings: 5937
everyway: 4387
everywhere: 1315 3364
evidence: 1869
evil: 3111 10421 10568
evilly: 12156
evince: 11989
evinced: 6828 8351 8845 10362 10763 12113 12876 12917 13216 13934 14783 14920
evincing: 13189
evoke: 10879
ewer: 9480
ex: 903 3485 7799
exact: 4810 5612 7745 11644 12107 15093
exacted: 8416
exactitude: 11229
exactly: 1212 1222 2092 3504 4659 5079 5151 12876 13763 14786
exactness: 14800
exaggerate: 10159
exaggerating: 10927 11811
exalted: 6916
examine: 11720 15076
examined: 2148
examining: 1564
example: 8025 8159 11269 11584 11674 11741 11887 13633 15184
examples: 10934 11772 11780
exasper: 1502
exasperated: 4052 6954 13736
exasperating: 1860 10389
exasperations: 10407
exceed: 5063 8138 14521
exceeded: 10306
exceeding: 422 8226 15376
exceedingly: 2422 4667 4933 7895 8256 8861
exceeds: 11238
excellence: 4399
excellent: 3760 4318 5972 6795 7747 14945
excellently: 9430
excep: 8199
except: 3702 4476 6254 8067 8731 9073 9137 9338 10962 11811 13262 13937
excepting: 14828
exception: 8735
exceptionable: 11880
exchange: 13309 13401
exchanging: 3579 13401
excite: 7315 14831
excited: 784 3461 9183 9294 14981
excitedly: 7427
excitement: 12909 14363
excitements: 8881
exciting: 12989
exclaimed: 946 1916 5268 13946 15344
exclaiming: 9208
exclamation: 4618 7425 12138
exclamations: 13370
exclude: 7835
excursion: 6139
excuse: 9797 14539
execute: 14213
executed: 14856
executor: 12784
executors: 6727 14775
exercise: 1183
exert: 10854 10893
exhaling: 6992
exhausted: 4800 14193
exhausting: 11355
exhaustion: 13783
exhibited: 10931 15001 15376
exhibiting: 2135 9207
exhibition: 7666
exile: 15033
exiled: 10502 10748
exist: 11018 11383
existence: 8346 10106
existing: 7715
exists: 3674 7063 7678
exordium: 12254
expand: 11237 13436
expanded: 775 7824 13654
expandingly: 15101
expanse: 900 12199
expanses: 11246
expansion: 11790
expansive: 3483 13574
expatiate: 8780
expectantly: 12133
expected: 5989 6978
expedition: 4319 11693
expeditions: 6599
expen: 1311
expense: 6558 12701
expensive: 1323
experi: 10990 14922
experience: 4652 10310 10829
experienced: 2314 3708 3849 4150 12748 14709 14907
experiences: 6869 7194 10240 11482
experiment: 1045 4321 15430
experiments: 8967
expired: 9473
explain: 2246 2309 3573 5545 10574 10601 10602
explained: 4310 9267
exploded: 12620
explored: 4152 6592
exploring: 6599
explosion: 15569
exported: 13596
expose: 6885
exposed: 5933 15471
exposes: 3160
expostulations: 2331
exposure: 11608
express: 660 3920 7792 11524 13899 14269
expressed: 4685 10805
expresses: 7894
expressing: 5436
expression: 4031 7070 14761
expressions: 7293 14872
expressive: 10836 13393
extant: 1395 14590
exten: 1201
extended: 942 9454 11875
extending: 685 11079 14674
extension: 4173
extent: 5927
external: 8031 8441 9399 15393
externals: 7816 8405
extinct: 4440
extinguished: 2151
extinguishing: 2129
extorting: 8410
extra: 11280 12856 12873
extracted: 423 8256 14662
extracting: 2333
extracts: 300 309 312 341 446 570 690 799 922 7709 11638
extraordinary: 2037 9137 12837
extravaganzas: 4125
extreme: 999 6867 8449 12326 12374 12712 14436 15504
extremely: 5415
extremest: 1027
extremity: 793
exultation: 2997
exulting: 10365
eye: 313 1067 2985 3094 3111 3333 4037 4040 4261 4534 4585 4606 4806 5106 5582 5588 5637 5816 6384 6410 7256 7295 9014 9018 9294 9351 9418 9432 9468 9675 9678 10179 10803 11146 11464 12139 12306 12378 13009 13773 13828 14005 14401 14568 14680 14687 14689 15472 15524
eyed: 9022 10724 12936 14371
eyeing: 1934 2340 2677 2857 3149 4051 4088 4852 5626 9145 9265 9416 12378 13173
eyelashes: 13103
eyeless: 10880
eyelids: 7798
eyes: 323 1098 1402 1686 2111 2290 2337 2392 2989 3201 3338 3405 3469 3697 3700 3702 3705 4531 4534 4943 4948 5631 5655 5995 6166 6306 6801 7068 7167 7454 8283 8565 9147 9220 9392 9417 9613 9685 10735 10742 10746 10986 11061 11368 11396 11649 12200 12247 12373 12455 12480 12525 12543 12605 12638 12663 12831 13125 13133 13428 13443 13719 13732 15008
eyest: 13137
ezekiel: 2748
f: 4287 6511 6586 13719
fa: 9683 9687
fable: 527 592 8725 11546
fabled: 15120
fabric: 12043
fabricated: 7513
fabulous: 7723 8306 10161 10317 14635
face: 1676 1684 2006 2009 2019 2073 2128 2407 2412 2947 2948 3027 3127 3254 3383 3404 3431 3445 3446 3464 4025 5532 5709 6095 6120 6122 6125 6379 6650 6978 7171 7229 7296 7521 8109 8483 8524 9299 10179 10266 12290 12756 13003 13732 13768 13806 14472 15337
faced: 2327 4514 8670
faces: 1355 9144 13591 13754
facetious: 11587
facetiousness: 11586
facilitat: 7998
facilitate: 15481
facing: 8813 8816 12603
facsimiles: 14943
fact: 1497 1710 2066 2351 2839 4622 4649 5081 6067 6504 7568 7787 7938 8351 10448 10512 11196 11297 11563 11638 11820 13701 14779
faction: 10824
facts: 6524 6740 6741 11544 11800
faculties: 10939
faded: 5706
fail: 580 953 2662 3850 6870 8431 8979 9737 10159 10812 10829 10837 11798 15102
failed: 885
failures: 12653
fain: 1600 6454 6462 6739 7667 7795 8659 9464 10693 13929
faint: 1494 7335 10282 12667 14358
faintest: 5374
fainting: 8170
faintly: 1366
faintness: 11342
fair: 1726 2966 4893 6409 6833 7213 9348 9349 10038 11078 15218
fairest: 9079
fairie: 437
fairly: 1476 3169 5952 6496 9304 13203 14484 14570 14748
fairy: 10899
faith: 2793 2819 10652 12659 14573
faithful: 2935 3318 8986 10646 11622 15072
falconers: 646
fall: 3264 5167 5902 6885 7479 7600 8882 9420 10415 11907
fallen: 2288 10877
falling: 1030 2025
false: 3199 3383 3399 7558 8936
faltering: 9251
famed: 11505
familiar: 3738 7829 9100
familiarity: 10320
familiarly: 8383 11418
families: 6560 7677
family: 1137 5064 6082 8403 8584 10501 12799
famine: 6786
famishing: 14086
famous: 1275 2595 2859 3577 4214 6660 6661 6663 6788 7041 8209 8446 8806 8867 10722 11499 11501 11692 12777 13490 14348 14370 14592 14714
fan: 9241 9260
fancied: 314 1116 3453 11826 12323 14764
fancies: 1491 11385
fancy: 1538 2083 2123 2210 5179 5994 6849 10186 10875 10894 10898 13322 15031 15377
fancying: 10962
fanged: 10682
fangs: 703 10533
fanning: 6542 13278
fantastic: 10493 15080
far: 310 829 1184 1363 1428 1680 3084 3139 3202 3240 3410 3592 3733 3748 4833 5049 5673 5920 6823 6834 6898 7185 7747 7750 7880 8275 8395 8521 9057 9265 9537 10155 10164 10302 10482 10489 10493 10527 10645 10982 11024 11320 11412 11448 11845 11869 12381 12441 12474 12502 12739 12918 12960 13036 13155 13217 13242 13278 13307 13438 13568 13625 13639 13844 14062 14112 14217 14441 14826 14853 14935 15115 15312 15363 15422
farces: 1221
fare: 317 1602 2123 3156 8885
fared: 6452
fares: 8716
farewell: 6240 6364 9713 9714
farings: 2941
farmer: 7572
farmers: 3901
farrago: 1844
farthing: 4939
fasces: 15118
fascinated: 2086
fashion: 4720 5856 6132 7416 7625 13384
fashioned: 1452 2889 2959 4451 4521 7271 7807 8624 11736 15073
fashions: 12044
fast: 3244 3913 5341 5419 6787 10452 12598 14383 14389
fasten: 4484
fastened: 5204 8565
fastening: 15481
fastidious: 14806
fasting: 4427 4431 5165 5418
fastly: 5626
fat: 422 8356 9760
fatal: 2147 10153 10403 11482 14321 15569
fatalists: 13098
fatalities: 10371
fatality: 10153 10565 13555 13884 14334 14380
fate: 2826 2827 6430 12083
fates: 1195 1213 12024
father: 2859 2863 2870 2893 2903 2914 2921 2978 3424 3757 3821 3933 5439 5560 13689
fatherless: 4701
fathers: 2628 3764 3767 3807 6860 8938 9444
fathom: 10396 13168
fathoms: 3369 4980 15441 15508
fattening: 6135
fatter: 711
fault: 14006 14836 14874
faulty: 7760
favour: 2280
favourable: 2966
favoured: 13547
favourite: 1696 2860 4317
fear: 518 2203 2312 2585 3281 3283 3284 3334 3761 4982 5085 5635 5652 5657 7392 10083 10956 10957 13547 14535
feared: 14068
fearful: 3828 7771 10173 10854 11658 12533 14369
fearfully: 8683 10203
fearfulness: 6445 10964
fearing: 13986
fearless: 4159 6834 7290 10782 13657
fearlessly: 10149
fearlessness: 7017
fears: 2298 3057 11657 14087
feast: 3923 3927 5438 8644
feasts: 3920 3937
feat: 2626 9154 9374
feather: 12446
feathers: 13088
feathery: 10715
feature: 2939 7960
featured: 8473
features: 4468 6977 7936 8002 8091 9336 10345 13919
featuring: 12054
februarys: 2868
fed: 180 8254 8697 8755
fedallah: 12172 12200 12345 12808 12888 12914 12921 12963
federated: 7135
fee: 6267
feeble: 3827
feed: 9651
feeding: 4351 7865 11207 11245 11274 11321 15370
feeds: 2819 11403 15132
feegee: 295 8196
feegeeans: 2560
feegees: 1642
feel: 321 1080 1628 1981 2781 3008 3050 3548 3679 3702 4565 4635 4806 5633 6892 8508 8895 9368 9537 9539 9607 9651 9683 10083 10410 10578 12566 12999 13646 15579
feeling: 1740 1861 2112 2154 2285 2313 2323 5000 5354 6114 9038 9656 10097 13378 13780 13801
feelingly: 10224
feelings: 993 2823 3542 13233 15179
feels: 3189 3215 3239 3314 7375 8903 10938 10944
feet: 502 542 677 1042 1392 1442 1530 1682 2278 2279 3237 3247 3444 4006 4506 4661 5376 6130 6343 6449 7106 7962 8093 8110 8137 8138 8139 8226 8423 8820 8863 9061 9479 9487 9928 11084 11714 12384 12404 12410 12601 12666 12976 12999 13669 14688 15222 15376 15461
feline: 10469
fell: 867 2950 3403 9468 10404 11461 11606 11715 12342 12502 13054 13185 13840 14149 14396 15130
felled: 2568
fellow: 733 1604 2332 2351 2583 3626 3628 3995 4006 4044 4065 5749 5838 6756 6999 7595 7603 8670 11557 12403 12766 13677 15425
fellows: 2460 2567 6137 6891 7479 8651 11560 12234
felonious: 8291
felt: 1952 2265 2277 2291 2324 3542 3659 3668 3711 3712 3718 3831 3848 4491 5139 5150 5152 5153 5191 5319 6295 7182 9676 10429 10439 11747 12791 12987 13778
female: 940
feminam: 7799
fence: 580
fenced: 10728
fencers: 12350
feo: 7485
fer: 1313
ferdi: 11743
feriors: 12278
fernandez: 11744
ferocious: 10232
ferociousness: 10696
ferocity: 4621 10136 10375
ferreting: 6590
fertility: 13868
ferule: 8210
fes: 14534
festival: 10645
festoon: 15507
festooned: 11011
festooning: 15526
fetch: 1776 5030 5241 9308 9321 12242 12803
fetching: 1875 5944 5947 11680
fetid: 14085
feud: 10098
fever: 12563
few: 925 1008 1302 1694 2252 2464 2576 2630 2661 3574 3711 3736 4075 4323 6059 7268 7332 7700 7725 7990 8498 8826 8852 9096 10107 10196 10198 10247 10868 11236 11623 11679 11917 12071 13114 13291 13338 13806 14025 14157 14961 15350 15366 15545
fibres: 4512 15139
ficiencies: 5746
fickleness: 11925
fictitious: 12529
fiddle: 2959
fidelity: 10648
fidently: 12112
field: 7683 9605 10400 10912 13942 14723
fields: 1023 6332 13868 15134
fiend: 13734 15229
fiendish: 10552
fiends: 9351 11365
fierce: 614 7195 10682 14002
fiercely: 9174 14125 14387
fierceness: 551
fiery: 1430 3469 4491 4984 4986 5091 5638 9464 9494 11065 11869 13732
fife: 541 547
fifteen: 664 1520 8093 8138 8769 13394
fifth: 5733 14091
fifties: 3459
fiftieth: 3453 8030
fifty: 398 578 1519 3457 3458 5440 6652 6716 7561 8820 11117 11553 11746 11820 12404 12608 13725 14362 15430
fight: 2012 6950 9542 9657 9948 11948 12832
fighting: 4715 6850 6856
fights: 6461 14912
figuera: 15098
figure: 2236 2401 4697 4934 5613 8117 8281 10614 12155 12162 14548 14828
figured: 6692 6694
figures: 14635
file: 9786 13708
filed: 3986 8687
files: 13298
fill: 1560 8658 9492 11082 14358
filled: 1542 5138 7755 8655 9394 15103
filling: 6163 7418 12014 12998
filliping: 9762
fin: 7856 7945 7947 7956 7961 7962 7966 7969 7973 7983 8001 8006 8112 9064 9290 9374 14785 14787
final: 1497 2642 3424 6200 6388 7527 8786 9670 10447 11930 11951 11952 12042
finally: 750 1182 3063 4442 4788 5463 5882 6085 7799 8326 9513 10196 11521 12044 12502 12779 14421
find: 307 586 979 981 1478 2607 3130 3171 3888 4429 4652 5169 6075 6077 6728 6838 6861 6961 7264 8029 8782 8998 9556 10229 11535 13391 13531 13882 14656 14910 15005 15256 15369 15495
finding: 3251 4605 5548 8150 14498 14801
finds: 3107 3180 3202 7460 11554 12567 13678
fine: 1274 1414 1689 2421 2635 2646 2829 2858 3528 3794 4102 4325 4530 5401 6400 8188 8241 8255 9733 10071 11698 12221 12403 12430 12723 13512 13860 13912 14185 14950 14959 15056
finest: 1728 6924 14853
finger: 3952 5721 5816 13390 14015 14788 15284
fingers: 1602 2119 3945 8987 14788 14790
finical: 13348
finished: 1406 2893 8332 13936 14925
finny: 708
fins: 8282 8285 11340 13207
finxl: 4607
fire: 651 654 1535 1598 1942 1948 2104 2105 2108 2118 2129 2173 3444 3536 3606 3670 3689 4433 6595 7222 7533 8830 9570 9832 9955 9998 10640 11369 11864 12643 13725 15580
fired: 4987 11647
fires: 3963
fireside: 4908 8927 10221
firm: 6875 10460
firma: 10164
firmest: 7289
firmly: 12410 13100
firmness: 13616
first: 158 176 530 682 727 752 1079 1080 1134 1189 1280 1283 1284 1345 1461 1650 1744 1766 1867 2022 2093 2113 2242 2354 2396 2541 2544 2592 2665 2870 2911 2964 2966 3041 3230 3504 3537 3555 3907 4148 4221 4222 4224 4252 4366 4497 4934 5225 5390 5431 5459 5508 5513 5541 5552 6298 6321 6503 6597 6624 6633 6637 6645 6664 6666 6985 7052 7172 7268 7300 7451 7480 7785 7828 7843 7893 7908 8332 8386 8496 8587 8607 8635 8764 8799 9529 9664 9922 10689 10712 10936 11251 11430 11462 11549 11598 11635 12147 12232 12320 12408 12494 12564 12565 12567 12582 12671 12934 12963 13190 13350 13356 13489 13518 13753 13801 14124 14128 14136 14256 14407 14644 14858 15094 15107 15171 15319 15429 15481 15487 15527
fisch: 7926
fish: 231 356 638 711 1313 1349 1494 1947 3042 3375 4032 4344 4352 5573 6689 6856 7018 7788 7790 7807 7810 7812 7817 7826 7829 7830 7838 7839 7861 7862 7863 7888 8083 8087 8100 8101 8104 8146 8196 8231 8245 9617 10236 10706 11461 11848 12098 12118 12594 12686 13084 13205 13526 13707 13708 14255 14370 14383 14616 14637 14744 14885 15116 15184 15392
fisheries: 9018 13155 14674
fisherman: 931 9444
fishermen: 615 2661 7916 7929 8097 10106 10247 11489 13173 14961 15014
fishermens: 4351 7990 8101
fishers: 8277 8991 8995
fishery: 624 686 2566 2587 2779 5930 6511 6620 6829 6839 7041 7066 7094 7115 7117 8352 8362 8369 8848 9026 10135 10141 10172 10240 10248 10373 11471 11482 11545 11550 11554 12750 12778 13407 13935 14923 15407 15420
fishes: 374 592 694 8225
fishiest: 4340
fishing: 4317
fishs: 3049 3306
fishy: 4340 4348
fissures: 2866
fist: 8623
fit: 2589 3214 5209 5293 5872 5991 6558 6795 13074 15459
fitly: 7077
fitness: 10527
fits: 8708 9567 12509 12510
fitted: 4409 4601 5052
fitting: 12866
five: 1596 3121 6068 7107 8093 8137 8226 8771 11215 11216 11317 12140 12196 12226 12341 12355 12856 13262 14425 14446 14688
fixed: 460 1015 1067 2317 5091 5720 5822 7290 8398 8944 8953 9589 9676 10848 10969 11551 12025 12124 12355 12456 12480 12881 13825
fixedly: 9103
fixes: 10923
flag: 4466 7109 10217 10614 10978 14901
flagon: 9424
flags: 220
flail: 455
flake: 12431
flaked: 7354
flakes: 4313 13058
flaky: 10678
flame: 2116 3196 3592 3730 10641
flames: 4989 9287 11364
flaming: 10729 12646
flank: 6953 9441 14399 14879
flanked: 13592
flanks: 10327 11454 13208
flannel: 5956
flap: 9391 11086
flash: 3776 13591 14865 14914
flashed: 7454 7490
flashing: 10731
flashings: 9537
flask: 6393 6412 6998 7023 7031 7111 7546 7554 7561 7581 7590 7628 7634 7635 7643 7646 8504 8525 8583 8586 8591 8593 8604 8606 8607 8611 8613 8615 8616 8622 8628 8630 8953 9117 9153 9265 9457 9467 10564 11124 12198 12207 12219 12387 12416 12426 12431 12433 12509 12529 12747 12750 12754 12810 12816 15348
flasks: 1549 8608 8628 12381 12412 12413
flat: 7829 12412
flatter: 3674
flattering: 11298 15200
flavour: 4325 4348
flaxen: 12431
fled: 3362 10470 11394
flee: 3076 3092 3137 10271
fleece: 10697
fleet: 4388 8348 9909 10119 11200 13589
fleeting: 9691
fleets: 6557 10914
flesh: 2558 4812 6783
fleshly: 8908
fleshy: 14789
flew: 1751 2856 3023 3986 4047 5303 6428 10773 12258 12475 13058 13063
flies: 435 9832
flight: 3168 10238
flights: 11203
fling: 12415 12723
flingers: 7039
flinging: 2479 4056 11436 14024
flint: 12290
flints: 12706
flinty: 1318
flirted: 12502
flitting: 9067 11549 12149 13039 15316
float: 8995 13598
floated: 1249 1686 2946 10313 10456 10769 14749 15213
floating: 500 698 1473 4173 12634 12679 12902 15161 15334
floats: 3299 13915 13926 14869
flog: 14171 14196
flogged: 14020 14030
flogging: 8212 14038
flood: 705 1247 4156 4186 4666 6332 15217
floods: 3050
floor: 1911 1945 2003 2059 2267 2352 2877 2891 3204 4366 5390 8688 9795 13125
floors: 9796
floundered: 693 761
floundering: 14738
flounders: 712
flourish: 989 6607 6867
flourished: 6152
flourishing: 2165
flourishings: 2171
flouts: 3076
flow: 9615
flowed: 5709
flowered: 7336
flowering: 2865
flowers: 2641 2787
flowery: 2622 13914
flowing: 10475 13685
flows: 10473 13874
fluid: 8256
fluke: 9211
flukes: 1905 2184 4566 4989 12101 14613 14669
flung: 1521 1645 7390 12573 13883
flutterings: 9910 10739
fly: 410 6458
flying: 1346 1843 2945 4042 5591 12471 12740 15116 15550
foal: 11006
foaled: 10981
foam: 384 3972 3979 4065 8052 10355 12525 13058 14393 14457
fob: 62 7159
foe: 4489 4769 6464 10395 10570 14222 15228
foes: 5091 6161 8210
foetal: 10193
fog: 2994 10839
foggy: 12741
fogs: 8812
foi: 11154
foible: 13336
foibles: 13339
fold: 580 6802 10484
folded: 2988 6096 8820
folder: 8156
folding: 1937 3039 10773
folds: 4194 7960 15516
folger: 6679
folgers: 6680
folio: 7847 7850 7859 7906 7945 8043 8055 8063 8074 8119 8196 8210 8279 8313
folios: 7854 7922
folks: 1888 7470
follow: 2113 3613 4141 5370 5860 7664 9305 9720 9722 10860 11271 11428
followed: 1328 2435 3753 4469 4817 4974 5686 6185 7018 10896 11138 12508 13609 13810
following: 1267 1296 2679 2995 4179 5233 5904 7712 7854 7917 8311 10934 11638 13487 15358
follows: 7796 8505
fond: 12788
fondly: 11282
food: 4317 8148 8654 8809 11189 11848 11945 15368 15369 15371 15373
fool: 5838 5844 7553 9801 13837 14018 14326
fooling: 1895
foolish: 5109 5417 7630 13814 15217
foolishly: 3176 6848
fools: 5113 6887
foot: 1317 1762 1763 1909 2901 3784 4353 4703 5212 7462 7571 7601 9076 12133 12412 14158 14454
footed: 4452 7572
footfall: 1994
footmanism: 5172
footpads: 1559
footprints: 9104 9105
forbade: 8580 8591 12650 13194
forbear: 11740 13801
forbearance: 13776 13812
forbidding: 4668
forborne: 13818
force: 4727 5283 11988 12269
forced: 518 3278 9472 9651 10320 10440 10452 11355 11386 14495
forces: 7035 7119 10813
forcibly: 7199
ford: 2631
fore: 3252 4902 5678 6818 7453 9665 11396 12123 13208 14067 14322
foreboding: 7217 9388
forecast: 4400
forecastle: 160 1126 1183 1188 6092 7147 7390 8309 8624 9623 9707 9747 9841 9935 10030 11502 12909 13958 13973 14016 14041 14066 14084 14157 14235 14303
forecastles: 15060
forefinger: 5705
foregoing: 9399 11415
foreground: 14897
forehead: 1574 2049 3186 3482 3587 3856 5393 10344 11160 11605 14324
foreign: 2549 3798 10937 13266
foremast: 5559 9377 13153 14426
foremost: 2962 9643 12751 12756 14136 14999
forenoon: 7215 10713
forerunning: 12471
foresail: 9710
foreseeing: 11913
foreseen: 12863
forests: 2568 7073 10900 13593 13870
forever: 326 1053 3967 8443 8622 10748 10920 11055 11155 11403 13029 13239 13905 14490 15006 15201 15224
forewarned: 5088
forfeitures: 2805
forger: 3171
forges: 3964
forget: 6405 8457 8714 13123 13635 14018
forgetful: 14362
forgetting: 15329
forgot: 7417
forgotten: 4398 11556 13013 13406
fork: 8570 8663
forked: 10641 11364 12642
forks: 5916 9430
forlorn: 1364 12656
forlornly: 6463
forlornness: 12658
form: 694 724 907 2295 2626 3630 4077 7025 7225 8016 8118 9065 9786 10471 10600 10931 11537 12430 12675 14567 14607 14766 15367 15443
formation: 8801
formed: 1199 1772 2942 4523 4742 7959 8019 8634 9415 10050 10193 11020 12141 15446
former: 381 2940 7044 8117 8364 10228 10999 11150 11263 14108 14170 14491
formidable: 793 7878
forming: 2722 9070 13480
formless: 11398 15339
forms: 3922 7364 8429 8432 8437 13062 15082 15153
fornica: 6412
forswearing: 11618
fort: 9947
fortable: 5402 6948 6959
forth: 1285 2476 2868 2947 2997 3290 3412 4324 4359 4480 4860 6273 7332 7335 7803 9335 9492 9584 10459 10716 11017 11030 14605
forthwith: 11618
fortitude: 6806 6883 7289 10156
fortress: 7109 14901
forts: 4173
fortunately: 11590
fortune: 4888
fortunes: 4410 4890 12917
forty: 398 729 1530 7250
forward: 891 4515 4655 4664 6024 6091 6263 7290 8386 9629 9741 12066 12619 13104 13731 14066 14075 15499
fought: 2669 4455 15345
foul: 369 2966 14130
found: 598 613 1451 1492 1531 1563 1761 1768 2230 2670 3067 3441 3459 3501 3664 4124 4143 4365 4518 4906 5071 5951 6088 6092 6093 6294 6314 7203 7446 7746 7792 8110 8141 8159 8189 8234 8266 8275 8278 10303 10534 10854 11201 11258 11293 11416 11583 11722 11739 11759 11841 11846 11850 12867 12904 12912 13082 13650 14286 14579 14591 14818 14855 14874
foundation: 13384 13439
foundations: 7770
founded: 8000 8799
founder: 4976 13548
foundered: 1501
foundering: 2994 4983 13745
fountain: 1092 3979 10315 13088
four: 376 771 1488 1596 1764 1890 1923 1941 3044 3045 3666 3833 4364 4453 4629 5376 6068 6446 7387 7458 7962 8226 8771 8801 8889 8989 10579 10655 11166 11516 11745 12206 12473 12950 13167 13465 13954 13974 14084 14319 14386 14420 14737 14787 14823 14939 15325
fourth: 8240 12195 12789 14082 14449
fowl: 1119 10766 10769 10773
fowls: 1116 8852 13084 14885
fragments: 4181
fragrant: 3920
frame: 2292 10013
frames: 2567
framework: 8691
france: 6557 14488 14913
frankfort: 8577
franklin: 6678
frankly: 9008
frantic: 5400 6086 8650 9514 10405 10910 11381 12768 14133
fray: 7252
fre: 572
freckled: 4259
frederick: 805 7704 14713 14719 14824
free: 692 757 3656 5259 8650 8936 9514 12045 12049 12050 12053 12062 12717 13364 13551 14412 14692 15454
freebooters: 13885
freebooting: 13570
freed: 12329 13760
freely: 3162 6308 6541 6579 8908 13911
freer: 3483
freewill: 1228
freezing: 4064 6315
freight: 15462
french: 293 618 4454 7875 7925 9770 9782 9852 10706 10710 14494 14856 14908 14919 14951 14955
frenzies: 10987 11358
frenzy: 12457 14367
frequency: 11552
frequented: 5931 7093 10105
frequently: 529 794 2548 7125 8045 10765 11789 15060
fresh: 773 2046 2606 3972 4086 4738 5978 7044 10984 11080 12141 13572 13612
friar: 10879 13889
friend: 93 3439 3475 3551 3561 3721 4857 5027 5491 5805 5828 6045 6215 6380 6464 8986 12724 13893 14358 14536
friendliness: 7047
friendly: 1243 3554 13281
friends: 329 3106 3230 3590 3640 4310 5453 6241 6456 7800 8548 12850 13511
friendship: 3592 3870
friesland: 14664
frigate: 15203
frigates: 9686 15118
fright: 7587 11020 11371 11686 12443
frighted: 3126
frighten: 2601 14199
frightened: 3244 5651 7586 11014
frightens: 3200 10699
frightful: 6287 7463
frigid: 2770 6342
fringing: 15139
fro: 4185 4512 9099 14165
frobisher: 8173
frock: 12802
frogs: 2077
froissart: 10823
front: 702 2957 4244 8948 10461 13435 15337
fronted: 6803
frontiers: 3164
frontispiece: 14830
frost: 1316 1397 1398 1430 6082 6328 10971 13163
frosted: 1442 10963
frosts: 8812 11011
frosty: 1414 4316
frowned: 13587
froze: 1477
frozen: 1436 1602 2297 8926 10499
frugal: 8127
fruition: 6341
fruits: 8625
frustrate: 11905
fry: 495
fuego: 942
fuel: 5942
fugitive: 3105 3167 3202 3260 8306
ful: 2857 6915
fulfiuer: 9578
full: 322 1530 1561 1572 1593 1641 1682 2233 2450 2635 2961 3157 3285 3717 3766 3785 3991 4575 5136 5301 5721 6341 6405 6973 7129 7250 7473 7593 8241 8323 9109 9452 9472 10241 10471 10531 10891 11037 11541 11706 11737 11916 12390 12548 13500 13598 13603 13611 13641 14686 14737 14748 14750 14757 14859 14882 14938 15042 15054 15210 15259 15550
fullers: 491 13158
fullest: 7528 8457 13727
fully: 1119 2266 2920 3262 5189 5321 5913 7314 10317 11184 11942 13771 14161 14781
fumbled: 2090
fumbling: 2040 3177 5627
fun: 5 7019 9861 12262 12263
functions: 6747
fundamental: 7808
funeral: 983
funereal: 10708
funereally: 12157
fungi: 10163
funny: 1618 3907 9683
fur: 8675 11700
furious: 847 10479 14390
furiously: 1541 3271 13806
furling: 10613
furlongs: 15333
furls: 4196
furnace: 12647
furnish: 3902 6136 13584 15184 15368
furnished: 1922 3688 8088 8931 8942 10734 14924
furnishes: 9026 13941
furnishing: 12417
furniture: 1941
furred: 13162
furs: 13596
further: 1312 1544 1582 1591 3076 4275 5445 6179 6826 9004 9647 10324 11053 11417 11496 11831 11968 12593 13028 13566 13860 14551 15510
furthermore: 2925 5492
furthest: 10676 12338 13628
fury: 7252 10380 11645 12262
fuss: 2201
future: 3660 3838 8310 8840 13199 15200
futures: 9657
fuzzing: 512
fying: 11028
g: 5004
gable: 1386 1451 15063
gabriel: 331 1151
gag: 14186 14258
gagged: 14151
gaily: 13919
gain: 2566 3799 5716 12556 12794
gained: 3776 3987 5448 6349 10352
gaining: 2914 3971 11950 11972 13650 13973
gainsaid: 10304 11821
gainst: 6461 9939
gale: 958 1487 2592 3293 3300 3390 4463 6457 8788 8816 8944 10713 11701 12745 13097 13137
gales: 4532 10454 13744
gallant: 2943 3418 8900 8902 9727 10056 12993 14688
gallantly: 8174
galleries: 14615
gallery: 14910 14917
galliots: 4448
gallipagos: 13490
gallon: 8255 11578
gallons: 664 8131
gallop: 9786
gallopingly: 10787
gallows: 4246 4248 4254 13383
galls: 9540
gam: 186 13252 13331 13366 13389 13399 13417 13472
game: 2066 5830 7478 8849 8854 9301 9303
gamesome: 3115 4111 8051 13369
gamesomeness: 8246 13668
gaming: 5439
gamming: 13405 13423
gang: 13708
ganges: 9886
gangs: 13757 13760
gangway: 2980 2981 5592 9094
gap: 7034
gaped: 12268 12680
gaping: 497
garden: 545 5449 6140 9097
gardens: 2608 2623
garnery: 14857 14905 14917 14950
garnished: 4482 5451
garrison: 14114
garter: 7614
gashed: 10444
gasping: 13726
gaspings: 2373
gasps: 3187 12559
gate: 545 14626
gates: 1247
gateway: 723
gateways: 907
gather: 9880
gatherd: 698
gathered: 872 1543 1564 8166
gathering: 1756 3539 10189
gathers: 2820
gations: 11832
gaudiest: 10896
gaunt: 4014 4811 13593
gauntleted: 10814
gave: 1968 2353 3811 4383 5265 6132 6429 7569 8854 10138 10579 11600 12354 12733 13059 13472 13984 14420 15323
gay: 220 2276 5111 7061 7067 7249 7273 8052 9242 9644 9686 9691 12065 13412 13695
gayer: 15535
gaze: 2612 2766 8833 9103 9181 14909
gazed: 1513 4250 7171 10749 12373 15330
gazer: 10832
gazers: 1009
gazes: 11062
gazette: 738
gazettes: 8873
gazing: 6379 9525 12004 12063 12170 12441 12638 13101 13214 15343
gbammab: 215
gem: 9536
genealogies: 13594
gener: 8101
genera: 7667
general: 1105 3487 3679 4711 6508 6695 6760 6786 7707 8018 8268 8359 8791 9372 10240 10429 10480 11255 11260 11550 11807 11990 12256 12715 12841 13473 13679 14773 14833 15028 15182 15189 15360 15415
generally: 311 924 1670 1809 6134 6262 6524 6875 7046 8053 8240 8402 11235 13400 13446 13448 14735
generations: 315 12934 13949
generic: 7066 15186
generous: 4898 4964 11943 12858
generously: 7122
genesis: 347 12939
genial: 3584 7305 12717
genius: 62
genteel: 1221
genteelly: 2525
gentle: 9477 13658 13886 15254 15275
gentleman: 3926 8064 8209 8281 14776
gentlemen: 9096 11673 13519 13526 13566 13604 13626 13640 13671 13683 13687 13734 13742 13751 13780 13837 13864 13876 13911 13933 13952 14107 14130 14326 14360 14361 14379 14501 14525 14555
gently: 3447 9074 12110 13638
genuine: 14700
genus: 12099
geographical: 8453
geological: 9101
george: 3491
georges: 14585
ger: 241
germain: 14703
german: 8577
germans: 7876
gesner: 7701
gestures: 7293
get: 984 988 1019 1029 1103 1148 1326 1576 1631 1960 2159 2173 2214 2404 3523 3844 4118 4265 5255 5343 5363 5364 5374 5406 5593 5682 5835 6124 6125 8212 8614 8630 11887 13738 14305 14355 14517 14619
gether: 767 11716
gets: 1187
gettee: 2196
gettest: 4570 9307
getting: 1729 1817 1904 2363 2390 3659 5766 5952 5989 6225 6262 6283 9197
ghastly: 2044 10329 10679
ghent: 10825
ghost: 5279 10741 10814 10945 12564 12798 15346
ghostli: 10889
ghostliness: 10703
ghostly: 12933
ghosts: 10838
giant: 961
giants: 8700
gibberish: 3816 5805
gibraltar: 3091
giddily: 12424
giddy: 3213
gift: 6203 9677
gifted: 7978 9547
gifts: 6410
gigantic: 1494 7084 8864 10889 11713 12411 12427 12551
gilded: 11047 14633
gills: 483
gilt: 13512
gin: 1656
ginger: 12245
giraffe: 7106
girdle: 12248
girdled: 2578 15087
girdling: 9314
girl: 5131 5132 5275
girlish: 7334
girls: 2649 6273 7329 9801 9807 9919 11049
girth: 7957 8280
give: 324 495 1083 1283 1416 1687 1857 1908 1913 2280 2628 3032 3740 4922 5001 5010 5595 5910 6454 8100 8445 8788 9191 9287 9367 9878 10180 10267 11945 12206 12241 12242 12311 12312 12435 12458 12509 12524 12592 12613 12757 13596 13716 14186 14503 14610 14689 15417
given: 4216 4634 5438 5596 5905 6004 6632 6695 6864 7811 8415 8829 9019 9137 10109 10437 10654 11197 11228 12050 12254 12687 14314
giver: 3937
gives: 3415 3532 5783 10163 11017 14715 14773
giving: 2153 3455 7445 8142 9685 10618 10633 12364 12577 12853 14938 14967
glacier: 8933
glaciers: 8972
glad: 7332 9174
glade: 15284
glades: 6345
gladly: 3349 3590 3735
gladness: 10628 13117
glance: 3147 3203 3497 3937 4073 7216 7291 12480 13829 14659 15313
glanced: 1939 4838 5270 12106 14034
glances: 3993 6043 9901 13009
glancing: 313 4664 5033 9146 9456 15333
glare: 1324
glared: 11396 12140
glaring: 11368
glarings: 9351
glass: 1396 1542 1559 1561 1966 3952 9726 14358
glasses: 323 333 1325 1557 9050 11061 13715
glassy: 9617 14898
glazed: 2763
glazier: 1399
gleamed: 760 15292 15295
gleamings: 10356
gleams: 2867 11155
gleig: 2720
glens: 12555
glide: 12924 15241
glided: 2306 3956 6313 13169
glides: 3229 10901
gliding: 3775 9063 10354 10573 10703 11239 12956
glim: 1913
glimmer: 1994
glimpse: 2541 2911 5390 10509 14698 15362
glimpses: 6466 15089
glistened: 2101 6317 14373
glistening: 5585 12160 15293
glittering: 1509 3958 7070 12963
glitters: 1414
gloating: 10681
globe: 566 806 838 842 881 4170 6550 7411 7878 8235 9071 9314 9617 11454 13245 15238
globular: 4727
gloom: 1305 3001 3707 8755
gloomiest: 13094
gloomy: 7212 7304
glories: 10780
glorious: 4065 10753
glory: 1108 1114 2566 3032 6551 6596 6729 7151 7613 8626 10799 13381
gloss: 15417
gloves: 2585
glow: 9353
glowing: 6670 6890
glows: 3538
glued: 8907 12525
gnashing: 1359
gnaw: 2792
gnawed: 10532
gnomon: 7969
go: 326 359 719 1012 1068 1078 1100 1101 1105 1106 1125 1163 1182 1194 1302 1325 1429 2190 2217 2284 2396 2612 2630 3637 3735 3787 3838 3901 4567 4651 4653 4678 4681 4808 5024 5276 5286 5354 5368 5749 5784 5823 6032 6390 6402 6940 6993 7066 7384 7416 7448 7523 8060 8534 8630 8661 8826 8852 9298 9356 9682 9813 9823 9831 9899 9911 9941 10070 10323 10575 10693 10954 11141 11439 11956 12101 12499 12782 13254 13350 13438 13700 13843 14042 14174 14211 14306 14308 14529 14615 14909 14993
goadings: 12556
goal: 13002
goat: 4991 12191 13588
goats: 3754
gobbles: 12706
goblet: 9490
goblets: 1559 7353 9509 9531
god: 343 475 745 2935 2966 3017 3027 3032 3041 3055 3066 3068 3071 3072 3076 3078 3092 3094 3214 3260 3279 3282 3284 3287 3294 3315 3319 3339 3345 3359 3363 3364 3365 3373 3375 3387 3389 3419 3428 3621 3625 3627 4385 4402 5086 5273 5345 5824 6398 6481 6545 6908 6922 6930 8334 9075 9297 9298 9384 9508 9618 9625 10052 10067 10080 10462 10742 10781 11344 11400 12963 13477 14017 15034 15260
godly: 8246 13363
gods: 558 1429 1679 2167 2964 3002 3411 5241 5255 8443 8788 9579 10020 10497 10689 11386 11577 11611 13838
goes: 369 1061 1286 2104 3150 3284 3301 4129 4184 5218 5273 5763 7473 7478 7485 7495 7747 7973 8520 8692 9241 9428 9533 9836 10067 11763 12802 15513
goethe: 739
goggling: 1557
goin: 1575 1888 1890
going: 115 1043 1097 1113 1198 1440 1730 1800 1853 2088 2278 3451 3603 3809 3819 3880 3884 4387 4442 4603 4664 4795 4952 5312 5323 5536 5987 6012 6028 6035 6046 6056 6065 6080 6091 6150 6159 6172 6179 6219 6965 7375 7598 7975 9493 11682 12584 12740 12764 13123 13140 13668 14313 14803 14978
gold: 2636 3122 3169 4940 6925 9193 9198 9207 9213 9216 9532 9539 9617 10733 12236
golden: 7087 7357 10356 13462 13512 13522 13685 14524 15134 15284 15426
goldsmith: 595
goldsmiths: 590 14694
gomorrah: 1348 3118
gondibert: 442
gone: 304 329 1023 1515 2826 3242 3414 3821 4066 4364 5019 5230 5858 6100 6747 6899 7524 8787 9438 10093 10155 10468 11375 11521 12111 13769 15197 15363
goney: 10752 10755 13152 13469
gonian: 10444
good: 1241 1262 1603 1711 1795 1796 1867 1869 1934 1991 1993 2002 2008 2033 2101 2217 2280 2441 2442 2444 2452 2497 3391 3617 4325 4402 4639 4651 4682 4706 4939 5020 5045 5084 5116 5117 5118 5127 5128 5178 5298 5305 5464 5518 5565 5646 5650 5732 5779 5911 6082 6183 6241 6355 6361 6394 6404 6410 6418 6674 6676 6685 6944 6959 6975 7605 7737 7806 8096 8255 8258 8345 8367 8436 8723 8934 9162 9248 9285 9553 11469 11676 11839 11986 12234 12401 12478 12687 12709 12793 12818 13080 13151 13154 13464 13522 13528 13539 13614 13928 14170 14228 14423 14470 14532 14828 14868 14876 15003
goodly: 4790
goodness: 2330 3397 5638
goods: 3111
goodwill: 6274 7609 13352
goodwin: 2800
gore: 4770
gored: 13056
gorge: 10474
gorges: 9590
goring: 11005
gorings: 10988
gortentous: 1231
gospel: 310 3388
got: 1741 1909 1910 1978 2012 2269 2277 4648 4803 4833 5391 5565 5603 5650 5653 5729 5730 5745 5908 6211 6266 6289 6759 7470 8065 12324 12509 12598 14386 14389 14490 14722 14729
gothic: 724 7042 13594
gouged: 12882
gouty: 13421
governed: 13502
gown: 4259
gowns: 2457
grace: 3933 3934 3937
graceful: 15570
graces: 6914
gracious: 5638 6117 10844
graded: 3488
gradually: 1277 7209 7328 15317
graduates: 13936
grammars: 219 221
grampus: 7851 8083 8086 8195
grampuss: 1639
grand: 719 1199 1205 1251 1426 3050 3924 4065 5086 5555 6084 6692 6694 6890 7034 7841 7936 7960 8090 8333 8379 8385 8472 8519 9760 9960 10491 10609 10844 11550 13572 13853 13919 13941
grandeur: 8409 8542 8825 10494
grandmother: 6677
grant: 6700
granted: 11756
granting: 6534 11329 11941
grapes: 9903
graphy: 872
grapnels: 14941
grapnelsje: 1301
grappled: 3786
grappling: 2522
grasp: 1086
grasped: 6377 9454
grasping: 2902 5630 9133 9188 13100
grasps: 3248
grass: 1512 2786 3753 4119 6345 10400 13562 15083 15145
grasshopper: 1134 9808
grassy: 15146
grateful: 3319
grating: 5391 8712
grave: 2794 6451 6973 7384 7417 8498 9867 14320
graved: 7972
gravely: 14547
graven: 15013
graving: 14859
gravity: 11719
gray: 6014 7212 7227 7254 7531 10557 10764
graybeards: 7370
graze: 6459 9911
grazed: 8574 12630 13836
grazing: 15551
great: 55 343 356 362 369 380 395 407 418 465 518 593 604 631 780 1045 1231 1247 1279 1354 1494 1500 1535 1758 1880 2150 2275 2285 2361 2425 2484 2502 2587 2860 2876 3042 3270 3291 3400 3850 3922 3937 4151 4297 4318 4322 4399 4746 5369 5438 5439 5448 5450 5466 5516 5552 5564 5599 5845 5893 5928 6134 6214 6601 6631 6667 6718 6847 6908 6922 7001 7072 7076 7149 7184 7240 7517 7610 7613 7686 7698 7717 7728 7738 7918 7923 7958 7997 8046 8068 8098 8167 8172 8196 8262 8330 8659 8667 8693 8724 8786 8822 8830 8909 9092 9259 9298 9314 9321 9479 9579 10131 10136 10224 10286 10290 10477 10497 10573 10615 10642 10647 10656 10689 10852 11055 11241 11310 11494 11500 11520 11765 11766 11773 11782 11817 12210 12719 12777 12837 13076 13466 13584 13869 14555 14615 14665 14704 14779 14796 14823 14827 14884 14913 15043 15102 15155 15290 15350 15382 15468
greater: 3349 6602 10268
greatest: 2287 2518 5167 7581 7613 8547 10179
greatly: 4727 4982 8983 8993
greatness: 4748
grecian: 14580
greedy: 10098
greek: 247 10642 15054
greeks: 1083
green: 718 1022 1557 1605 1833 2077 2507 2553 2565 2569 2636 2786 3754 4874 6305 6327 6334 6408 7332 7702 7717 8175 9807 9870 9922 10901 10988 12551 13914 15084 15254
greenhorn: 4023 4066
greenish: 12462
greenland: 539 792 7127 7715 7719 7729 7737 7891 7893 7918 7924 7934 8013 8025 8028 8362 8925 8928 8930 8992 10212 10303 14707 14938 14948
greenly: 7244
greenness: 3998 10921
gregarious: 7974 11253 11831
grego: 2088 2114 2131
grena: 4454
grew: 2828 3723 3772 7304 9180 12648
grief: 2674 2781 4618
grievances: 7144
grieved: 10518
grim: 980 4892 7147 7266 9657 10502 13453
grimly: 6486 9992 11393
grimness: 7269 8467
grin: 1144 1757 8109 11120 13369
grinding: 6125
grindstone: 5022
grinning: 1745 2177 2180 2436 3869 10974
gripping: 7396
gritted: 7431
grizzly: 8749
groaned: 5033
groans: 3206
grocers: 5920
grog: 9299
groove: 12871
grooved: 9590
grooves: 7242 15504
grope: 7768
groping: 3599
grotesqueness: 4474
ground: 2728 3330 6974 7807 7840 7938 8186 8201 8371 8771 8809 9605 9763 10987 11194 11208 11269 11469 11759 11972 12953 13151 13267 13301 13304 13400 14256 15223 15382
grounded: 636 3373
grounds: 7795 7932 11245 11247 11254 11274 11321 12950
group: 9415 14052
groupings: 15081
groups: 7677
grove: 461
groves: 10326 10901
grow: 322 422 1098 1103 3262 3663 3714 4113 5207 5358 7305 10162 14529
growing: 980 7963 8140
growl: 5784
growlands: 7925
growled: 2171
growlingly: 14047
grown: 4148 12639 13013 14687 14757
grub: 304 2479
grudge: 8628 9987
gruff: 5490
grunt: 2154 2334
grunted: 2193
guage: 13317
guard: 9009 12278 13106
guarding: 636
gudgeon: 407
gudgeons: 12245
guess: 1836 1851 3117 5293 5527 5605 5799 6019 6083 7464 7595
guests: 3929 6947 8544 15230
guided: 11208
guides: 14617
guido: 14619
guilty: 2361 3094 8715 13083
guinea: 11558 11563 11565
guineas: 9315
guise: 1961 5665 13918
guished: 2587
gulf: 370 405 11322
gulfs: 3366
gull: 4193 6428
gullies: 3254
gulp: 327 1562
gulped: 9438
gums: 7597
gun: 4992 8827 9585 11762 12706
guns: 9948 11760 13588
gunwale: 12134 12348 12376 12397 12635 14276 14472 15510
gunwales: 12550 15503
gurgling: 3455
gurglings: 9647
gush: 6827 12620
gushing: 673
guttural: 2125 2159
h: 232 5659 9755 13002 14952
ha: 1346 1359 3150 9446 9499 9669 9670 12756
habit: 1097 15534
habitants: 15190
habits: 781 8731 10710 11414
habitual: 11831
habitually: 7394
habituated: 4836
habituation: 11869
habitude: 12421
habitudes: 787
habpooneers: 9708
hacked: 3787
hacking: 1515
hag: 7598
hags: 1462
hail: 8812 8831 9764 9919 12647 13175 13356 13357
hailed: 4576 5490 7151 8241 9216 11922 12198 12283 12645 12984 13197 14109 14452
hailing: 6058 11993 13259
hails: 13281 13401
haint: 1574 5315
hair: 1510 2042 2047 2178 4259 4991 6757 6758 7067 12160 12914 13453
haired: 7583 12431 15426
hairs: 7228 7530
hairy: 4512
hakes: 4476
hakluyt: 234 14820
half: 831 1475 1501 1584 1601 1857 1981 2111 2289 3494 4365 4469 4517 4573 4745 5001 5181 5359 5420 5868 5870 5994 6578 7080 7285 7428 8306 9039 9063 9080 9150 9186 9297 9823 10192 10410 10411 10413 10550 10972 11854 12075 12174 12350 12622 12918 13126 14267 14609 14866 14869 14976 15260 15463 15537
halibut: 5479
hall: 8646 11778 14911
halloa: 4014 6058 6168 6182 7602 7637 12288
hallowed: 11083
halls: 10493 10861 13886
halt: 9132
halter: 15541
halters: 15575
halting: 1310 2901
halyards: 7088 10056
ham: 5411 7460 10442
hamlet: 429
hammer: 4807 6952 9197 9206 10095 13797 13806 13811 13823 13825 13836 13839 14007
hammered: 6924
hammers: 12341
hammock: 1721 1944 3878 7495 7627 8896 10453 10940 11355 11375 13122 14314 14318
hammocks: 11761
hamp: 2565
hamper: 1962
hampshire: 10888
hampton: 327
hams: 5307 5341 5360 5384
hand: 230 984 1139 1188 1338 1593 2000 2175 2293 2296 2299 2313 2372 2905 2941 2953 3039 3279 3294 3345 3406 3445 3543 3775 3906 4218 4219 4225 4874 5236 5259 5287 5559 5960 5974 6022 6064 6113 6220 6378 6845 6981 7073 7560 7757 7837 8175 8668 8982 9077 9133 9187 9195 9207 9253 9377 9434 9448 9514 9554 9726 9735 9802 10180 10436 11084 11085 11433 11975 12016 12029 12063 12066 12133 12302 12303 12387 12397 12413 12454 12601 12666 13100 13131 13185 13523 13814 13829 13978 14037 14155 14158 14321 14389 14786 15312 15487
handed: 5249 8143 12190 12655
handedly: 6951
handedness: 6603
handful: 2113 6589 8447 14431
handfuls: 1074 14078
handing: 9422
handkerchief: 219 1744 5516 5707 6994
handle: 1511 2149 14115 14793 15501
handled: 4044 6951 13613
handles: 5566 13641
hands: 833 1160 1426 2409 2585 2902 2988 3126 3234 3346 3431 3846 3951 4045 4059 4078 4865 4906 5069 5555 5557 5630 5655 5673 5681 5899 6030 6211 6272 6907 7769 7782 9291 9413 10056 11352 12226 12765 12865 12868 13445 13447 13448 13638 13986 14038 14052 14168 14208 14230 14335 15076
handsome: 2897 15424
handspike: 6290
handspikes: 6260 14017
hang: 651 4168 9376
hanging: 3729 5577 8707 12154 14734 14902 15473
hangmans: 15538
hangs: 3205 8197 14774 15506
hanoverian: 10614
hap: 3846 5800
hapless: 15336
haply: 12688
happen: 1051 11493 12724 12733 13635
happened: 4039 4101 5223 5785 11635 13736 14556
happening: 4350 11438 11649
happens: 5129 5998 8102 8611 8889 10872
happier: 3803
happily: 3799 11211 11722
happy: 6940 13871
haps: 3530 13296
har: 1574 1858 1982 2595 4359 6680 7065 9256 13954 14368 14388 15484
harbour: 3764 3808 3908 4388 7206 8046 10529 11670 13543 13594 14429 15012
harbourless: 7658
harbours: 5931 6569 6595 7092 13849
hard: 1316 1318 1804 2111 2374 2410 3056 3067 3068 3279 3446 4532 4632 4796 4801 4804 5548 6123 6358 6783 7358 7445 7523 8145 8400 8716 8944 9053 9253 9556 9570 10072 10256 10713 12704 13333 13379 13709 14071 14436 15173
hardest: 9968
hardicanutes: 1138
hardly: 2243 7262 7268 8323 8648 8694 10128 11749 12194 12453 12599 13953 14219 15178
hardness: 3072
hardy: 2748 2864 2952 6805 7126 10271 13690 14960
hark: 166 7637 9332 9628 9909 11074 11120
harlot: 11051
harm: 2178 5133
harmattans: 11324
harmed: 10328
harmless: 3136 12852 13205 13336 13624 15568
harmoniously: 12430
harms: 13960
harold: 9029
harpoon: 1293 1521 1948 2414 2421 2426 2519 3886 3891 3904 4002 4338 4360 4362 4366 4640 5215 5218 5271 5489 5565 5578 5591 7076 8664 9494 11431 12601 12624 15512 15530 15581
harpooned: 933 2624
harpooneer: 954 1580 1581 1615 1619 1623 1629 1715 1724 1726 1729 1735 1776 1782 1794 1801 1819 1837 1858 1865 1869 1877 1896 1900 1917 1960 1964 1976 1997 2026 2039 2181 2861 3834 3849 4786 5596 5645 5647 6509 7043 7713 8347 8350 8357 8361 8365 9052 9738 9988 12345 12455 13424
harpooneers: 536 1923 1946 2455 5645 6404 7039 7049 7084 7184 8367 8389 8644 8651 8653 8675 8709 8740 9293 9411 9442 9478 9483 9485 9501 9686 12558 14156 15450
harpooning: 2417
harpoons: 1311 1348 1517 2612 3888 5936 9413 9486 10303 11437 14870 14968 15119
harris: 515 539 14820
harriss: 14661
harry: 3117
harsh: 12485
hartshorn: 8171
hartz: 10900
harvard: 6731
harvest: 6569 9813
harvesting: 1515
hasnt: 5530
hast: 360 4568 4964 5656 6920 9054
hastening: 3095
hastier: 2118
hastily: 13973
hasty: 2118
hat: 2045 2046 2369 2372 2391 2402 2533 2577 2763 2875 2878 3094 3105 4814 6714 7535 9150 12446 12500 13128 13919 14550
hatch: 8945 13841
hatched: 3752
hatches: 3356 6090 7160 10221 10715 11090 11096 13819
hatchet: 2327 6152
hatchway: 14067
hatchways: 5981
hate: 9343 9345 9613 10429 10569
hated: 9615 11879
hater: 7974
haters: 7975
hath: 3282 5526 9350 15231
hats: 987 13725
haughtily: 8541
haughty: 7355
haul: 14384
hauled: 6201 7390 14393
hauling: 5587
haunted: 10104 11256 11323
haunts: 886 891 2555
haven: 6344 13086 13629
havent: 5268 14301
having: 906 975 1192 1295 2040 2210 2341 2869 3442 3766 3820 3948 4172 4496 4565 4709 4813 5236 6240 7091 7093 7255 7982 8973 10376 10482 10616 11818 11961 12323 12337 12873 13426 13527
havnt: 5729 5730 5754 5764 5766
havoc: 11520
hawaiian: 15042 15049
hawk: 2152 4008
hawthorne: 68
hawthornes: 725
hay: 2591 7865
haze: 8840
hazel: 4312 8284
hazy: 1098
head: 151 501 643 775 776 809 819 947 948 1066 1127 1184 1194 1546 1655 1814 1816 1820 1837 1868 1949 1976 1998 2000 2044 2047 2049 2060 2093 2148 2178 2415 2421 2516 2586 3237 3342 3350 3370 3482 3485 3487 3598 3665 3678 3867 4057 4330 4353 4513 4703 5111 5189 5308 5361 5503 5572 5807 5982 6128 6153 6302 6543 6703 6750 6751 7062 7249 7273 7639 7946 8289 8519 8537 8589 8666 8689 8761 8764 8785 8790 8827 8837 8844 8857 8862 8890 8899 8921 8944 8951 8987 9002 9020 9030 9150 9419 9754 9869 10262 10559 10729 11154 11762 11778 12114 12122 12161 12172 12383 12388 12391 12401 12413 12425 12501 12861 12965 12995 13132 13153 13668 13684 13840 14049 14195 14214 14269 14475 14585 14783 15288 15499
headed: 2898 2959 4331 6321 7875 7988 8315 9209 9210 10557 10724 14425 14490 15065
header: 4787 5649 9242 12065
headers: 7067 9191
heading: 12111
headlands: 10942
headlong: 12557 14404
headmost: 11532
heads: 899 1017 1505 1647 1669 1828 1879 1888 1890 1898 2081 2082 2184 2521 7041 8767 8773 8778 8781 8811 8814 8858 8923 8931 9140 11239 11993 12858 13165 13172 13845 14181 14254 14366 14871 15152
headsman: 7049 12855
headsmen: 7034 7036 12558
headway: 1594 13218
health: 5412 6796
healthily: 11929
healthy: 1077 1078 2460 2864
heap: 13682
heaped: 7353 13774
heaps: 9341
hear: 550 1325 1326 2497 3146 3532 3734 4299 4953 5672 5674 5797 5833 7731 8705 8873 8881 9388 9751 9925 10268 10937 11076 11092 11096 11564 12176 12217 12264 13368 13565 13626 14187 14211 15537
heard: 1165 1364 1638 1644 1993 2034 2293 2375 2869 3374 3529 4877 4899 5229 5559 5779 5788 5800 5801 6180 6330 8157 8199 8490 9099 9191 9268 9674 9953 10075 10197 10753 11109 11123 11367 11468 11630 11992 12069 12139 12607 12667 12737 12975 13175 13187 13367 13589 13720 13727 13849 13853 14083 14235 15390 15536
hearers: 3333
hearing: 1350 3176 5459 10146 12337 14133 14216
hearken: 4311 10221
hears: 1837 3240
hearse: 8689 8896 12413
heart: 217 664 673 2489 3301 3468 3543 3693 3814 3999 4728 4950 4965 5169 5666 5883 5961 5993 6485 6486 6884 7797 9281 9618 9620 9911 10411 10490 10509 10953 11300 11403 11451 11975 12657 12792 13338 13569 13687 13970 13986 14265 14963 15446 15552 15579
hearted: 4801 5950 5972 6429 6827 7333 8051 13614
heartedness: 3057
hearth: 3444
hearthstone: 6455 10183
hearties: 9277 9940 12489 14017
heartily: 10013 13929
heartless: 11031 14097
hearts: 328 332 953 2650 2782 3644 3893 9392 9591 9689 9737 9972 10431 11942 12221 12237 12511 13244 13871
hearty: 4618 5476 6274 9163 13352
heat: 2121 9353 9354 9544 12564
heated: 12466 13800
heath: 1489
heathen: 2088 6603 9625
heathenish: 1508 3448 7185
heathens: 3807
heave: 6301 11683 12434 14453
heaved: 3330 9395 11363 11523 13075
heaven: 652 1179 1987 2174 3264 3282 3419 3622 5187 6477 8239 8246 9617 9901 10072 10773 12919 13001 14334 14554
heavenly: 3405
heavens: 330 1604 1754 2008 2083 2371 2647 5305 5363 5825 6410 6713 15102 15121
heaviest: 5940
heavily: 4528 7303
heaving: 6124 6239 6256 14433
heavy: 1994 2088 2983 3909 4478 4975 5371 6124 6429 7405 9149 9422 9535 11153 12017 13448 13532 13825 14053 14115 14439
hebrew: 245 3281
hebrews: 15222
hecla: 1854
hedgehog: 5593
heed: 3324 9082 12214
heeded: 3496 3883 4917 13018
heedful: 7104 11975
heedfulness: 12778 12891
heeds: 3240 3302
heel: 7400 7412
heeling: 3194
heels: 3976
heeva: 9919 9920
height: 1682 1692 2890 2915 3690 12741
heighten: 9199 10675
heightened: 7175 10695 13474
heightens: 10694 10823
heights: 15088
heinousness: 14693
heir: 10616
held: 1674 1914 1951 3923 4700 9487 9650 10641 10646 11951 15000 15274
helena: 12954
hell: 877 3005 3372 4988 5431 11366
helm: 2952 4487 6444 8859 10954 12995 13141 13219 14286 14319
helmet: 6654 9542
helmeted: 7357 14584
helms: 9970
helmsman: 4490 15313
help: 1628 2153 2266 3168 4091 4248 4739 5950 7396 7623 8246 8323 8586 8593 9373 9607 10066 10565 11401 12227 14312 14554
helped: 1236 3632 6974 8588 8591 12310
helpless: 13215
helter: 12623
hem: 9669
hemisphere: 2265
hemp: 13072 15408 15410 15420 15421 15424
hempen: 4484 15528
hen: 8852 12561
hence: 3069 3816 5418 5935 6107 6939 7839 8387 10307 10698 11244 11843 13385 13424 13514
henceforth: 3589
hended: 2161 10225
henry: 427 873
hens: 9055
hension: 7007 7218
heraldic: 10682
heralding: 3189
herberts: 515
hercules: 8824
herds: 4197 8095 8454 10727 11006 11255 12967
here: 311 331 517 855 1023 1025 1033 1055 1060 1338 1372 1381 1383 1404 1427 1624 1626 1681 1736 1740 1824 1877 1912 2010 2018 2178 2190 2328 2495 2500 2503 2527 2579 2735 2781 2787 2795 2835 3081 3317 3425 3512 4011 4036 4254 4329 4370 4731 4932 5022 5024 5219 5258 5260 5277 5286 5287 5509 5540 5550 5667 5828 6032 6212 6218 6248 6264 6307 6728 6754 6762 6857 7151 7449 7478 7485 7495 7524 7603 7605 7669 7718 7763 7854 8039 8311 8327 8780 8902 8975 9008 9055 9305 9322 9436 9680 9814 9820 9969 10068 10071 10075 10081 10309 10491 10557 10602 10835 11002 11341 11466 11516 11536 11563 11590 11654 11725 11740 11985 12029 12218 12247 12254 12416 12522 12759 12802 12882 13265 13406 13521 13587 13711 13908 14015 14025 14130 14207 14817 15088 15391 15404
hereabouts: 7640 13855
hereafter: 6725 6913 7755 8312 8426
hereafters: 5430
hereby: 6501 7789 8608 8746
hereditarily: 7002
hereditary: 4489 5433 10176 10828 13856
herein: 7116 9348
herent: 11050
hereof: 11691
hereupon: 7757
herman: 19 35 15596
hermit: 1059 8806
hermits: 4163 11262
hero: 7151 8829 13912
heroes: 6598 12237
heroic: 6609
heroically: 6379
herr: 2625
herring: 4374 7792 11202 12460
herrings: 534
herself: 4480 5969
hes: 5325
hesitatingly: 7411
heterogeneous: 4713
heterogeneously: 5641
hi: 1145 1606 2602 2608 3245 5091 6564 6846 6889 8621 8949 8951 8996 9107 10346 12516 12873 13409 13675 14524 14819 14872
hidden: 2111 8447 8829 9420 9584 10285 10468 10856 10957 11658 12309 15242
hide: 3467 9249 9903
hideous: 3238 5636 10808 10957 11546
hideously: 3464
hideousness: 10694 10695
hides: 4189
hiding: 3773
hie: 328
hieroglyphics: 11515
hies: 3209
higgledy: 308
high: 656 716 987 1018 1038 1220 2142 2492 2502 2637 2945 3037 3256 3263 3757 3758 3932 3943 4004 4039 4506 4862 5402 6220 6583 6723 6913 7068 7149 7225 8397 8646 8823 9187 9207 9551 9886 9920 10344 10354 11947 12064 12070 12132 12415 13346 13386 13419 14404 14861 15080 15098 15452
higher: 1764 3407 3409 6928 8611 10638 10918 15291
highest: 1864 4508 6480 8444
highland: 10474
highly: 14756
highness: 8178 8182
highway: 3975 13466
highwaymen: 4180
hilarious: 8238 8525
hilarity: 1676
hill: 716 1251 4163 9534 12557 14993
hillock: 4108
hills: 3959 9569 12476 13950 15095 15293
hillside: 1064
him: 139 218 222 351 384 432 776 777 867 1068 1075 1078 1428 1551 1571 1578 1656 1682 1687 1693 1698 1725 1735 1753 1777 1795 1813 1824 1843 1853 1866 1889 2064 2066 2067 2068 2072 2135 2157 2175 2199 2204 2207 2208 2209 2322 2340 2362 2396 2403 2437 2444 2445 2447 2463 2472 2519 2522 2523 2803 2856 2857 2872 2877 2917 2923 3019 3051 3075 3076 3077 3106 3117 3126 3130 3131 3146 3149 3165 3166 3176 3190 3204 3211 3212 3216 3219 3242 3245 3261 3262 3271 3275 3279 3283 3289 3290 3292 3300 3304 3321 3323 3334 3365 3366 3367 3369 3371 3388 3389 3390 3391 3397 3398 3400 3410 3412 3413 3414 3415 3418 3420 3423 3454 3463 3488 3494 3496 3524 3549 3553 3554 3569 3573 3586 3613 3631 3633 3634 3735 3789 3793 3796 3797 3805 3816 3819 3829 3830 3834 3837 3839 3840 3872 3882 3886 3887 3909 4001 4003 4004 4007 4019 4031 4063 4073 4089 4196 4214 4317 4386 4541 4743 4773 4810 4826 4850 4856 4860 4906 4952 4964 4997 5017 5028 5030 5031 5042 5068 5076 5079 5085 5115 5118 5139 5140 5150 5153 5154 5166 5185 5186 5208 5216 5276 5312 5318 5319 5343 5357 5358 5368 5371 5401 5403 5414 5416 5536 5564 5581 5582 5588 5672 5674 5686 5716 5720 5764 5774 5776 5778 5786 5823 5834 5845 5861 5873 5883 5977 6061 6073 6097 6112 6120 6131 6142 6164 6177 6179 6210 6223 6362 6389 6424 6452 6759 6814 6818 6825 6826 6843 6844 6856 6864 6871 6891 6927 6928 6979 7002 7003 7017 7024 7044 7070 7108 7112 7147 7221 7245 7252 7260 7264 7292 7307 7328 7346 7398 7404 7441 7449 7450 7453 7476 7506 7507 7515 7622 7636 7641 7780 7816 7818 8046 8047 8048 8049 8056 8059 8060 8061 8067 8070 8092 8106 8156 8175 8194 8212 8237 8262 8269 8270 8287 8290 8354 8470 8536 8566 8572 8587 8591 8600 8603 8609 8621 8663 8666 8669 8705 8707 8807 8810 8952 8984 9064 9065 9112 9113 9117 9118 9145 9149 9159 9168 9200 9203 9226 9249 9251 9254 9257 9285 9287 9341 9345 9412 9468 9487 9607 9608 9610 9677 9954 9961 10012 10079 10081 10108 10109 10147 10149 10225 10247 10268 10342 10348 10392 10398 10401 10406 10408 10434 10439 10445 10447 10452 10458 10517 10520 10541 10550 10596 10692 10710 10732 10734 10793 10805 10808 10940 10943 10945 10953 10955 10974 10984 10988 10990 11063 11141 11143 11144 11148 11180 11191 11273 11317 11339 11343 11362 11364 11365 11367 11376 11377 11402 11480 11490 11495 11611 11680 11706 11712 11730 11777 11873 11883 11910 11969 12082 12158 12340 12354 12398 12414 12417 12424 12483 12510 12613 12709 12714 12765 12817 12822 12855 12872 12920 13004 13125 13129 13429 13433 13439 13528 13608 13687 13695 13712 13713 13738 13774 13784 13804 13807 13817 13824 13828 13830 13837 13929 13955 13968 13979 14007 14014 14025 14034 14046 14090 14109 14112 14119 14152 14211 14265 14300 14308 14313 14314 14315 14383 14391 14393 14404 14420 14432 14444 14452 14453 14455 14456 14457 14487 14505 14572 14588 14611 14751 14754 14761 14805 14945 14995 15034 15038 15107 15171 15187 15202 15321 15345 15494 15529 15533
himalayan: 4157
himself: 847 990 1231 1435 1495 1504 1605 2064 2335 2372 2374 2383 2406 2408 2445 2842 3128 3177 3180 3315 3329 3339 3401 3403 3448 3527 3532 3785 3794 3832 3931 3946 3948 4067 4089 4432 4593 4767 4861 4917 5035 5061 5066 5108 5272 5435 5542 5561 5975 6000 6023 6032 6113 6124 6128 6142 6266 6382 6691 6908 6916 7315 7383 7446 8263 8433 8491 8507 8581 8586 8588 8591 8593 8613 8706 8752 8935 9030 9802 10235 10291 10417 10642 10789 11062 11144 11157 11248 11275 11296 11337 11339 11366 11904 11965 11973 11989 12266 12376 12377 12414 12418 12428 12567 12751 12867 12907 12917 13112 13141 13187 13323 13339 13386 13411 13436 13444 13483 13731 14091 14118 14126 14187 14312 14401 14749 14761 14952 15527 15558
hind: 677
hinder: 7963
hindmost: 12803
hindu: 14579 14605 14617
hinges: 8653
hint: 2893 3709 4635 5445 7253 8463 10750 11203 11874 14090
hinted: 3889 4215 4789 5396 5943 6111 6253 7408 7804 10590 11970 12860 12918
hinting: 5868 7410 9039
hintings: 12335
hints: 3554 3819 4256 10192 11017 11543 14765
hip: 9911 12816
hippogrrff: 14700
hired: 10400
hiss: 9512 14195 14227
hissed: 7534 12174 14202 14207 14224
hissing: 12610
hist: 590 9772 11076 11092
historian: 8846 11811
historians: 7678
historic: 10816
historical: 11473 11544
histories: 10160
history: 386 424 721 789 2869 3155 3734 7940 10099 10235 11517 11588 11808 11815 11821 14692 14715
hit: 892 8024 10706 14798 14799
hither: 2624 5100 5960 13063
hitherto: 3081 6524 7167 7836 7838 8276 10144 11278 12667 15332
hits: 12709
hitting: 12039 13433
hittite: 5545
ho: 2479 13470 13475 13483 13520 13553 13649 13756 14253 14423
hoar: 13163
hoary: 352
hob: 1392
hobbess: 467
hobbling: 5980 12835
hobomack: 918
hoe: 9812
hogarth: 14620
hogarthian: 14623
hogshead: 9754
hogsheads: 12300
hoist: 14754
hoisted: 13653 14276 14677 14759
hoisting: 3110 3956 8809
hold: 1082 1601 2148 3190 3295 4054 5132 5901 6419 7474 7476 8037 8491 8582 8589 9012 9077 9389 9492 9658 9854 10072 10742 10746 11121 11929 12217 12308 13303 13392 13445 13452 13453 13525 13531 13698 14551
holding: 1426 1999 3445 5307 5360 6378 7286 8937 9193 12656 12659 13218 14299 14995
holds: 4491 5921 9946 15568
hole: 1732 1957 3188 5210 6163 7284 7286 7302 9133 9187 12812 13099 14113 14903 14969
holes: 9211 12902 13673
holiday: 7327
holies: 13869
holiest: 10641 10645 13887
hollancfs: 372
hollands: 377
hollow: 1059 3146 3552 4844 5502 7798 8752 9018 9325 9390 9436 12549 15445
hollowing: 12666
hollows: 12555 12998
holy: 491 1082 1897 2958 3317 6398 7808 8615 9919 10316 10651 10656 10739 11949 13869 13906 13950 14524 14551
homage: 3987 6548 6642 8411 8416
home: 960 1730 1983 3522 3794 3817 4186 4272 4799 4907 5063 5119 7129 7280 7306 7329 7356 8772 9050 9684 10117 10441 10989 11555 11609 11734 12019 12452 12850 13156 13197 13201 13305 13653 13701
homeless: 13074
homeward: 872 6462 10446 13470
hones: 8258
honest: 2029 3150 3468 5992 6827 8590 8983 9468 11737 12165 13363
honeymoon: 3644
honour: 1136 3931 6522 6595 6729 7003 7611 7612 8935 9039 10634 11729 14160 14554 14945
honourable: 1109 6717 9477 10659
honouring: 6516
honours: 7622 8445
hood: 3384
hooded: 1251 8987 10876
hoods: 10825
hoof: 9428
hoofs: 3976
hook: 1012 7772 10769
hooked: 703 8112 10716
hooks: 1947 14941
hoop: 9854
hoops: 581 5942 7087 13167
hoot: 9311 9579
hootings: 13071
hop: 8662 9807
hope: 2272 2821 6341 6399 7780 8776 9285 9615 10601 10855 10973 11245 12656 12659 13080 13464
hopefully: 10259
hopeless: 318 2806 5133 6588 11185
hopelessly: 5472 9039 12659
hopes: 11297 11298 11954
hopped: 4441
hori: 11217 12343 12877 14372
horizon: 4675 9057 9145 10050 10786 12076 12349 13086
horizontal: 7818 7832 7839 8141 8231 8971 13002
horn: 1261 1562 3522 4678 4761 4977 5786 5872 6620 7020 8057 8135 8137 8139 8144 8151 8154 8167 8179 8182 9286 10458 11310 12745 13612 14673
horned: 8157
horner: 1500
hornpipe: 8518
horns: 703 4245 4250 4991 8170 8904
horrible: 9609 10945 11645 15405 15530
horribles: 9683
horrid: 839 2171 2300 11660
horrified: 6296
horrify: 10160
horrifying: 1516
horror: 1241 9078 9652 10596 10919 11376 11394
horrors: 6877 10679 15260
horse: 394 1121 2324 2637 3211 6927 10792 10841 11783 14976 15176
horses: 10727
hos: 188 13363 13460 13495 13580 13630 13662 13749 13834 13924 14012 14103 14191 14281 14377 14461
hosea: 4210 4213 4271 4346 4351
hosmannus: 449
hospitable: 6646 10183 11656
hospital: 4799 8671
hospitalities: 3557
hospitality: 6458
host: 7841 15230
hostilely: 10217
hostility: 3362
hosts: 10731
hot: 2034 2172 2528 6395 6783 7463 7464 9428 10431 11864 14653
hotel: 10490
hotels: 4212
hour: 1339 2310 3031 3190 4001 4080 7972 9095 9649 11314 11768 12988 13014 13631 14321
hours: 1008 1804 2272 2273 2285 2576 5323 7362 7387 7458 8860 8890 9120 12971 13100 13101 14069 14319 15018 15041
house: 1315 1375 1386 1402 1572 1651 1698 1856 2276 2328 2399 2632 3910 3950 4345 5080 5240 5274 5515 6136 8743 8852 8905 8907 8912 9314 10914 11052
housed: 8992
household: 3718 13743
housekeepers: 8127
housekeeping: 5918 5919
houses: 1123 1332 2607 2622 4117 15063
housings: 8471 10732 13686
hove: 13544 14963 14965
hover: 1471 9079
hovering: 12075 12463 12999
hovers: 15487
how: 324 829 934 974 1022 1180 1414 1546 1665 1712 1731 1755 2306 2338 2358 2421 2459 2528 2591 2609 2800 2807 3049 3067 3104 3136 3139 3153 3271 3319 3349 3359 3499 3504 3618 3639 3714 3809 3973 3974 4074 4106 4128 4428 4620 4659 4770 4833 4900 5169 5526 5605 5665 5681 5682 5798 5800 5907 5908 5912 5987 6123 6218 6292 6353 6498 6563 6569 6626 6749 7130 7454 7485 7494 7496 7514 7521 7554 7815 7997 8006 8403 8623 8713 9010 9012 9182 9306 9337 9611 9802 9924 9939 9968 10550 10566 10570 10571 10576 10601 10768 10817 10848 12339 12488 12701 12705 12880 13124 13275 13279 13357 13358 13764 14199 14351 15240 15416
howdah: 14624
howdahed: 10961
however: 309 1154 1155 1350 1467 1674 1694 2008 2035 2441 2878 2912 3832 3868 4226 4307 5067 5155 6214 6750 7749 7818 7987 8153 8154 8356 8603 8832 8839 8942 10240 10372 10461 10491 10855 11298 11472 11478 11555 11731 11888 11921 11927 13035 13036 13603 13812 14790 15199 15200 15282 15320
howl: 9648 10539 12641 13876
howled: 6329 14387
howling: 1389 1540 2592 2599 3037 3326 6482 8753 10443 13054
howls: 3293
howsever: 5799
hudson: 10473
hue: 2461 8284 10351 10359 10609 10617 10630 10660 10830 10836
hues: 2243 11046 11055
huge: 494 517 1122 1696 3952 3959 4507 5627 6318 11463 12674 14622
hugely: 2833
hugeness: 8228
hugest: 476 481 8866
hugged: 2320
hugging: 2245 2332
hugginss: 14824 14826
hull: 7127 7660 8287 11605 11769 11782 12682 13544 13701 14747
hulls: 4454 6429 7660 9972
hum: 6952 11086 11109
human: 1510 1888 2202 4769 4988 7759 8825 9626 10232 10469 10618 10816 11853 13244 13622 14786 14790 15044
humane: 4085
humanities: 5134
humanity: 6921 7397 13118
humble: 8536
humbug: 5857 5883 7804
humiliation: 4427 5165
humility: 3343 7107
humming: 3448 9200 9202
humorists: 12276
humorous: 4573 13890 14792
humorously: 4660
humorousness: 7408
humour: 6975 7893 8665 13818
humoured: 6944
humours: 13509
hump: 1531 7583 7856 8001 8006 8011 8012 8043 8049 10345 10429 11335 12613
humpback: 7589
humph: 9861 10021
humps: 14736
hunch: 2091
hunchbacked: 2105
hundred: 563 1355 3121 4925 4930 4936 4938 4940 4947 4970 5859 5876 6294 6565 6716 8820 8863 11316 11746 12968 13864 14446 15431 15441
hundreds: 6859 10330 12069 15197
hundredth: 4952 4953 5025
hung: 1454 1507 2089 2294 2879 3200 8180 10978 11482 14036 14164 14181 15064 15538
hunger: 8620
hungry: 8619
hunks: 1147 1152 4795
hunt: 6403 9305 9375 9508 9961 10079 10532 11065 11296 11319 11914 12840 12855 12893 14926
hunted: 2370 7075 7751 7908 7927 8095 8188 8199 9647 11522 11879 12568
hunter: 5779 6669 6841 7687 7705 8469 11333 11374 14779 15035
hunters: 667 4190 4715 6501 6547 7072 8058 8125 9034 10139 10156 10198 10244 10380 10780 11198 11630 13337 14851
hunting: 8360 10543 11191 13490 15155
hurl: 6927
hurled: 11777
huron: 13573
hurrah: 1641 6396 9775 9785 12236
hurricane: 1501 9372
hurried: 4300 6424 8643 12106
hurriedly: 3135 14966
hurry: 1967 4297 6214 12238 12239 12458 13354
hurrying: 5897 12513 14213
hurt: 6120
hurtling: 12600
hush: 2810 15287
hushed: 6723
hussey: 843 4210 4269 4271 4272 4274 4293 4295 4300 4345 4347 4357 5232 5235 5249 5325
husseys: 4320
hustings: 8444
huzza: 8221 8233 8254 8268 8280 9215
hval: 236
hvalt: 237 273
hwal: 277
hydras: 15115
hyena: 178 8106 8125 12695 12730
hygiene: 5413
hymn: 2995 3036
hyperborean: 1489
hypo: 10979
hypocrisies: 3547
hypos: 984
hypothesis: 11880
ia: 10753
ian: 241
ibid: 424 486 729
ibis: 1121
ice: 1315 1436 1442 1490 1667 2763 3583 3958 6316 7348 7364 8149 8151 9796 10975 14666 15464
iceberg: 1434 8318 11506
icebergs: 7348 8928
iceland: 611 1597 9793
icelandic: 259 8319 8929
icicle: 2517
icicles: 1648 6319
icy: 6782 7029
idea: 1230 1272 1467 1486 1779 1870 1895 5001 5431 5436 6224 6538 7892 8228 10416 10534 10660 11330 11582 11587 14773 14776 14803 14850
ideal: 6889 10626
idealised: 10845
ideality: 10872
ideas: 2038 5462 11549 15318 15366
identical: 2000 5046 7890
identically: 11257
identified: 7836
identify: 10406
identity: 3702 7920 9060 9077 10347
idiom: 4722
idiot: 8451
idleness: 4809
idll: 4033
idly: 12018
idol: 2103 2109 2115 2129 3446 3606 3633 5636
idolater: 3619 3631 3814
idolaters: 1898
idolatrous: 1120
if: 410 469 585 592 876 884 991 1019 1043 1045 1059 1136 1138 1147 1185 1330 1344 1375 1579 1580 1630 1836 1868 2064 2076 2131 2299 2323 2326 2337 2353 2381 2384 2393 2443 2541 2674 2780 2803 2905 3070 3154 3163 3324 3583 3591 3667 3674 3677 3703 3754 3799 4036 4051 4329 4393 4451 4563 4603 4647 4744 4750 4836 4882 4890 4908 4967 4973 5018 5064 5134 5326 5340 5389 5634 5808 5817 5828 5829 5845 5950 5992 5998 6017 6075 6114 6220 6412 6421 6483 6506 6510 6538 6575 6593 6625 6645 6650 6721 6722 6725 6727 6822 6912 6914 6916 6917 6945 6957 7171 7261 7294 7306 7368 7389 7408 7432 7479 7523 7527 7571 7640 7754 7965 8028 8106 8244 8290 8311 8411 8550 8574 8610 8627 8661 8771 8864 8937 8991 9182 9199 9226 9232 9304 9307 9312 9336 9346 9508 9568 9586 9698 9924 10227 10272 10328 10389 10430 10479 10536 10606 10739 10833 10937 10942 10983 11056 11319 11331 11495 11647 11741 11767 11784 11851 11871 11879 11967 12023 12286 12351 12443 12688 12810 12816 12874 12966 12976 13000 13017 13039 13076 13115 13158 13200 13258 13269 13271 13368 13419 13546 13551 13642 13643 13681 13711 13716 13755 13836 13991 14116 14196 14266 14380 14456 14478 14515 14518 14867 14966 15092 15336 15467 15577
ignite: 12654
ignited: 12453
ignoble: 10219
ignominious: 6890
ignominy: 3799
ignor: 7016
ignorance: 232 2061 6821 7722 7724 10176 11420
ignorant: 3851 3910 5109 8910 11472 11541
ignorantly: 7525 10138
ignore: 8985
ignoring: 1240
ii: 78 1256 7847 7855 7906 8074 8083 8086 8100 8133 8191 8208 8217 8221 8265
iii: 80 1447 7848 7856 7945 8083 8133 8217 8221 8233 8265 8273
iip: 5520
ile: 4365
ill: 2112 2160 3736 6793 8142 8984 10582 13802
illimitable: 13276
illimitably: 4767
illinois: 4126
illness: 7220
ills: 1178
illuminated: 3729
illustration: 11797
im: 3623 5828 8416 10380 11961 15195
image: 1092 1093 1094 2091 2106 2112 3450 5309 9061
images: 6802 15081
imaginary: 14572
imagination: 10335 10860 10885
imaginations: 10688
imaginative: 10867 11915
imagine: 5867 13658 15382
imbecile: 12657
imbecility: 8451
imbedded: 1531
imbib: 4720
imitated: 14635
immaculate: 6892
immediate: 1773 3837 6298
immediately: 240 406 2855 4395 11555 11720 13838 15512
immemorial: 3944 7258 12926 13031 14594
immen: 7658
immense: 439 665 698 8169 13433 15173
immensities: 11031
immersed: 8978
imminent: 2521 6942 11713 12606
immitigable: 10555
immortal: 2830 3425 8621 10325 11502 12644 14348
immortality: 10325
immortals: 2805
immovable: 2791
immutable: 8886
immutableness: 4764
imp: 9450
impaling: 1504
impart: 10853
imparted: 8451 9074
impartial: 12759
imparting: 10606
imparts: 10680
impatience: 5153 12434
impatiently: 11318
impeach: 11469
impelling: 15275
impenetrable: 7682
impenitent: 4981 5015
imperfect: 6014 9048
imperfectly: 5154
imperial: 6688 7110 8411 8454 8578 10617 10734
impertinent: 6039
imperturbable: 6308
impetuously: 11922 13946
impetuousness: 12767
impetus: 672
impious: 6975 9607
impiousness: 11915
implement: 1516
implements: 14115 15027
implicated: 12780
import: 4113
importance: 4872 7997 8350 12827 13302 13431
important: 579 782 5460 8369 8463 8503 11416 11537 14946
imported: 1285
importing: 6568
imposed: 3706
imposing: 6692 6694 14671
impossibility: 5930
impossible: 897 8027 10850 11706 14753
imprecations: 9284
impregnable: 2917 11677
impregnated: 15408
impression: 5458 11425 11972 14840
impressions: 4247 4738 10234 10757 10867 11650 11651 13571 15204
impressive: 12988
improve: 13710
improvements: 1405
imps: 10903
impudence: 6086
impulsive: 9159 12038
impunity: 11967
imputa: 11764
imputable: 2872
imputation: 11970
impute: 11763
imputed: 12770
inaccessible: 8747
inadequately: 13264
inarticu: 9201
inasmuch: 4391 8304
inattention: 8489
inaudible: 14207
incantation: 11022 12009
incapable: 11883
incapacitated: 10537
incarnate: 8438 10643
incarnation: 10408 14607
incense: 9356
incensed: 13805 14866
incessant: 2331 4152
incessantly: 12530
inch: 2300 5357 6451 7285 9077 9315 10396 12289 13825 13828 14624 15428 15463 15537
inches: 1316 1764 4980 7400 13806
incident: 11451 13190
incidentally: 5137 8433 8463 8929 14784
incites: 11942
inclement: 8753 8926
incline: 6818 8736
inclined: 4635 10276 10529 11825 13656
include: 7854 7922 8220
included: 2798 3622 7840 7863 7983 8202 8747 10236 15391
including: 315 3877 4602 4865 12497
incognita: 15097 15192
incoherences: 7176
incoherently: 6399
incom: 2674
income: 4792
incompatible: 12046
incompetence: 10561
incompetency: 10214
incompetent: 8817
incomplete: 7684
incomputable: 14865
inconclusive: 7939
inconsiderable: 4902
incontestable: 10334
incontinently: 369
incorporate: 10191
incorporated: 8313 13396
incorrect: 14706
incorrigible: 4795
increased: 2134 12641 13541
increasing: 9265 12572 13188 13630
incredible: 423 15388
incredulity: 11419
incredulous: 2767 15001
inculcating: 12256
incurable: 10534
indecorous: 2401
indeed: 1551 1923 2087 2103 2241 2281 3669 3679 3703 4564 4621 4708 4750 4757 4889 4929 4933 5051 6177 6226 6867 7304 8260 8281 8407 9113 10109 10328 10353 10833 11196 11413 11504 11581 11755 11880 12049 12119 12324 12838 12939 13382 13419 13445 13531 13615 15178 15392 15566
indefatigable: 5949
indefinite: 1475 6481 11581
indefinitely: 1716
indefiniteness: 11030
independence: 6476
independent: 2032 8525 11387 11591
independently: 4732
indestructible: 1752
index: 13389 14788
indi: 12469 15313
india: 885 4168 14592 15155
indian: 374 997 1957 2463 2623 2662 3991 4138 4166 6046 7061 7069 7080 7249 7273 7929 8283 8656 9420 9786 10722 10960 11270 11532 12122 13870 15425 15525
indians: 4144 4440 8687 10789 12073
indicated: 11645
indication: 6792 11788
indications: 7684
indies: 2803 6784
indiffer: 10562
indifference: 3502 3545 3583 10967
indifferent: 6941 12039 12045 12428 12921
indignant: 3293
indignity: 1149 9355
indirect: 10118 11565
indirectly: 892 8392 10759 11413 11965
indis: 15488
indiscretions: 8716
indiscrimin: 7916
indiscriminately: 8007 15196
indispensable: 4647 5917 7662
indissoluble: 9499
indistinctly: 7411
indistinctness: 8201
individual: 2542 4752 5403 8545 10142 11332 11500 12838
individualising: 10120
individuality: 7887
indolence: 4809
indolent: 12266
indolently: 8870 13915
indomitable: 8456
indoors: 1391
induce: 1871 7200 10256 11421 11651
induced: 1225 14261
inducements: 1238 2828
indulged: 12941
indulging: 13347
industry: 857 15041
ineffable: 5825 9608 10598
inelegant: 14697
inert: 8447 14900
inevit: 10261
inevitable: 849
inevitably: 15033
inexorable: 3412
inexperi: 10213
inexplicable: 2068 6109
inexpressible: 10741
inexpressive: 8103
infallible: 3618 7077 11209
infallibly: 1043 3198 4393 7760 8229 11273 15448 15493
infancy: 6637 13607
infant: 4138
infatuated: 13814 14266
infected: 6991
infemal: 1998
inference: 8552 10307 15372
inferences: 5445
inferentially: 7254
inferior: 672 7915 8366 8651
inferiority: 8446
infernal: 2181 9628 10374 10565 10971 13359
inferred: 1100 2374 4622 14778
infesting: 8955
infidel: 2802 11062 12523
infidelities: 2792
infinite: 6482 8446 8868
infinitely: 3806
infinity: 7289
inflamed: 10379
inflexibility: 13751
inflexible: 13616
inflicted: 10377
infliction: 1169
influ: 8545 11909 11981
influence: 3767 6580 12918 13499
influences: 1196 6826 9658 10186 10202 13000
influential: 11872
inform: 13141 14731
information: 13263 13861
informed: 543 3840 7837
infuriated: 774
ing: 306 793 983 1359 1472 1818 1949 2149 3127 3537 3668 4050 4074 4320 4407 4721 5062 5446 5558 5620 5856 5860 5861 6111 6180 6686 6794 6801 7393 7556 7893 7999 8896 9180 9762 9903 10179 10247 10690 10932 11343 11671 11726 12655 12874 12925 12974 13435 13595 13634 13713 14522 14879 15367
ingenious: 15017
ingloriously: 6482
ingly: 3870 5064
ings: 2374 14828 14857
inhabitant: 4228 7878
inhabitants: 4710
inhabitive: 8894
inhale: 11925
inhaled: 9381
inheritor: 7071
inhospitable: 13271
inhuman: 10965
inions: 1891
initials: 6511
initiated: 6524
injunctions: 13486
injured: 4261
injury: 11642
injustice: 6500
ink: 4860
inkling: 2023
inlaid: 4474 8559
inland: 3893 10311 13603
inlander: 13605
inlanders: 1031
inmates: 1243 12201
inmost: 1249
inn: 80 1313 1368 1449 1451 1526 1613 1705 1714 1792 1886 1974 2056 2140 3441 3508 4210 4260 5402 6440 13462 13512 13522 14525
innate: 2357
inner: 6796 8107
innermost: 9400 10660
innkeeper: 4252
innocence: 4572 10632 10697 13920
innocent: 3114 3632
inns: 1330 5905 11276
innuendoes: 4573
innumerable: 15334
inoffensive: 8535
inordin: 10115
inordinate: 4803 5175
inquire: 1307 4228
inquiries: 4435
inquiring: 5070
inquiringly: 4838
inquiry: 1458 7676
insane: 5359 5757 13216
insanity: 8626 11911
inscribed: 64
inscrip: 2770
inscriptions: 2791
inscrutable: 9075 9342 9343 12520 13064
insect: 697 14781
insensibly: 5999
inseparable: 2533
inserted: 2949 4483 7028 13099 14902
inserting: 9132 11740
insertion: 7412
inshore: 14956
inside: 1777 2107 5080 5204 5219 8908 11104 12798 15507
insider: 4514
insignificant: 3623
insinuating: 6023
insisted: 4223 4386 14123 14268
insomuch: 423 11489
inspection: 14943
inspire: 13233
instance: 1153 2913 6882 8134 8407 8810 10898 11432 11435 11461 11774 14244
instances: 4718 8404 8451 10136 10304 10374 10798 10816 10851 11259 11430 11457 11466 11468 11473 11540 11838 13450 15485
instant: 948 2148 2901 3137 4048 5268 7534 9416 10279 10435 11007 12138 12315 12553 12606 12680 12764 13839 14396 14400 15529
instantaneous: 8422 10239
instantly: 2291 3298 7171 11716 12094 12357 13204 13988 15323
instants: 4073
instead: 2651 4387 4389 5559 6985 8129 9020 10972 11318 11370 11718 15456
instigation: 14247
instinct: 1328 9328 11003 11209 15175 15338
instinctive: 13752
instinctively: 12990 14364
instincts: 699
instrument: 10479
insufferable: 9604 10570 11360 13826
insufficient: 7804
insular: 996 2674 4575 15259
insulated: 4574 12926
insult: 4986 4987 5398 7556 7562 7573 7604 13767 15202
insulted: 9346
insulting: 9617
insupportable: 573
insurance: 2804 3719
insured: 2211
insurgents: 13988 14068
intact: 6898
intangible: 10411
integral: 11382
integrity: 14998
intellect: 10478
intellectual: 8439 10407 11891 11899
intelligence: 6820 11209 13300
intelligent: 8543 10206 10361 14701
intended: 8435 8784 14643 15027
intense: 3998 4847 8530 9128 9230 11357 11402 12605
intensely: 12372 12466
intensest: 12479
intensi: 11027
intensified: 10451 10701
intensity: 3537 10597 11372 15323
intent: 5866 5879 8565 10554
intention: 3841 5014 7675 12893 13811
intently: 3149 4806 9456 11144
intents: 15075
inter: 6544 11317 11413 12027 12046 14071
interblending: 12475
interchange: 13274 13281
intercourse: 6621
interest: 854 976 2871 3463 3575 4706 6362 8397 9038 9230 10222 11989 12884 13473 14029 14522
interested: 1678 4916
interesting: 781 8779 11690
interests: 11867 11928
interfacings: 9909
interflowing: 13572
interfusing: 10445
interior: 1352 6753 6799 9458 11448
interlacing: 4523 4531
interlude: 1201
interluding: 13514
interminable: 2235
intermitting: 12022
internal: 7809 8022
interposed: 5249
interpreted: 6597
interrupt: 4187
interrupted: 3450 4921
intersecting: 15093
intertwisting: 7959
interval: 1767 2146 7321 10305 11288 11316 11432 11439 11641 11905 11907 12445 12973 14289
intervals: 3654 5063 6271 10103 10448 10716 11147 11819 12067 12484 13539 13589 13968 15278
intervene: 11929
intervened: 11436
intervening: 11300
interview: 11684
interweaving: 13504
intimacy: 7047
intimate: 1863 3892 11492
intimation: 13813
into: 384 405 407 515 848 929 986 1062 1092 1126 1139 1193 1224 1227 1249 1260 1410 1555 1559 1631 1669 1758 1778 1817 1843 1897 1921 1960 1986 1992 1995 2034 2045 2065 2117 2118 2136 2152 2174 2214 2288 2400 2404 2411 2435 2531 2586 2678 2832 2865 2949 3077 3131 3180 3212 3242 3251 3290 3298 3303 3367 3390 3446 3601 3604 3706 3772 3844 3847 3901 3920 3945 4004 4031 4049 4059 4275 4313 4661 4690 4817 5069 5210 5374 5406 5511 5576 5599 5631 5673 5682 5790 5982 6140 6314 6327 6364 6425 6430 6443 6464 6507 6524 6543 6568 6801 6955 6986 7021 7028 7168 7243 7285 7300 7375 7412 7462 7474 7479 7521 7533 7626 7676 7677 7768 7843 7844 8028 8045 8171 8313 8493 8499 8518 8520 8523 8666 8682 8871 8881 8945 9057 9081 9132 9163 9420 9464 9567 9786 9956 10178 10262 10320 10388 10445 10455 10459 10471 10693 10861 11008 11138 11215 11295 11326 11387 11448 11480 11503 11844 11907 11917 12005 12010 12030 12189 12191 12258 12307 12351 12364 12510 12555 12563 12568 12623 12675 12676 12751 12765 12832 12908 13019 13083 13084 13099 13112 13124 13185 13214 13281 13396 13757 13773 13890 13957 13970 14041 14046 14047 14092 14149 14159 14163 14318 14335 14355 14398 14481 14551 14603 14625 14627 14673 14754 14902 15384 15459 15494 15540 15571
intolerable: 5320 6474 7210 9351 10694 11547
intolerableness: 3968
intolerably: 11356 11699
intrantem: 7798
intrepid: 6475 6874 10321
intrepidity: 8400
intricacies: 15528
intricacy: 15046
intricate: 7941
introduced: 738 6507 14644
intuitions: 3113
invaded: 4768
invaders: 4767
invaluable: 12831
invariability: 11202
invariably: 6522 7831 8242
invented: 8932
inventive: 14580
inventor: 8935
inventors: 8938
inverted: 8641 13476
invest: 1076 4704 8450 15363
invested: 6358 7258 7723 10194 10697 10732 11916 12158 13033 13715 14781
investi: 11831
investigators: 8310
investing: 5707
investiture: 6905
investment: 13700
invests: 8873 10799 10805
inveteracy: 11386
invisible: 1194 8649 11020 11158 12011 12618
invisibly: 6191
invite: 6559
invited: 3614 3927 6947 8544
invitingly: 1343
invocation: 9388
invocations: 12264
invoked: 2966 8832
invoking: 10774
invokingly: 3294
involuntarily: 982 6289 7442 14364
involve: 12894
involved: 5999 7672 15523
involves: 11891
invulnerable: 10562
inward: 3410 6821 7361 8743 9114
ipurcbasefc: 1
irascible: 11494
ire: 10567
ireful: 13778
irish: 8180
iron: 1528 1752 2612 3835 4370 5583 5942 6682 6823 7396 7531 8815 8971 9248 9486 9535 9538 9589 9593 10535 12467 12617 12631 13167 14232 14316 14991 15073
irons: 9442 9492 11434 11459
iroquois: 10644 15036
irrational: 6877
irregu: 12363
irregular: 8016 8018 11563
irregularity: 10116
irregularly: 2239
irresistible: 8438 10578
irresolute: 1915
irrespective: 4396 10892
irresponsible: 10696
irreverence: 4837
irrevocably: 5068
irritated: 13800
isabellas: 13893
isaiah: 365
ish: 6604
ishmael: 974 1208 1303 1307 1326 1359 2827 3621 4393 5023 5024 5206 10093 10575 10979 11013
ising: 7708
island: 840 1233 1275 1667 3734 3748 3770 3844 3919 3944 3949 4123 4129 4143 4709 4720 4761 5342 5447 5940 6560 7065 8714 8850 9810 13278 13629 14477 14502 15274
islanders: 7131 7132 14432 14443
islands: 463 698 2676 6412 6605 7128 11670 13240 13543 15097
isle: 2692 2946 5093 9947 10529 14450 15261
isles: 997 6641 7137 12925 13582 14666 14955
ism: 11944
isnt: 5081
isolate: 7134 8898
isolated: 7966 11838
isolation: 2932 8018
isolatoes: 7132 7136
issue: 13097
issued: 6206 7163 10461 11212 11603
issues: 6586
issuing: 4163
italian: 14645
itch: 1239
item: 8845 10242 13405
items: 3108 7811 11426 14556
its: 672 769 793 801 942 999 1065 1459 1502 1692 2091 2890 2942 2957 2963 2967 2968 3109 3162 3168 3193 3446 3447 3537 3774 3924 4341 4492 4710 5634 5822 6160 6377 6633 6753 6766 6872 7210 7227 7392 7658 7755 7899 7901 7902 7971 8118 8137 8142 8201 8360 8457 8600 8645 8683 8755 8808 8908 9199 9336 9537 9617 9647 9685 10163 10179 10228 10416 10434 10481 10482 10597 10607 10716 10741 10748 10771 10814 10845 10886 10923 10975 10985 11019 11030 11058 11233 11288 11363 11372 11379 11385 11393 11415 11453 11454 11661 11712 11714 11777 11851 11925 12028 12048 12051 12052 12154 12155 12156 12382 12386 12557 12677 12719 13046 13076 13088 13099 13105 13479 13504 13576 13604 13936 13940 14335 14503 14555 14624 14625 14710 14746 14833 14960 14969 14998 15042 15053 15229 15235 15237 15240 15244 15328 15335 15367 15430 15450 15474 15488 15510 15516 15523
itself: 853 1375 1430 2602 2898 2955 3129 3198 3674 4182 6901 6956 8172 9354 9571 9575 10618 10675 10708 11056 11386 11400 11428 11703 11776 11876 12425 12708 13050 13304 13672 14334 14381 14746 15231 15291 15384 15411 15566 15568
iv: 82 2226 7856 8043 8084 8191
ivory: 1509 3304 4143 4479 4486 6318 7271 7303 7400 7412 7508 7549 7606 7611 8144 8488 8559 9099 10516 12560 12875 12949 13055 13099
ix: 91 2972
j: 572 835 3806 4361 5253 5623 7705 8350 9436 9592 9820 9861 11002 11035 11569 11633 12249 12352 12757 14834
jabbering: 3576 5735
jack: 1591 3116 3447 4914 5021 11509 15028 15051
jackal: 2819
jackasses: 7487
jacket: 1978 2426 2668 2763 2876 5371 5373 5706 6094 6343 9199 10454 12157 12346 12723 12736 14317
jackets: 1600 2457 3722
jackson: 6926
jaffa: 3087
jagged: 9540
jagos: 9995
jail: 3118
jambs: 2107
jammed: 8608
japan: 2752 4462 5668 6645 7273 11511
japanese: 4448 11270 12906
japonicas: 10607
jar: 5953 9465
jars: 3235
java: 15275
javan: 1522
javelin: 6605
javelins: 7039
javlins: 460
jaw: 702 724 1547 4052 4482 4489 4492 6361 7272 8140 9210 9232 9303 10180 10199 10359 10398 13840 14015 14259
jawed: 7989
jaws: 497 544 775 947 1550 3303 4508 6955 8256 8653 9303 12645 12752 14194 14403 14999 15138 15541
jealous: 3623 6624
jealousy: 9348
jeer: 14097
jeering: 3993
jeffersons: 617
jelly: 15533
jeopardise: 12829
jeopardy: 2521 6458
jeremy: 14774
jeremys: 14777
jerk: 4057
jerking: 12377 14005 14410
jesu: 14342
jet: 1367 7949 7977 10331 11512 12960 12964 12976 13010 13028 13089 15279 15317
jets: 7527 12574 14652 14881
jetted: 13019
jewelled: 7355 8175
jewellers: 8257
jews: 6336
jib: 9261 10067
jibs: 9855
jiffy: 1913
jig: 9772 9784 9897
jimmini: 10072
jingle: 10078
jinglers: 9832 9836
jingling: 8726
jirst: 15213
jjow: 9577
job: 354 412 6665 7773 9699 13707
jobs: 10558
jocularly: 6111
joe: 3116
jogs: 15501
john: 667 2688 7686 7705 7947 10654 11743
johnny: 1909
johnson: 595 13391
join: 3613 5555 10773 14520
joined: 3036 5649 11440 13958 14118 15109
joiner: 6944
joins: 2587
joint: 2911 4090 6221 6886 12841
joints: 2913 5392
joke: 2444 7020 7581 12265 12699 12701 12716
joker: 12711
jokes: 15535
jollies: 10061 10066
jollity: 10562 12276
jolly: 1221 1312 1323 1796 5119 7020 8280 9866 12709
jonah: 357 1550 1653 1655 3041 3042 3053 3064 3075 3085 3091 3097 3111 3124 3125 3126 3137 3145 3150 3167 3169 3172 3173 3175 3180 3187 3189 3200 3231 3238 3242 3247 3255 3274 3279 3283 3287 3289 3295 3297 3299 3305 3313 3320 3322 3324 3347 3358 3362 3378 3380 3382 7808 14689
jonahs: 3047 3159 3164 3165 3194 3219 3237 3270 3328 14629
jonas: 524 14664
jones: 5653
joppa: 3079 3085 3087 3364
jordan: 6338
jostle: 2551
jot: 4763 10475 10477
journal: 851
journey: 6943
jove: 1084 2842 10642
joy: 660 1688 2997 3064 3404 3718 3847 5599 9387 15259
joyful: 3031 10629
joyfully: 11904
jqick: 14342
jre: 6654
js: 2062
juan: 11744
judge: 3165 10379 10636
judges: 3417
judging: 1393 13257
judgmatically: 1117
judgment: 1228 4400 5670 5676 5679 9767 12986
judgments: 13477
judiciously: 1117 11593
jugglers: 15525
juggling: 7496
juicy: 4311 9684
july: 8240
jump: 1128 1778 4640 5783 6258 8662 9854 10061 13712
jumped: 1984 2352 5576
jumping: 2136 5497
juncture: 6354
junctures: 7044
june: 1068 2257
jungle: 15232
junior: 13954 14213
juniper: 606
junk: 8315 8660
junks: 4448 12906
jupiter: 3525
jure: 7800
jury: 5682 6084
just: 1029 1138 1650 1708 1738 1878 1890 2011 2018 2067 2075 2203 2335 2379 2495 3090 3314 3928 4039 4074 4369 4654 5229 5236 5349 5356 5405 5454 5701 5723 5834 5918 6128 6210 6220 6446 6919 7601 8014 8291 8485 8553 8732 8805 9698 9940 10076 10938 11535 11646 11739 12714 12732 13978 14049 14234 14254 14338 14860 14863 14969
justice: 10635 13886 14172 14948
justification: 15002
justified: 2519 10353
justinian: 11807
justly: 448 14937
k: 6967
kedger: 14994
keel: 3422 6459 7135 11087 12195 12384 15275
keeled: 9972
keeling: 14395
keen: 1142 7037 9489 12473 12556 14114
keenest: 5092 6900
keep: 1411 1430 1804 2158 4370 6418 6476 7472 8126 8239 8334 8620 8695 8943 8949 9013 9384 11699 11994 12514 13219 13550 13641 14042 15261
keepers: 2455 12121
keeping: 2237 3580 3700 4217 4219 5231 5899 6398 14005
keeps: 1813 5080 8443 10920
keg: 12653
kelpy: 3051
kelson: 3409
kennel: 7419
kept: 1389 1799 2006 2413 2422 4212 5955 6130 6309 6980 7307 7553 7596 8328 8773 8858 8968 9009 11901 11917 12014 12109 13502 14065 14262
key: 1095 3176 5209 5293 9620 14061 14079 14105
keyed: 10541
keyhole: 5205 5211
khan: 7516
kick: 1907 6299 7488 7550 7557 7569 7589 7595 7608 7623
kicked: 7488 7549 7551 7572 7604 7609 7610 7615 7622
kicking: 7553 7600 7602 8510
kicks: 7622 14243
kill: 549 1520 2164 2170 2268 4022 4025 4032 4035 5278 5279 5365 5398 6157 6857 7016 9954 10511 12593 13334 14036
killed: 399 551 599 728 867 2750 4016 5040 5271 5440 6858 6859 9022 11522 14677
killer: 951 8084 8191 8198 8214
killers: 8201
killing: 11480
kills: 3415
kilt: 13837
kilts: 13985
kin: 6681 10804
kind: 542 694 1110 1603 2198 2491 5124 5949 6456 6763 6921 7470 7999 8274 11387 12763 13324 14778 15181
kindled: 2116 3632
kindly: 10674
kindness: 3552 15185
kindred: 2505 10523
kinds: 5869 5933 8005
king: 396 402 427 640 708 962 3757 3767 3791 3933 3949 4725 5095 5097 5439 6134 7024 7517 7548 8525 8540 10498 10501 10840 11511 11532 12209 12389 12390 12392 12488 12747 13241 15037 15539
kingdom: 7867 8160
kingly: 6930
kings: 635 1719 3830 3950 4464 6745 6750 6770 6904 7513 8468 10610 10612 10637 10741 10883 13279 13594 14915
kink: 1968 15447
kinross: 547
kinsmen: 9477
kiss: 9766
kissed: 3634
kitchen: 4301 4307 4322 5233
kith: 6681 10804
knaves: 6887
knee: 1069 3667 5578 12818 12878 12880
kneel: 12822
kneeling: 2987 2990 3431
knees: 3666 4053 7449 8178 8181 12636 13435
knew: 991 1300 2022 2156 2300 2778 3288 3290 3769 5184 5387 5445 5463 6860 7716 9677 10106 10348 10512 10758 11188 11887 11902 12120 12216 12606 12850 12857 12920 13691 14557
knife: 1591 2579 3447 4914 5022 8566 8570 8574 8667 9609 10013 10038 10394 10436 12247 12248 12553 14411 15051
knight: 7042 11944
knights: 125 127 6778 6854 6936 7013 7102 7614
knitting: 11117
knives: 5916 8712 12516 13613 14016 14114 14941 15029
knob: 5304
knobby: 12705
knobs: 2902
knock: 1783
knocked: 5193 9583
knockers: 15064
knocking: 987 2811 4228 13995 14075 15066
knockings: 1779
knot: 1752 2048 4512
knots: 1510 1740 7462
knotted: 2004
know: 1712 1755 1880 2420 2788 3504 3639 3733 4016 4437 4447 4554 4578 4604 4620 4773 4904 5079 5114 5115 5118 5119 5122 5140 5152 5539 5540 5605 5730 5751 5774 5802 5806 5809 6038 6466 6715 7413 7448 7472 7475 7549 7554 7589 7630 7790 8060 8259 8307 9238 9490 9539 9681 9780 10925 11467 11494 11535 11691 11808 12512 12818 12820 13380 13602 13632 13675 13736 13856 13902 14027 14501 14527 14556 14660 14823 14905 15192
knowd: 2183
knowest: 4924 5095 5657
knowing: 1156 1635 2339 3613 4659 8509 10321 11593 12936 13196 15169
knowingly: 1872 10107 10109
knowledge: 4833 7682 7688 7790 9650 10218 11003 13500
known: 220 580 802 924 3261 3424 3852 3915 4273 5155 6255 6264 6591 6745 7026 7059 7806 7873 7890 7899 7914 7915 7987 8056 8088 8107 8192 8213 8275 8618 10294 10366 11245 11426 11430 11452 11457 11471 11516 11773 11775 11989 13292 13451 13745 14008 14139 14283 14608 15157 15260
knows: 1052 2524 3167 4191 5798 5802 5915 6749 6990 8977 10999 11016 11123 12919 13338
korah: 15223
kraken: 15383
krusen: 6599
krusenstern: 6602
krusensterns: 11692
l: 180 1326 6689 7575 10746 12807 15604
la: 5226 5231 9684 9687 12952
laar: 11035
label: 7816
labelled: 15075
laborious: 14433 15096
labour: 8963
laboured: 5409
labourers: 7756
labours: 4968
labrador: 1649 1666 2600
labyrinth: 2236
lace: 10452 14703
laced: 4510
lacepede: 7703
laceration: 10439
lack: 4764 7856 9551
lacquered: 10895
lactantem: 7799
lad: 3117 5107 5133 5275 9018 9909
ladder: 2895 2898 2901 2908 2916 2939 2956 14129
laden: 1285
ladies: 2551 6538 8170 9713 9714 15014
ladle: 5974
lads: 953 8243 9053 9737 9866 9873 9961 12297 13697 13786 14730 14908
lady: 4359 5948
laid: 885 3345 4963 6022 7256 7262 7670 9589 11050 11965 13608 15285
lain: 3653 14216
lake: 10312 13564 13796 14024 14425
lakeman: 13557 13560 13569 13614 13694 13731 13770 13819 13824 13952 14004 14202 14224 14261 14299 14408 14455 14480
lakemans: 14049 14317
lakes: 1038
lamatins: 7861
lamb: 5017
lambs: 714
lament: 4139
lamp: 2116 2159 3193 3196 3200 3203 3730 4260 4356 7509 11153 12654
lamps: 6550 11577
lan: 13316
lance: 846 1196 1518 2569 5021 5091 5092 5975 6951 7044 8144 9295 9375 10260 10536 11295 12689 14384
lancers: 7038
lances: 1517 6652 8710 9414 9442 9452 9454 9475 11777 14968
land: 377 483 585 1009 1028 1038 1082 1137 1240 1570 1946 1993 2598 2603 2604 3283 3379 3771 3991 4181 4191 4196 4485 4767 6133 6375 6448 6453 6457 6458 6484 6645 7718 8183 8202 8844 9289 10171 10316 11510 11608 11767 11948 12523 13569 13602 13658 13856 15181 15220 15256 15258
landed: 1650 1671 2080 2462 4006 5174 6439 6446 12415 12685
landing: 4252 5270
landlady: 5215 5258 5298 5316 5329 5477
landless: 4193 13646
landlessness: 6463 6480
landlord: 1580 1598 1608 1615 1639 1734 1753 1803 1807 1818 1823 1831 1853 1854 1863 1871 1875 1894 1900 1926 1982 2167 2168 2174 2207 2217 2436 2479 3869 4209
landlords: 1844 3719
lands: 3765 4934 10937
landscape: 1057 11038
landsman: 12460 14574 15525
landsmen: 1020 6498 6500 7698 7829 8088 11542 15189
lanes: 1032
langs: 11730
langsdorff: 11689 11691 11694 11740
language: 695 4184 4741 5641
languid: 15277
languishing: 12445
languor: 8871
lank: 6321
lantern: 6378 6384 12654 12664 13131
lanyard: 14296 14315
lap: 3452
lapland: 11060
laplander: 4121
lar: 1371
larboard: 2980 2981 4218 4219 4225 12285
larceny: 8587
large: 562 750 906 947 1454 1945 1955 2004 2010 2943 2988 3451 3459 3469 3921 4875 4936 5945 6504 7087 7699 7845 7960 8350 8449 8941 10110 10142 10724 11142 11595 11602 11702 11732 11849 12199 12254 12391 13448 13567 13583 13740 13974 14427 14449 14855 14879
largely: 856 8368 15132
largeness: 7069
larger: 603 670 8267 10487 11703
largest: 588 4699 4976 7721 7877 8274 11850 14542 15365
larly: 8849 12364
lascar: 9883
lascars: 2552
lash: 13601
lashed: 1944 6462 9948
lashes: 3913
lashing: 12007 12635 12652
lass: 13810
lasses: 9765
lasso: 4056
last: 1326 1340 1363 1466 1491 1530 1596 1751 1889 1991 2071 2120 2129 2163 2277 2287 2306 2349 2391 2555 3039 3040 3107 3108 3148 3195 3215 3262 3337 3556 3657 3793 3807 3827 3855 3955 3962 4081 4151 4191 4229 4255 4569 4832 5019 5123 5344 5387 5475 5510 5626 5791 5909 5973 6004 6088 6168 6173 6190 6203 6312 6349 6376 6388 6392 6581 6627 7024 7063 7263 7310 7418 7522 7588 7730 7826 7902 8386 8495 8606 8749 8774 8813 9006 9060 9070 9155 9266 9686 9766 10069 10153 10274 10405 10517 10751 10770 11462 11463 11609 12054 12374 12676 12684 12787 12915 13042 13053 13298 13686 13730 13805 13817 14067 14109 14119 14137 14140 14184 14248 14798 15173 15217 15292
lasted: 7020
lasting: 13507
lastly: 6563 7880
late: 214 785 1276 1405 1729 1804 1813 1904 1984 2746 4206 7372 7507 9202 10135 10233 14647 15419
lated: 12263
latent: 6826 9652 11371
latently: 6870
later: 5344 13297
latest: 1642 7670 13300
lath: 1021
lathering: 2412
latin: 249 466 10649 15044
lation: 12713
lations: 10289
latitude: 7209 8486 11216 11256 11311 13646 15093
latitudes: 6783 8111 10113 10184 10278 10455 10892 11191 13036 13528 13612 15161
latter: 5629 8808 11376 12956 13478 14610
laugh: 2441 3916 3953 5770 9389 9394 9579 9671
laughable: 2447
laughed: 5769 13894 14455 14480
laughing: 5127 9682
laughs: 3177 9370
launched: 7657 8849 13083 14752
launching: 4151
laureate: 10690
law: 2375 3418 6204 6689 12750 12755
lawless: 8215 13875
laws: 5413
lawyer: 12784
lay: 843 1316 1428 1998 2271 2285 2297 2318 2325 2340 3125 3295 3423 3644 3961 4874 4878 4881 4893 4918 4922 4927 4929 4931 4933 4954 4970 5025 5033 5393 5595 5786 6138 6295 7138 10442 11703 11762 12025 12210 12212 12498 12664 13129 15334
layer: 7322 9312 9332 12468
layers: 15445
laying: 891 2115 5995 8668
lays: 4196 4866 4931
lazarus: 1407 1425 1427 1432 12793
lazily: 12004 14902 14956 15290
lazy: 6137 9004 13856
leachs: 431
lead: 801 1043 1190 1914 9619 10953 10977 11758 12005 13245 14140
leaded: 15503
leader: 9418 14125 14133 14149
leaders: 1190 1191
leadership: 11908
leading: 4301 6309 6515 8316 11417 13844 14627 14777
leads: 2963 10576 10730
league: 9499
leagued: 11383
leagues: 1031 10331 11747 13592 15132 15133
leak: 4115 11675 13529 13540 13551 13630 13650 13697 14253 14434
leaking: 12744
leaky: 4983 6411 13644
lean: 1807 5948 7067 8704 9018 10975 12418 13325
leaned: 3341 4825
leaning: 1016 1387 3665 3989 4088 4319 5518 7505 9601 9711 10912 13178 14275
leap: 4061 9926 11365 11760 15120
leaped: 12191 12525 12616 13171 13982 14050 14471
leaping: 848 2175 3250 3333 7214 13112 14481 14867
leaps: 3250 6488 9928
learn: 3312 3802 4557 4740 11845 15415
learned: 449 3083 4369 8975 8984 10099 10754 11023
learnedly: 13397 14608
learning: 1264 13518 14646 14656
learnt: 4435
least: 308 876 2048 2486 3465 3926 4208 4802 4878 6533 6591 6989 7009 7331 7762 8023 8067 8405 8415 8521 8529 8593 9567 10197 10811 10867 11578 11714 11871 12302 13555 14263 15447
leather: 8949
leathern: 10770 10772
leave: 2354 3427 5326 5850 6355 7371 8329 8333 9527 13246 13424
leaves: 1039 1066 3038 3314 3337 5066 6924 8444 14476 14958 15234
leaving: 232 1767 2355 2917 3300 4272 4425 4431 5497 6085 7159 7209 7243 8768 10355 14061 14894 15146 15215
led: 699 2873 4689 4731 7093
ledge: 12619 14395
ledyard: 2484 2488
lee: 119 813 1028 2944 6436 6472 6483 8484 12091 12194 12577 12585 13673 13884
leech: 8197
leering: 9683
lees: 2839 10419
leeward: 5020 6453 12111 12207 12464
left: 998 1751 1759 3432 3442 3585 4047 4225 4393 4903 5017 5357 5578 5701 5709 5771 5873 6375 6726 7245 8143 8330 9010 9049 9108 9673 9802 10410 10458 10476 12330 12575 12818 13236 13952 14094 14185
leg: 2215 4562 4608 5123 5141 5791 5800 5803 5810 5871 6298 6308 7270 7271 7286 7549 7551 7558 7567 7606 7609 7611 8488 9004 9132 9269 9576 10399 10450 10516 12811 12816 13005 13099 14996 14998 15449
legal: 11967 14492
legatee: 12784
legatees: 8645
lege: 7799
legend: 4129
legendary: 10228 10791
legerdemain: 10971
legists: 8799
legitimately: 8434
legs: 1042 1593 2076 2255 3655 4826 6985 7492 8803 8865 9774 9787 9813 12835 13432 13437
leicester: 8181
leisure: 14289 15018
leisurely: 8996
lend: 7360
length: 376 542 847 2090 2282 2316 2330 3164 3785 4517 5156 5928 6095 6200 7020 7942 7950 8093 8110 8137 10116 10150 12677 13439 13642 14045 14300 14938 15333 15377 15440 15500
lengthened: 8139
lengths: 2633 14748
lengthwise: 1428 1766
lent: 3909 4427
lents: 5410
leopard: 8185
leopards: 9358
leper: 11059
less: 192 728 941 1151 1319 2420 4077 4939 5359 6666 6992 7211 7304 7305 7369 7428 7669 7813 7957 8213 8280 8401 8442 8619 8821 10812 11236 11261 11605 11924 12161 13169 13499 14813 14890 14973
lessly: 12382
lessness: 10640
lesson: 3047 3052 3054 3055 3056 3312 3347 3358 3386 7687
lest: 4982 11495 13986
let: 410 953 1041 1242 1415 1441 2158 2246 2444 3131 3604 3786 4166 4168 4373 4634 5126 5185 5186 5293 5343 5492 5749 5809 5849 6451 6540 6589 6595 7603 7636 8060 8533 8779 9008 9016 9321 9356 9453 9529 9753 9772 10839 10859 10940 11779 11955 12298 12395 13297 13397 13698 13999 14174 14187 14211 14355 14470 14536 14550 14658 14680 14875
lethargy: 3246
letter: 232 554 1401 7767 8173 8178
lettered: 10770
letters: 610 13199 13296 13306 13307
letting: 5016 10771
leuwenhoeck: 14942
levanter: 11325
level: 6505 8448 9454 12375 12384 14049 14899
levelled: 5705 5816 7216 14968
levels: 3199
levia: 6664
leviathan: 314 351 359 363 364 411 418 465 467 475 479 696 1283 1495 4770 7661 7772 7774 7793 7980 8000 8091 10204 10219 11506 11559 14608 14648 14659 14706 14748 14758 14772 14796 14807 14893 15082 15106
leviathanic: 7663 7727 7835 14964
leviathanism: 8324
leviathans: 494 7001 7517 7907 8029 8305 10259 11185 14778 15172
lexicon: 13396 15044
lexicons: 218
leyden: 9465
li: 182 2797 12945
liable: 1872
liberal: 6506 8038
liberally: 7121
liberation: 6627
librarian: 301
libraries: 7780
library: 14775 15592
licence: 8650 14586
licensed: 6265
lick: 5098
lie: 492 1432 2282 2473 2786 3642 3692 5114 5406 9257 9763 9824 11016 13642 14968 15080 15121
lies: 1064 2787 2806 4186 11059 14466 15259
lieu: 1946 3835
lieutenant: 11212
life: 411 424 879 1095 1967 2219 2804 2834 2862 2873 4076 4760 4790 5310 5680 5866 6580 6755 6803 6817 6973 7094 7369 7751 8553 8626 8674 8699 8808 8872 8893 9073 9368 9393 9438 9466 9643 9649 9651 10164 10173 10396 10421 10574 11360 11501 11727 11927 12265 12604 12652 12698 12708 12763 12765 12789 12828 12829 12831 13007 13050 13059 13272 13609 13875 13934 13941 14875 14906 14964 15175 15260 15340 15577
lifeless: 8815 15154
lifelessly: 14181
lifelike: 12532 14833
lifes: 13727
lifetime: 3428 6609 6716
lift: 3003 6916 9620 10535 14037
lifted: 7601 9510 11947 12417 12663 13386 14364 15101
lifting: 3404 4948 5655 12997
lifts: 9378
light: 1342 1363 1373 1564 1952 1985 1992 1994 2000 2019 2143 2149 2151 2159 2175 2274 2825 3332 3347 3704 3710 3857 4393 6093 6917 7896 8051 8096 9546 9689 10460 10731 10856 11055 11399 12456 12522 12688 13862 14551
lighted: 1913 2164 2531 4007 4087 6129 7533 9393 12984 14134
lighten: 3234
lighter: 2464 7957
lighthouse: 4108
lighting: 6983 7508
lightly: 9012
lightning: 833 2038 3026 7241 10003 12599
lightnings: 11364 14478 15531
lights: 1415 1426 1456 6553 7687 9546 14914
lii: 13146
liii: 13250
like: 418 429 435 455 482 593 698 770 1014 1066 1108 1134 1203 1251 1338 1435 1512 1521 1529 1541 1550 1589 1656 1683 1712 1745 1891 1956 1962 2038 2050 2101 2106 2240 2335 2364 2426 2460 2475 2476 2530 2586 2603 2607 2626 2644 2679 2789 2819 2836 2889 2895 2904 2949 2993 3049 3095 3174 3209 3233 3304 3324 3380 3480 3489 3490 3533 3639 3659 3677 3693 3775 3797 3850 3882 3893 3921 3990 3994 4056 4062 4080 4116 4120 4164 4181 4192 4246 4261 4407 4454 4463 4465 4477 4482 4491 4512 4528 4708 4754 4808 4813 5017 5076 5085 5086 5113 5116 5117 5154 5309 5319 5451 5565 5620 5709 5786 5817 5833 5959 6065 6318 6382 6430 6483 6785 6796 6799 6840 6848 6864 6959 6976 7006 7042 7085 7111 7126 7221 7226 7238 7279 7369 7375 7383 7398 7405 7428 7454 7475 7490 7527 7531 7552 7588 7597 7825 7959 7969 7977 8046 8113 8145 8185 8197 8239 8281 8297 8403 8469 8559 8576 8655 8656 8727 8801 8824 8910 8941 9057 9069 9101 9251 9254 9258 9261 9280 9532 9569 9619 9649 9763 9795 9974 10078 10416 10472 10498 10522 10657 10730 10785 10833 10859 10913 11051 11059 11097 11100 11340 11493 11506 11514 11551 11739 11800 12064 12066 12131 12156 12191 12250 12275 12290 12341 12343 12350 12446 12455 12456 12464 12466 12503 12550 12553 12557 12561 12599 12610 12621 12643 12681 12716 12732 12755 12797 12916 12924 12958 12999 13006 13009 13051 13057 13095 13159 13162 13346 13360 13370 13380 13420 13427 13453 13465 13574 13588 13593 13632 13684 13685 13716 13725 13841 13874 13913 13956 13996 14047 14162 14163 14294 14296 14373 14567 14584 14585 14611 14631 14635 14665 14697 14752 14760 14802 14850 14880 14882 14895 14915 14976 14978 15015 15094 15096 15137 15154 15160 15231 15236 15292 15297 15335 15340 15443 15464 15486 15531 15533 15539 15549 15553
liked: 1578 3715
likely: 7202
likened: 7025
likeness: 2957 8117 10501
likenesses: 13361
likes: 1621 5834
likewise: 1947 3277 6994 8182 8503 8939 10512 12374 13311
lilies: 1070
lima: 10917 10918 13510 13894 13900 13903 13905 13948 14534
limb: 12708 12875 13006
limbed: 10450
limber: 1471 2101 4507
limbered: 14760
limbs: 6861 7078 7223 8690 9910 10152 10387 12545 15526
lime: 606
limeese: 13898
limer: 10888
limit: 1027 11261
limitless: 10346
limped: 5392
limping: 2393
line: 200 765 1429 3047 3188 5213 5352 5587 6622 6680 8070 8140 8286 8287 10393 10769 11228 11233 11285 11303 11558 12124 12134 12386 12871 13105 13113 13523 13940 13974 14385 14408 14411 14752 14869 15400 15405 15407 15413 15428 15440 15450 15452 15457 15467 15471 15479 15482 15484 15490 15491 15498 15509 15516 15547 15548 15562 15570
linen: 1726 2173
lines: 1473 2792 5936 7972 11145 11156 11157 11159 11218 11780 12052 13119 13593 15421 15574
ling: 9753 13524 14372
lingered: 5640 6249 6363
lingering: 6801 10832 11287
lingers: 2472
lingo: 4561
link: 7837
linked: 6545 7368 10275 12917
linnaeus: 7702 7789 7792 7795 7810
lint: 1404
lion: 7085 8560 13219
lionel: 11738 11743 11763
lip: 8197 8674 8701 9910 15141
lipped: 14893
lips: 1601 2124 7958 8108 9694 12157 12525
liquor: 1669
lirra: 9684 9687
lish: 6113
lished: 1137
list: 5977 7711 8309
listen: 3356 5088 5406 7612 7669
listening: 5349 5353
listlessness: 9058
lists: 8320
lit: 3002 3730 12961 12975 14372
literally: 7894 8355 8813 10353
literature: 7750
lithe: 7078 9910
litter: 12608
littl: 8998
little: 592 784 975 977 1191 1223 1265 1285 1375 1404 1465 1551 1653 1681 1707 1767 1876 1909 1955 1964 1980 2091 2105 2108 2121 2122 2123 2234 2252 2267 2402 2415 2438 2879 2918 2946 2987 3186 3239 3446 3507 3555 3570 3633 3637 3658 3664 3879 3972 4144 4206 4227 4246 4275 4313 4321 4385 4408 4424 4426 4504 4567 4617 4658 4681 4785 4861 4897 5018 5120 5238 5269 5298 5716 5807 5818 6024 6039 6385 6411 6977 7015 7017 7022 7111 7145 7247 7268 7305 7315 7333 7551 7563 7688 7699 7987 8056 8060 8140 8188 8192 8345 8525 8563 8573 8583 8670 8682 8924 8945 8965 8980 9241 9312 9332 9399 9684 9774 10372 10759 11689 11700 11739 11758 12209 12222 12389 12390 12411 12415 12426 12433 12488 12747 12820 12851 12863 12864 12882 12883 13214 13336 13405 13407 13411 13633 13647 13655 13682 13782 13793 13856 13987 14054 14277 14365 14773 14788 14975 15017 15019 15510 15544
liturgies: 4430
liv: 188
live: 2071 2553 2602 3428 4337 4640 4991 6785 7373 8243 8380 8404 9367 9969 11393 11924 12522 12646 12793 13005 15223 15225 15350 15574
lived: 3814 8730 8741 8749 8752 11805 12793
livelihood: 4147
lively: 6183 8661 10237 13005 13697 13724 14730 15013
liver: 414 6765 10010
livers: 12517
lives: 949 1435 4188 4723 7750 8386 15176
livid: 7267
lividly: 7238
living: 481 855 2797 2804 2810 3055 3359 3366 3387 3531 4061 4182 6334 6858 7134 7559 7562 7712 7741 9334 9357 10310 10410 10478 10479 11377 11399 12160 12436 14373 14667 14748 14749 14803 14850 14851 14910
lix: 198 15269
lo: 707 2413 2952 13014 15328
loaded: 6980 12452 14441
loading: 6984 8656 12452
loads: 414
loaf: 8483
loath: 6355 6361 14392
loathed: 10803
loathsome: 10681
local: 6939 8970
locality: 12954
localness: 8895
lock: 583 3175 3176 5294 6950 14457
locked: 3179 5228 5230 6090 8571 12796 13569 15104
locker: 6408 8947 11141
locks: 7531
locksmith: 5286
lodge: 1307 4891 5402
lodged: 8353 8389 14789
lodges: 1244
lodgings: 1384
loftiest: 7323 8785
lofty: 2621 2889 2936 3478 4741 7240 7977 8807 8850 10726 11511 12399 13153 13588
log: 5955 6617 11148
logan: 8751
logger: 12383 12391 12425 15499
logs: 11199 14666
loitering: 1028
loiters: 11288
lombardy: 9536
london: 46 662 671 905 7128 8828 10884 14695 14993
lone: 6430 13278 13608
loneliness: 6817
lonely: 3536 4107 7090 7356 15279
lonesomely: 13049
long: 305 330 398 975 1200 1471 1512 1518 1541 1626 1665 1795 1875 1876 1991 2144 2414 2422 2459 2488 2636 2716 2854 2891 3455 3488 3490 3675 3965 4061 4063 4081 4452 4483 4489 4507 4729 4782 4811 4836 4881 4933 5348 5349 5397 5518 5526 5527 5767 5769 5786 5902 5910 5974 5977 5995 6316 6356 6363 6419 6622 6634 6680 6781 6797 6839 6954 7024 7037 7064 7067 7147 7300 7326 7395 7721 7877 7929 7947 7962 8060 8179 8394 8601 8802 8888 9155 9299 9426 9487 9509 9585 9647 9810 9945 9999 10118 10256 10308 10347 10441 10512 10749 10875 10895 11338 11506 11601 11727 11776 11826 11868 11901 11905 11907 11919 11995 12015 12061 12134 12241 12308 13055 13071 13077 13081 13155 13160 13164 13295 13305 13316 13325 13469 13585 13609 13623 13726 13867 13883 14110 14115 14349 14566 14688 14708 14958 15033 15103 15144 15283 15334
longer: 5974 6350 7074 7368 7522 11382 12574 13817
longest: 2265 8395
longitude: 11216 11256 15094
longitudes: 10184 10893 13036
look: 733 899 1009 1025 1343 1795 2083 2190 2452 2576 2601 2903 3097 3112 3248 3316 3333 3336 3935 4035 4105 4108 4128 4331 4343 4452 4625 5031 5068 5081 5106 5258 5259 5333 5392 5519 5594 5716 5770 5828 5845 5859 5899 6125 6389 6553 6578 6793 6800 7078 7182 7335 7514 7570 7603 7639 7645 8185 8290 8804 8851 8925 9192 9211 9226 9291 9353 9356 9611 9973 11105 11994 12070 12134 12368 12506 12533 12966 13164 13174 13363 13823 13902 14016 14017 14024 14294 14615 14693 14795
looked: 1311 1373 1374 1375 2049 2240 2499 3145 3480 3483 3538 3570 4065 4246 4261 4443 4456 4495 4838 5209 5308 5465 5610 5631 6365 6367 6375 6445 7111 7221 8703 9107 9145 9230 9467 9675 11242 12112 12266 12432 12797 12962 13773 13900 14313 15153
lookee: 6032
looker: 1636
lookest: 1396
looking: 1017 1299 1365 1545 1618 1785 1915 2002 2011 2199 2201 2336 2505 2548 2836 3454 3495 4353 4533 4806 4858 5388 6042 6064 6100 6270 7108 7287 7634 11660 12018 13173 13715 13889 14409 14689 15019
looks: 2463 3123 3127 4567 5565 7369 8112 12250 14358 14611 14697 14801 15467
lookst: 3174
loom: 12023 15500
loomed: 12676 13151
loomings: 76 972 1049 1132 1217
loons: 2405
loop: 15472
loose: 4511 5750 10437 12151 12686
loosely: 10873
loosened: 13114 14957
lord: 356 362 419 1571 1997 3282 3284 3306 3360 3379 3419 5279 7166 7472 7493 7517 7590 8484 10066 10610 10653 12167 12498 13699
lording: 1140
lordly: 12435
lords: 5536 6408 7613 8655 9611
lorn: 13173
lose: 5629 8745 10965
loses: 9060 10798
losing: 5790
loss: 5141 5810 5934
lost: 406 478 2309 2690 3811 4463 4610 4613 5123 5472 5800 5871 7004 7658 8868 8929 9039 9576 10482 10748 11340 11576 11618 11627 14996 15210 15237 15547
lot: 1879 3270 7487 7591
lots: 3264
loud: 1351 2331 4139 8087 9280 12296 12488
louder: 3293
loudly: 5490 12197 13197 14052
louis: 6557 8821 8822
lounge: 8996
lounges: 8501
lounging: 8610 9710 11491 12004 13510
loungingly: 12267
lous: 4004 14194
love: 727 1239 3715 8964 8983 9691 10697 11020 11944 13352 13691 13752
loved: 221
loveliest: 15242
loveliness: 9546
lovely: 4761 8283 9546 11046
loves: 321
loving: 2231 3644 7512
low: 1342 1452 1533 1537 1541 2983 3409 3537 3771 3775 8398 8689 8691 9389 9551 9920 13532 14450 15342
lower: 4052 4489 6135 9168 9312 9332 10067 10359 10398 12176 12177 13163 13840 14255 15471 15475 15489
lowered: 8270 10149 11600 12744 13193 14077 14386
lowering: 176 6849 7211 12147 12232 12315 12320 12408 12494 12582 12671 12969 12990 15323 15497
lowerings: 12353
lowest: 12478
lowly: 433 3177 3342 9200 9385
loyal: 6769
ltd: 44 55
lubber: 3994 9282
lucian: 386
luck: 4216 5732 6392 6393 6394 8399 13528 13539 14487
luckily: 6640
luckless: 9030
lucky: 4882 6940 8244 15088
lug: 4975
luggage: 3955
luggers: 4447
lull: 3336
lulled: 9057
lulls: 10895
lumber: 7405
lumbered: 6091
lunacy: 10472 10480
lunatic: 10449
lung: 7812 10411
lunging: 9941 12992
lungs: 1099 4006 4625 7641 7797 7812 9381 12071 12518 13726
lurchingly: 7536
lurid: 9614 9974
lurk: 8564 11506
lurked: 3546 3583 3755 8704 10450 12009 13047
lurking: 7864 10550
lurks: 3080 8449 9683 10659 10763 11849
lustre: 9199
luxurious: 3689
lv: 190 14562
lvi: 192 14811
lvii: 194 14988
lviii: 196
lx: 200 15398
ly: 5732
lying: 2031 2242 3199 3200 7090 9711 10915 12381 14666
m: 1738 1832 3173 5825 8248 9573 9698 9796 9979
maam: 4280 5231
mab: 143 7544 7619
mabblb: 2733
macaroni: 14886
macassar: 6764
macey: 7801
machinery: 6753
mackerel: 4149
mackinaw: 13588
macrocephalus: 7876
macy: 2718 8846
macys: 721
mad: 773 1869 4808 7455 9573 9854 9997 10446 10454 10482 10511 10540 11330 11341 12065 12499 13626 14122 15236
maddened: 3543 9574 14109
maddens: 10418
made: 360 723 1272 1436 1512 1630 1651 1984 1992 2108 2122 2350 2395 2402 2421 3077 3199 3282 3333 3508 3553 3557 3597 3796 3834 4122 4219 4311 4747 4806 4877 4897 4995 5011 5377 5458 6266 6607 6964 7017 7023 7194 7225 7239 7247 7476 7535 7614 7621 7633 8356 8395 8582 8645 8658 8700 9110 9282 9498 10328 10427 10445 10559 10628 10631 10639 10643 10770 10806 11204 11279 11566 11640 11642 11644 11661 11682 11760 12441 12550 12571 12959 12998 13005 13525 13625 13688 14139 14193 14228 14486 14668 15150 15557
madly: 8832
madman: 1870 9604
madness: 4046 9328 9574 10462 10469 10476 10477 12584 13057 13116
madst: 10052
maelstrom: 9286 14403
mage: 5788
magic: 1040 1068 10568 11239
magical: 15405
magistrate: 11806
magnanimity: 3977
magnanimous: 3621 4085 12436
magnet: 11901
magnetic: 1034 8979 9466 11888
magnetically: 9164
magnets: 3551 8970
magnificent: 1220 10724
magnified: 7009 14944
magniloquent: 10611
magnitude: 585 4934 7843 8082 8314 10130 10358 15173
mahogany: 2899 15537
mahv: 14342
mails: 11562
maim: 3480
maimed: 12840
main: 670 885 2906 3409 6390 7074 8502 8823 9110 10715 11421 11747 12125 14341
maine: 435
mainly: 14246
mainmast: 4504 6249 7406 9206 9601 12122 12965 13504 15288
mainsail: 4041
maintain: 2809 12422 14247 14593
maintained: 2498 7282 14254 15181
maintaining: 13431
maintains: 3197
majestic: 7005 7879 10781 14613
majestical: 8470
majesty: 3932 10635 12429 14750 14859
make: 593 876 1128 1163 1405 1594 1742 1756 1933 2022 2030 2060 2586 2662 2830 3285 3794 3803 4304 4895 4937 5227 5477 5607 5646 5745 5836 6142 6459 7131 7774 8268 8914 9008 9024 9832 9849 9872 10186 10334 10916 11304 11494 11536 12782 12874 13186 13315 13440 13682 13912 13994 14022 14124 14622 14687 15007 15203
maker: 174 12001 12080 15411
makers: 5687
makes: 2558 3129 4119 4566 4741 5061 5401 5418 7560 7562 8290 9988 10077 10678 10808 10884 11402 15410 15461 15532
maketh: 233 351 418 1395
making: 330 1140 1422 1677 1685 2202 3135 4273 5677 6240 6752 7312 8052 8433 8690 11207 12868 13016 13542 13710 14292 15146
malay: 10401
malays: 2552
male: 940 2332 8171
maledictions: 9510 13827
malice: 2437 9342 10137 10402 10419 10817 11773
malicious: 4159 6443 10409 10812 11594 13690
malignant: 13773
malignantly: 9552
malignity: 10131 10361 10411
maltese: 9799 9893
mammiferous: 677
mammis: 7799
man: 467 551 1042 1176 1179 1475 1530 1552 1584 1678 1684 1692 1710 1861 1901 1942 2024 2029 2034 2080 2191 2202 2210 2364 2376 2443 2446 2447 2463 2498 2832 2854 2858 2897 2903 2935 3092 3114 3130 3145 3150 3216 3428 3480 3512 3532 3626 3628 3640 3701 3996 4022 4221 4262 4265 4298 4527 4566 4600 4607 4613 4625 4639 4727 4741 4750 4800 4841 4922 4935 4944 4968 4981 4986 5023 5082 5083 5086 5116 5117 5126 5132 5253 5280 5472 5528 5544 5558 5834 5844 5850 5995 5997 6183 6258 6359 6446 6544 6715 6717 6726 6758 6759 6782 6793 6803 6829 6834 6838 6840 6868 6880 6889 6901 6940 6944 6965 7042 7108 7111 7205 7221 7255 7336 7358 7369 7395 7426 7453 7464 7492 7551 7563 7585 7593 7610 7621 7633 7636 7645 7757 7908 7975 7980 8143 8386 8396 8423 8604 8607 8862 9180 9294 9313 9333 9336 9346 9349 9368 9416 9502 9588 9609 9861 9960 9971 10079 10261 10309 10535 10552 10557 10626 10772 10802 10844 10849 10860 10872 10900 11293 11345 11401 11438 11455 11494 11890 11940 12134 12172 12368 12415 12422 12567 12659 12698 12712 12722 12813 12820 12835 12840 12902 12934 12994 13007 13112 13136 13211 13216 13377 13383 13408 13613 13680 13735 13769 13797 13815 13931 13957 14000 14024 14124 14129 14160 14214 14264 14267 14320 14340 14364 14390 14393 14425 14444 14602 14609 14709 14754 14866 15000 15034 15199 15210 15228 15258 15298 15370 15546
manage: 934 3912
managed: 12267
management: 4903 8359
managers: 1213
managing: 12352
mand: 13796
manded: 4471 13653
mander: 8533
mands: 3070
mane: 10731
maned: 8560
manggoans: 2561
mangles: 3136
mangrove: 3772
manhandle: 13962
manhatto: 1262
manhattoes: 996
manhood: 13679
manifested: 11912 13093 13651
manifold: 14741 15549
manikin: 2094 10010
manilla: 13568 15419 15425
manillas: 12164
mankind: 2797 7022 9062 9989 10512 10829 11028 11933 13937 15332
manliest: 3343
manliness: 6892
manly: 11736
manned: 6566 8768 8774 8855 8858 12995 13115 13471
manner: 795 1606 2100 2129 2232 2380 2483 2900 2996 3696 5265 5757 6288 6519 7104 7127 8321 10192 11081 12330 13795 14652 15140 15225 15384
mannerly: 12915
manoeuvres: 11644
mans: 871 4254 5399 5514 7460 7549 8439 8544 8546 8565 10457 10494 10567 10595 11579 12387 12564 13123 15501
mansion: 2621
mansoul: 469
mantle: 6920 10838
manufactured: 8171 11940
manx: 9864 9966 10046
manxman: 7254 7259
many: 314 380 511 784 1190 1499 1828 2118 2500 2521 2557 2569 2640 2778 2862 3305 3892 3893 4164 4398 4434 4446 4470 4532 4708 4729 4761 4931 4966 5051 5454 5509 5656 5730 5912 6237 6344 6537 6540 6551 6589 6644 6718 7005 7027 7065 7093 7114 7145 7697 7863 7883 8270 8407 8966 8973 9026 9248 9306 9536 9569 10112 10156 10187 10196 10306 10605 10631 10635 11019 11198 11468 11567 11651 11807 11953 12653 12795 12998 13033 13357 13358 13394 13521 13575 13603 13849 13935 13939 14587 14633 14731 15244 15245
map: 3749 4105
maples: 2636
mapped: 14381
mapple: 2859 2863 2870 2893 2903 2914 2921 2978 5561
marble: 2677 2824 2941 10832 14581
marbled: 10351
marbles: 2790 10607
march: 1777
marchant: 4561 4563 4564 4566 4633 6301
marched: 2425 6541
marches: 3914 3930
marching: 4352 5672 10783 12563
marchings: 6929
mare: 1609
marine: 8348
mariner: 695 755 6439 8241 10936 10955 12976 13606 13615
mariners: 1645 2550 3114 3252 3275 3285 6912 9181 9443 12165 13533 14738 15031
marines: 6606 14679
maritime: 2873 10164 10173 13585
marius: 11517
mark: 109 1560 3111 3116 3261 3274 5088 5301 5486 5524 5607 5617 5623 5978 6110 7171 7238 7244 7264 7645 7982 8286 9102 9109 9117 9629 9761 9973 10482 13124 13907 13913 14798
marked: 2076 7968 8002 8312 10135 10629 11159 11434 11476 11514
market: 1824 9309 9311 10826
marketless: 8602
marking: 11157
marks: 3975 8704 8825 11165 11460
marline: 12015
marling: 4808 7594 12252
marmora: 11818
marquee: 6253
marred: 3464
marriage: 6679
married: 3589
marrow: 15533
marshal: 7035 10874
marshalled: 8226
marshals: 2426 10783
marshy: 6143 15145
marten: 7703
marthas: 6999 7062 12497
martial: 6521 8726
martin: 8173 8177
marvelled: 3994
marvelling: 9182
marvellous: 1177 1395 1478 2358 3498 4468 4996 8537 11230 11799 12072 15050
marvellously: 14907
marvels: 1235 7005 10180 11800 11801
mary: 6678 6679
mask: 4573 9336 9337
masked: 8433 10824
masks: 9333
masoned: 2677
mass: 928 1471 4155 4488 8448 10707 10708 12475 14372 14900 15290 15322 15332 15444
massachusetts: 4439
masses: 1460 15080 15154 15174
massive: 5705
mast: 151 328 809 819 899 1126 1127 1505 3350 5982 7114 7280 7311 7639 8381 8625 8761 8764 8767 8773 8778 8781 8785 8786 8790 8811 8814 8824 8827 8837 8844 8857 8858 8861 8890 8900 8921 8923 8931 8945 8951 9002 9030 9111 9140 9191 9217 11238 11993 12388 12401 12995 13165 13168 13171 13489 13845 14254 14366 14969 15152
masted: 13567
master: 549 3244 4430 7295 8484 9349 14664
masterless: 3302 15237
masters: 8652
mastership: 10626 11891
masting: 13601
mastodon: 4157
masts: 529 1502 3990 4456 4463 5667 5676 5682 8864 9391 11715 15276
mat: 174 1955 1958 1960 1977 3923 9917 9921 9922 12001 12006 12014 12080 13562
match: 2647 9570 9571 9710 9901 12453 12653 13775
matched: 4476 9603
mate: 752 946 1680 4470 4788 4805 5115 5669 6183 6204 6207 6386 6390 6780 6837 6938 6998 7041 7058 7406 8572 9136 9197 9388 9946 11621 11903 12283 12440 12605 12738 13556 13652 13689 13693 13737 13771 13803 13810 13824 13840 14215 14226 14257 14313 14323 14382 14396
mated: 13265
material: 4475 15018 15420
materially: 8406
maternal: 3758 13609
mates: 2453 3088 3125 5954 6189 6403 7031 7082 7160 7199 7248 7314 7400 8387 8634 8652 8740 9413 9441 9452 9466 9476 9740 10054 10452 10462 13095 13403 13482 13773 13954 14156 14213 14266 14368 14386
mateship: 4473
mathematics: 8988
matrimonial: 2333
matse: 14608
matter: 745 780 1278 1297 1920 2438 2833 3263 5079 5227 5253 5262 5313 5730 5999 6067 6109 6245 6522 6553 7018 7491 7602 7662 7745 7757 8735 9370 10172 10323 10693 10859 11057 11417 11469 11739 11812 12278 12331 12862 12868 13290 13432 13502 13939 14128 14575 14821 14946
matters: 4074 4974 5797 12762 13739
mattress: 1739 1989
mature: 6758
matured: 11262
maturely: 11963
maty: 9760 9795
maul: 9195 9205 9220
maury: 11212
maw: 3005
maxim: 1186 8379
may: 563 682 905 908 1134 1154 1155 1271 1306 1443 1546 1562 1796 2217 2491 2827 3347 3486 3739 4446 4968 4980 5087 5113 5397 5799 6400 6503 6586 6598 6748 6886 6888 7022 7329 7831 7970 7998 8009 8022 8082 8154 8155 8225 8259 8309 8310 8332 8404 8634 8769 8787 8839 8843 8904 8940 9443 9618 9681 9737 9813 9901 10240 10263 10470 10480 10540 10692 10868 10869 10933 11007 11241 11412 11420 11437 11479 11500 11696 11868 11955 11992 12523 12786 12911 12969 13301 13306 13308 13480 13607 13683 13763 13861 14478 14529 14540 14552 14571 14578 14764 14765 14791 14795 14798 14994 15183 15199 15201 15370 15383 15417 15530 15542
maybe: 1813 1835 5230 7488 7633 9471 11472 12812 13565
mayest: 4688
maze: 11180
mazeppa: 15557
mazes: 13246
maziness: 15053
mazy: 1062
mccullochs: 888
me: 410 536 692 974 976 984 985 994 1033 1128 1148 1151 1153 1154 1155 1164 1196 1213 1225 1226 1236 1238 1242 1248 1276 1296 1317 1329 1347 1416 1581 1678 1708 1731 1755 1759 1769 1783 1785 1817 1832 1857 1860 1861 1865 1871 1895 1905 1914 1962 1997 2003 2023 2038 2039 2051 2087 2142 2152 2154 2159 2160 2164 2165 2168 2170 2173 2181 2190 2193 2196 2204 2210 2214 2231 2245 2246 2248 2254 2255 2256 2280 2282 2306 2316 2320 2337 2339 2353 2354 2360 2438 2648 2765 2782 2827 2830 2840 2912 3001 3003 3021 3055 3206 3346 3348 3357 3358 3424 3486 3501 3510 3542 3551 3557 3579 3583 3586 3588 3591 3597 3602 3603 3613 3614 3627 3629 3677 3716 3739 3801 3843 3845 3850 3856 3871 3873 3883 3906 3918 3935 3976 3980 4008 4020 4251 4253 4311 4320 4358 4384 4391 4562 4564 4600 4613 4633 4656 4661 4685 4686 4696 4796 4838 4845 4852 4859 4891 4897 4986 4987 4989 5027 5038 5047 5050 5051 5082 5100 5106 5117 5126 5137 5138 5153 5155 5271 5276 5282 5299 5333 5370 5377 5392 5406 5416 5447 5462 5465 5527 5545 5546 5604 5666 5807 5809 5850 5862 5865 5867 5869 5882 5883 6001 6025 6042 6045 6085 6132 6152 6340 6344 6452 6540 6721 6722 6919 6921 6930 7176 7182 7194 7217 7267 7271 7383 7416 7451 7454 7460 7472 7474 7478 7482 7485 7486 7488 7491 7493 7523 7550 7569 7572 7584 7591 7630 7633 7773 7808 8147 8173 8334 8466 8471 9008 9010 9016 9191 9195 9208 9210 9212 9278 9279 9282 9283 9321 9339 9341 9345 9346 9350 9382 9384 9434 9441 9443 9446 9448 9452 9453 9474 9489 9540 9545 9546 9547 9569 9573 9583 9587 9588 9606 9608 9614 9648 9652 9656 9658 9720 9753 9785 9797 9801 9909 9921 9923 9978 9988 10077 10097 10591 10601 10751 10958 10981 11018 11427 11537 11585 11639 11651 11773 11779 11832 12332 12395 12490 12496 12498 12721 12732 12733 12749 12797 12811 13213 13397 13514 13716 14008 14196 14199 14297 14311 14355 14463 14470 14476 14478 14515 14518 14528 14539 14550 14551 14554 14680 14806 14876 15000 15108
meadow: 1060 1134 15160
meadows: 3901 15131 15273
meads: 6345 15145
meagre: 6888
meal: 1597 8291 8732 9096
meals: 5323 8391 8578 8579 8884
mealy: 8222 8273 8284 8297
mean: 1099 1149 1848 1871 2031 2583 4016 4293 4610 5496 5500 5546 5548 5594 5715 5802 6831 6888 7714 8297 10932 11094 14178 14308 14944
meanest: 3245 6912 13622
meaning: 1084 1085 2161 2961 3081 3157 3574 3589 11025 11037
meanings: 2813 13211
meanly: 6756
means: 2900 3292 3466 5927 6225 6793 6840 7027 7720 7835 8356 8428 8851 10373 10510 11732 11850 11883 12392 12894 13899 15416
meanst: 5557
meant: 1344 1478 4402 7529 9356 10772 13767
meantime: 2112 5238 5990 6286 9880 12038 12337 13103 13187 14407
meanwhile: 1298 2070 2340 3448 3495 3555 5625 6131 6191 9200 9456 11452 12440 12528 12608 12647 13796 13826
measure: 1562 1761 4711 8780 9299 9403 12325 12861
measureless: 9284
measurer: 9313
measures: 15440
measuring: 7405
meat: 1603 2934 8258 8572 14164
mechanical: 9202 14928
mechanically: 3601 6376 12024 12507
medal: 4084
medallion: 8487
medallions: 14583
meddle: 13735
medes: 4440
medi: 11827
medicament: 7896
medicinally: 6758
medioc: 10563
medita: 7824
meditation: 1052 11918
meditations: 8979
meditative: 8862
meditativeness: 9019
mediterranean: 2550 3088 11839 11844
medium: 11057
meet: 897 983 7048 9418 9928 13310 13349 13466 14267 14651
meeting: 5514 5535 5540 5650 9694 10012 11249 13266 13353 13399
meetings: 13319
meets: 13308 13365
mekry: 6235
melancholy: 4493 5429 7214 9027
mell: 9941 14912
melt: 3964
melted: 1314 9353 13126
melting: 2875 3542
melville: 19 35 15596
member: 2338 5508 5526 5535 5541 7562
memorable: 5438 11473
memorial: 617
memorially: 15196
memories: 6450 6824 6864 10749
memory: 2698 2758 7356 7363 8665 12934
men: 448 992 1015 1041 1237 1282 2482 2486 2566 2676 2860 3054 3055 3064 3077 3083 3236 4129 4371 4718 4746 4803 5824 5900 5980 6065 6068 6170 6398 6409 6566 6594 6616 6827 6859 6875 6886 6888 7032 7064 7104 7114 7134 7202 7698 7699 7745 7974 8381 8414 8440 8445 8815 8898 8992 9027 9152 9157 9166 9170 9194 9226 9261 9288 9290 9298 9355 9428 9436 9446 9478 9502 9784 10020 10083 10216 10221 10258 10308 10310 10392 10409 10633 10754 10806 10868 11549 11748 11761 11886 11920 11954 12120 12135 12187 12237 12299 12311 12479 12514 12533 12592 12786 12857 12935 12940 13119 13170 13292 13349 13377 13478 13550 13664 13678 13699 13725 13756 13764 13779 13887 13937 13940 14001 14016 14020 14044 14070 14084 14178 14230 14426 14468 14489 14721 14832 15502 15540 15574
menace: 6879
menacing: 13810 13978
mend: 4914 5021 14314
mendanna: 15098
mended: 1762 5894
mending: 5189 5687 9667
menial: 8490
mens: 11918 12070
ment: 2360 3063 3496 4811 10436 11758 11923
mental: 5295
mention: 605 4398 7997 9231 10874 10879 10890 11536 13190 13762 14679 14954
mentioned: 2555 8015 8553 11297 11813 11823
mentioning: 4102 7718
mentions: 11815
ments: 8442 10271 13711
mephistophelean: 8109
merce: 6621
merchant: 1193 3852 3924 4172 4558 4630 5921 6237 6643 7118 7186 13343 13376 13599
merchantmen: 8387 8402
mercial: 782
merciful: 5279
mercifully: 3291
merciless: 7210
mercy: 3034 3287 5187 10081 15235
mere: 303 935 2487 2923 3098 3740 3949 4108 5375 8323 8627 8815 8912 10190 10561 10807 10962 11801 11890 12265 12268 12443 13190 14780
merely: 3673 5174 6792 7360 11490 12027 12263 12630 13440
merged: 6314 15082
merging: 2865
meridian: 10130
meridians: 1558 3812 4090
merit: 10760 14139 15077
meritoque: 7800
merits: 6509
merman: 7583
merrier: 12227
merrily: 12511
merry: 117 2828 6198 6240 6325 6416 9785 9854 12512 13697 13723 15535
mesopotamian: 8403
mess: 3845
messmates: 7802
met: 1771 2027 4221 5225 9417 11145 12738 14120 15060
metal: 8827 9541
metaphysical: 1051 1158
methinks: 2833 2834 2835 2838 9325 9629 10977
method: 7676
methodical: 11252
methodically: 986 11424
methodis: 8018
methought: 10742
metnougnt: 10746
metropolitan: 6507 13324 13885
mexico: 4167 14677
mi: 184
miasmas: 11450
michael: 331
michigan: 13574
microscopic: 4530 14942
mid: 958 4005 6446 9079 10443 10644 13344
middle: 1303 1758 1958 1979 2043 4508 5306 10878 11078 14788 14828
middling: 8081
midmost: 1250
midnight: 160 1487 1731 9707 9747 9841 9935 10030 10941 11338 13013 13603 14153
midships: 2981
midst: 1492 3368 4052 9552 11089 12660 12713 15549
midsummer: 6347
midway: 13246
might: 448 961 1375 1409 1467 1547 1580 1727 1782 1787 2033 2082 2158 2464 2794 3794 3799 3820 3837 3915 4016 4622 4880 4882 4887 4905 4934 5122 5208 5278 5690 5907 6269 6293 6460 6626 6724 6726 6742 6754 6873 6884 6957 6995 7262 7410 7487 7599 7773 8047 8200 8320 8706 8740 8998 9056 9677 10227 10259 10573 10603 10695 11185 11298 11325 11496 11545 11564 11772 11875 11905 12040 12441 12688 12714 12782 12795 12907 12919 13020 13041 13171 13264 13389 13615 13987 14008 14068 14139 14180 14229 14626 14860 14874 15321
mightest: 3283
mightier: 709 5091
mightiest: 4155 15233
mightily: 1808
mighty: 488 928 1391 2441 3045 3240 3510 4742 4905 6583 6637 6665 6695 6880 6928 7298 7559 8198 8646 9245 10187 10782 14755
migrating: 11241
migrations: 11201
migratory: 11204
miguel: 11514 11519
mil: 186
mild: 1086 2867 2978 3537 7362 7530 10456 10710 10896 13049 15277
mildewed: 2050
mildly: 221 4019 4088 12006 13173 15276
mildness: 10680 15318
mile: 5286
miles: 767 771 831 1031 1069 1073 2650 3090 3522 8770 10182 11004 11117 11236 11623 11948 12091 13864 14446
milestones: 13874
military: 7118 8410
milk: 2605 4348 8186 10637 10724 10839
milkiness: 10788
milky: 10355 10941 11010 11033 14372
milliners: 13411
million: 1407
millions: 697 4188
millionth: 11802
mills: 12116 13279
mimicking: 4000
mination: 14140
mince: 14178
mincing: 14015 14114
mind: 974 1272 1401 1630 1665 1734 2349 3066 4037 4040 4632 4809 5001 5037 5120 5157 5168 5562 5637 6061 6081 6406 6421 6958 7456 7564 7647 8403 8565 9953 10928 10930 11190 11341 11378 11382 11531 11650 12216 12227 12228 12297 12705 12757 13551 14112 14171 14196
minded: 1041 9027 9037 9059 14491
mindedness: 10562
minds: 10132 10205 10244 10275 10281 10380 10698 11421
mine: 1402 2083 2294 2313 3019 3347 3426 3588 3603 3655 3857 5393 5771 7531 7802 9382 9473 9541 10098 10757 13683
mined: 5368
miner: 10575
miniature: 8263
miniatures: 14939
minister: 618
ministry: 2862
mint: 10554
minus: 2369 14787
minute: 7209 7761 11981 12107 12282 15131 15446 15492
minutes: 1694 4062 4075 11606 11790 13262 14157
minutest: 4530 7292
mirabilis: 498
miracle: 15220 15221
miracu: 4003
miraculous: 15046
miriam: 931 7706
mirror: 2416 13596
mirth: 15535
mis: 5558
misanthropic: 7330 7978
misbehaviour: 2281
miscellaneous: 6507 11319
mischief: 10131 11650 11766
mischievous: 801
miscreants: 14130
miserable: 1319 3092 3213 3806 9612 10749
miserably: 6453
miseries: 6991
misery: 3219 10973
misfortunes: 2287
misgiving: 4249
misgivings: 2341 7200
miss: 6409
missed: 1695
missing: 3119 5271 14998
mission: 3363
missionaries: 6644
missionary: 851 6643
mississippi: 12344
missouri: 8750
mist: 2667 12590 12609 12648 12664
mistake: 497 5220 5619 14693
mistaken: 2833 4592 5830 8136 9698
mistakes: 14741
mistaking: 4230
mistress: 5232
mists: 12674
misty: 1367 6014
mittened: 8987
mittens: 14793
mitting: 6903
mixed: 1516 1655 4312 5641 12698 14141
mizen: 7284 8491 8520 12123 14163
mm: 10565
mness: 8873
mob: 3271 3421
moby: 29 135 162 204 392 509 629 743 865 968 1006 1090 1174 1336 1420 1484 1568 1662 1749 1841 1931 2016 2098 2188 2263 2347 2513 2573 2775 2929 3015 3102 3184 3268 3354 3520 3610 3686 3825 3899 3984 4071 4135 4291 4460 4545 4645 4736 4822 4912 5008 5104 5245 5338 5427 5570 5663 5743 5842 5925 6105 6281 6373 6573 6658 6812 6896 6971 7056 7142 7192 7277 7423 7579 7735 7822 7912 7994 8079 8164 8252 8420 8557 8639 8721 8797 8879 8961 9045 9126 9224 9236 9238 9262 9268 9278 9295 9301 9319 9409 9506 9508 9565 9639 9791 9891 9983 10091 10120 10126 10134 10139 10155 10168 10194 10210 10248 10254 10267 10277 10298 10324 10340 10384 10398 10425 10428 10466 10507 10548 10594 10668 10778 10865 10951 11042 11115 11176 11263 11267 11286 11326 11335 11349 11487 11545 11573 11668 11753 11836 11866 11897 11911 11921 11945 11979 12036 12129 12185 12273 12361 12450 12540 12628 12775 12848 12892 12930 12982 13038 13068 13228 13288 13374 13473 13537 13620 13705 13791 13880 13966 14059 14147 14239 14330 14344 14346 14402 14413 14418 14509 14600 14684 14770 14848 14932 15070 15208 15295 15330 15345 15355 15437 15521 15598
moccasin: 1957
mock: 7461 10443 10497
mocking: 14109
mockingly: 219
mode: 2491 14802
model: 3323 13716 14619
moderate: 8092
moderately: 7967
modern: 455 3083 3087 6746 8805 8814 10413 10612 11744 11832 12932 14819 15224
modes: 10290
modified: 4712 4752 10855 12834
modore: 1187
mogul: 9676 11123
moguls: 9761 9998
mohawk: 13872
molasses: 1656 6411
mole: 1000 11464
molest: 3170
moluccas: 1435 2651
moment: 868 1324 1920 2019 2150 2174 2199 3110 3249 3302 3338 3403 3454 3614 4319 4443 4658 5675 5702 5817 6085 6378 7427 7586 8534 8568 8618 8743 9391 11557 11705 12068 12461 12767 12838 13192 13203 13273 13451 13772 13897 14034 14193 14255 14360 14363 14470 15038 15293 15330
momentary: 651
momentous: 6585 7032 12715
moments: 4323 7268 7519 11659 11679 12546 15198
mon: 4614
monarch: 7730
monarchs: 10725
monday: 1267 3866
money: 975 1076 1177 1178 1552 3153 3868 4704 9312
mong: 5089
mongering: 8725
mongrel: 10559
monied: 1179
monitions: 9025
monkey: 1600 1978 2426 2457 9052 14317
monomania: 10434 10447 10475 11874
monomaniac: 10408 10566 11182 11292 13210
monopolising: 1277
monotonous: 4668
monsoons: 11324
monster: 847 1232 6954 7946 10099 10137 10219 10335 10436 11718 11817 11823 11854 12530 12893 13041 14349 14365 14619 14623 14965 15377
monsters: 368 380 405 702 939 8866 11877 14864 15145
monstrous: 190 382 421 1508 1514 4156 11545 14564 14641 14727 14816 14818
montaigne: 408
montgomery: 705
month: 11219
months: 2308 8891 10441 11217 11955 12795
monument: 727
monumental: 11062
monuments: 10975
mood: 7328 7403 9067 12711
moodiness: 10524
moods: 7178 10704 10843 10889
moody: 2661 5124 5127 7295 8414 8490 9031 14231
moon: 3253 4193 11886 12937 12962 12971 12975
moonlight: 759 6317 11078 12957 12964 13019 14537
moored: 1434 3121 3879 3962 14569
moorish: 8727
moose: 7072 9281
moot: 7787
moral: 985 11967
morally: 10560
morals: 372
morbid: 10192
morbidness: 4745 4747 10405
more: 240 324 325 562 794 1025 1037 1118 1138 1184 1201 1433 1440 1561 1693 1717 1718 1724 1980 1984 2076 2401 2442 2447 2563 2564 2607 2608 2799 2961 3021 3089 3128 3203 3204 3212 3261 3286 3337 3348 3357 3397 3426 3430 3458 3483 3543 3668 3670 3676 3700 3704 3718 3738 3756 3803 3807 3971 3996 4036 4062 4075 4101 4107 4110 4149 4159 4192 4212 4469 4678 4902 4944 5017 5040 5118 5213 5388 5444 5461 5464 5596 5685 5716 5797 5882 6073 6115 6211 6340 6360 6382 6581 6703 6714 6715 6717 6727 6790 6823 6825 6828 6834 6878 7185 7202 7334 7365 7374 7457 7531 7553 7561 7663 7827 7926 8010 8026 8052 8061 8071 8113 8236 8352 8366 8434 8442 8446 8589 8614 8619 8740 8763 8770 8776 8885 8906 8914 9081 9174 9230 9351 9375 9513 9546 9578 9603 9812 9947 10095 10114 10140 10160 10164 10201 10224 10314 10331 10362 10363 10380 10401 10404 10440 10455 10484 10593 10660 10674 10680 10733 10763 10808 10884 10902 11024 11181 11236 11418 11438 11466 11492 11539 11546 11576 11587 11595 11610 11676 11772 11774 11796 11819 11872 11877 11890 11912 11923 11946 11961 12207 12226 12227 12386 12424 12427 12515 12572 12576 12677 12682 12700 12788 12986 13010 13016 13060 13094 13096 13215 13240 13275 13279 13281 13334 13399 13466 13525 13540 13628 13631 13650 13766 13770 13904 13996 14062 14123 14181 14204 14228 14267 14355 14387 14468 14496 14537 14611 14772 14817 15153 15246 15294 15297 15329 15410 15411 15422 15423 15459 15535 15565 15572 15573 15579
moreover: 6637 6864 7046 10451 11419 14385
morning: 1640 1781 1820 2230 2307 2396 2406 2457 2665 3502 3643 3866 4349 4370 4425 5824 5825 5835 5847 5849 6005 6071 6079 6082 7301 7460 7496 7546 9093 9108 11124 11746 11768 13064 13523 14082 14091 14164 14216 14287 14339 14379 15143 15281 15451
mornings: 5045 7212
morquan: 11511
morrel: 6678
morrow: 1882 4371 4382 5028 11561
mortal: 1015 3425 3892 4748 6919 6995 7252 8456 8701 10261 10630 10834 10849 10895 11663 11867 12893 12985 14754 15122 15195 15527
mortalities: 6456
mortality: 222
mortally: 6474 6845
mortals: 3530 5180 6992 8826 15217 15576
mortar: 10431
moses: 411 11587
moss: 3879 3972 3987 4206
mossy: 14881
most: 374 381 786 802 857 1041 1056 1168 1186 1269 1319 1470 1602 1606 1671 1778 1860 1938 2128 2231 2283 2298 2492 2524 2820 2889 3088 3093 3550 3679 3841 3965 4156 4159 4492 4528 4696 4714 5182 5420 5802 5932 5935 5948 6043 6246 6287 6697 6804 6831 6885 6914 6915 6942 6946 6953 7062 7065 7092 7199 7331 7364 7878 7879 7880 7907 7939 7976 7987 8051 8091 8282 8297 8389 8538 8735 8767 8828 8872 8899 9095 9325 9477 9542 9552 10139 10177 10237 10285 10288 10291 10374 10418 10469 10536 10638 10705 10722 10734 10832 10868 11025 11028 11082 11290 11489 11542 11549 11642 11645 11713 11797 11798 11810 11886 11973 12260 12423 12715 12739 12988 13042 13342 13758 13778 13794 13855 13866 13887 13936 13943 14044 14348 14586 14590 14691 14742 14854 14927 15195 15240 15242 15244 15255 15331 15366 15415
mostly: 2567 4799 7748 7864 8189 8995 10105 10142 11227
mote: 432
moth: 4919 4926 4932
mother: 2255 5110 5274 6587 6636
mothers: 5551 9626 12248
motion: 439 3196 8690 11154 12355 14194 14911
motioned: 2214 8571
motioning: 2196
motionless: 3338 12357 15314 15552
motions: 2363 12052
motive: 10510 11293 11961
motives: 1224 1230 11872
motley: 7185
mould: 7226 9114
mouldings: 9335
mount: 8803 9006 9821 12401 12965 13001 15119
mountain: 10311 13671
mountaineers: 1690
mountainous: 4156 4447 15086
mountains: 1063 2507 2575 3959 9591 10728 10888 11011 14991
mounted: 1669 1692 2905 7215 12426 15006
mounting: 2895 5216
mounts: 6916 8210 9534
mourn: 6914
mouse: 5229 7009
mouth: 368 402 406 470 526 980 1411 1652 2007 2149 3241 6986 7520 7983 8284 8290 9753 9754 11789 12952 13185 14187 14218 14258 14625
mouthed: 383 8222 8273 12268
mouthfuls: 8614 8695
mouths: 5452 6994 7864 15140
movable: 7798 8943
move: 2319 5332 8908 8909 9076
moved: 2124 4762 6307 7106
movement: 2371 9115 12365
movements: 3838
moves: 8466 9554
moving: 483 1339 1363 6080 6089 6401 7432
movingly: 9016
mow: 2584
mower: 1513 10399
mowers: 3901 15143 15151
mown: 1512
mr: 745 853 4271 4368 6038 6209 6249 6393 6406 6411 6412 6419 7589 8493 8500 8504 9195 9299 9696 12219 12285 12296 12297 12300 12735 12737 12739 12747 12750 13822
mrs: 4269 4272 4274 4293 4294 4300 4320 4345 4357 5232 5235 5249 5325
mss: 6728
mstarbuck: 10562
mt: 1853
much: 324 325 376 1104 1111 1157 1189 1264 1278 1464 1594 1677 1687 2064 2203 2215 2331 2360 2391 2393 2517 2836 3107 3127 3153 3212 3463 3497 3593 3662 3872 3881 4222 4261 4280 4434 4622 4674 4763 4773 4926 5066 5087 5458 5477 5778 5806 6000 6139 6244 6379 6408 6539 6753 6760 6823 6856 7178 7373 7556 7672 7762 7825 8268 8297 8403 8410 8592 8620 8702 8745 8891 8911 8917 8978 9308 9398 10322 10336 10342 10359 10487 10569 10833 10884 10956 10965 11034 11504 11524 11541 11675 11767 11872 11873 11877 12305 12403 12482 12677 12732 12884 12933 13232 13275 13279 13337 13345 13352 13465 13497 13541 13606 13649 13770 13818 13937 13972 14456 14697 14798 15036 15061 15200 15215 15387 15413 15417 15423 15460 15465
muffled: 1647 2671 9201 10577 11010 12673 12914
muffledness: 6164
muffling: 7410
mufti: 11333
mug: 15486
mule: 7438 13690
multiplicity: 15043
multiplied: 11877
multiply: 1716
multitude: 3460 5915
multitudinously: 3381 7921
mum: 7647
mumbling: 4853 4917 4949 14219
mummies: 1122
mundane: 8542 12941 13077
mungo: 2485 2490
municable: 2675
murder: 5232 9497 10825 12525 13837 14155 14161 14196 15202
murdered: 15230
murderer: 14326
murderers: 3119 6887
murdering: 4570
murderous: 8715 10099 11531 13985
murky: 2825 3347
murmured: 6399 9384 13213
murmuring: 3381
muscles: 4533 7123
music: 8523 9814 10708
musically: 12061
musk: 2649 11005
muskets: 6606 14442
muskiness: 10985 10989
musky: 2462
must: 308 785 1029 1101 1166 1203 1349 1534 1631 1689 1794 1855 1997 2027 2078 2087 2102 2272 2287 2630 2924 2925 2965 3071 3534 3630 3631 3672 3770 3999 4091 4224 4395 4531 4681 4944 4965 5192 5219 5222 5227 5342 5355 5419 5500 5504 5593 5632 5783 5807 5823 5906 5931 6184 6310 6390 6458 6785 6867 6976 6988 7456 7493 7523 7760 7828 7840 7902 8236 8468 8472 8541 8586 8613 8714 8783 8830 8841 8986 9021 9153 9235 9571 9607 9766 9803 9954 10134 10281 10603 11018 11313 11383 11453 11691 11796 11824 11855 11885 11916 11920 11945 11972 11986 12045 12257 12543 12544 12765 12841 12891 12995 13209 13405 13423 13632 13700 13853 14130 14204 14305 14796 14797 14884 15090 15093 15414
mustard: 5235 5250
muster: 6212
mustered: 9440
mute: 8559
mutely: 8486
muteness: 10932 13118
mutilated: 10417
mutineer: 879 14193 14382
mutineers: 14092
mutiny: 842 13985 14170 14245
mutinying: 11957
mutter: 7383 11337
muttered: 1360 7262 7446
muttering: 7596
mutters: 3171 3178
mutual: 4090 13273
mutually: 4510 13312 13346
mv: 1319
my: 62 745 953 975 981 984 988 1099 1109 1164 1194 1198 1227 1232 1236 1249 1260 1261 1272 1297 1301 1304 1307 1317 1400 1422 1498 1608 1630 1679 1693 1729 1734 1745 1767 1801 1809 1862 1967 1978 1979 1980 1984 2061 2065 2087 2111 2134 2161 2173 2219 2246 2253 2255 2267 2273 2278 2281 2284 2289 2292 2294 2296 2298 2312 2323 2363 2364 2408 2438 2498 2544 2665 2668 2669 2763 2768 2787 2834 2835 2838 2839 2842 2911 3017 3020 3023 3027 3029 3032 3172 3205 3207 3230 3274 3465 3496 3543 3553 3554 3556 3604 3626 3628 3629 3697 3700 3705 3840 3846 3867 3868 3877 3906 4249 4252 4323 4366 4383 4410 4449 4572 4833 4874 4884 4915 4990 5012 5021 5023 5130 5133 5155 5157 5169 5225 5260 5261 5274 5285 5331 5333 5370 5457 5462 5491 5497 5599 5632 5805 5838 5863 5883 5993 5995 6045 6064 6074 6119 6289 6296 6298 6343 6727 6728 6730 6830 6858 6921 7170 7172 7194 7216 7384 7449 7483 7484 7492 7523 7527 7550 7551 7563 7564 7601 7627 7675 7758 7763 7790 7800 7922 8153 8230 8235 8328 8329 8466 8622 8764 8782 9006 9012 9213 9277 9306 9321 9349 9352 9380 9440 9444 9476 9478 9480 9529 9533 9540 9544 9567 9577 9589 9590 9603 9606 9612 9619 9669 9675 9678 9680 9684 9697 9730 9737 9795 9862 9922 10061 10078 10093 10094 10096 10510 10713 11424 11585 11586 11591 11649 11650 11652 11661 11733 11942 12016 12029 12030 12063 12221 12222 12224 12237 12250 12251 12297 12299 12301 12403 12478 12489 12496 12514 12723 12765 12783 12784 12789 12792 12796 12802 12812 12820 13153 13509 13511 13518 13697 13859 13862 14017 14184 14185 14550 14554 14688 14906 15118 15122
myself: 549 723 979 981 1112 1303 1350 1635 1707 1967 1968 1986 2202 2267 2279 2309 2310 2355 2668 2764 3548 4329 4393 4395 4429 4496 4862 5301 5327 5548 5601 5656 5878 5993 6108 6292 7556 7563 7566 9011 10580 10602 10603 10747 11457 12023 12722 12796 15036
mysteri: 3548
mysteries: 3851 10638 13242
mysterious: 699 1232 1964 11663 12332 14334 15391
mysteriously: 13019
mystery: 1894 2309 4310 5154 12915
mystic: 893 7006 9061 9467 10289 10768 11017 11515
mystical: 1080 10097 10598 10757 11054
mysticetus: 7923 14707
mystifications: 15514
mystifying: 1860
mythologies: 10642
n: 523 560 8875 9755
nacle: 8976
nail: 4703
nailed: 1021 8851 13168
nailing: 9216
nails: 7021 7022 11352
naked: 3790 4162 12347 14764
nakedness: 9919
name: 231 1371 1551 2329 2801 3397 4341 4369 4385 4439 5023 5108 5112 5129 5176 5572 5606 5764 5850 5957 7026 7067 7884 7900 7961 8048 8056 8102 8200 8235 8276 8933 10353 10650 10706 10753 10755 10805 10890 10893 11504 11507 11560 12245 13152 13191 13368 13898 15158
named: 237 4719 8134 8135
nameless: 1234 1473 2295 6991 7297 8649 9458 10596 10795 11016 13780 13801
namely: 10510 14135 14251
names: 605 2777 4719 5819 7711 7946 7990 8101 8322 8938
nan: 751 4549 4708 7124 9308 13325
nando: 11744
nantucket: 101 624 721 749 840 853 861 956 1265 1273 1278 1279 1282 1284 1372 2824 2841 3809 3841 3879 4099 4103 4105 4115 4126 4177 4212 4704 4759 4796 5510 5597 5649 5799 6267 6396 6560 6601 6679 6781 7065 7092 7159 7256 7801 7862 8407 8467 8846 9017 9259 9311 9376 9717 9749 9875 9951 10001 11118 11302 11599 11620 11626 11636 12334 13520 13608 14502 14718 15011
nantucketer: 4183 4195 4574 7204 8072 8192 10517 13197 13337 13613 14717
nantucketers: 4146 4162 4170 6609 7837
nantuckois: 613
nap: 4813 4814
napkin: 8717
napkins: 5916
napoleon: 8818 8831
napping: 3653
nappishness: 3658
nar: 8149 14698
narcissus: 1085
narragansett: 11525
narrated: 13481 13505 13510
narrates: 15386
narrating: 6146 11583
narrations: 10317
narrative: 401 748 842 881 1681 6666 6882 8927 11412 11622 11638
narrow: 1763 2399 4489 7384 10475
narrowly: 2341 10474
narwhale: 7514 8083 8133 8147 8154 8156 8179 8185 14696
narwhales: 8954 14939
nat: 590 5648
nathan: 1519 2718
nathaniel: 68
nation: 8790
national: 854 856 11212
nations: 220 315 4741 6887 10216 10608 12901 13584 14925 15104
native: 3734 3748 3753 4762 5342 6780 6938 6998 7090 7121 10960 14497 15189
natives: 2553 12164
naturae: 7799
natural: 4727 4987 6229 6816 7940 8893 10235 10360 10477 10605 10964 11045 11421 11987 13275 13279 14691 14715 14919
naturalist: 944 8193 14704
naturalists: 7684 7863 7923 8020 8091 10229 15180 15390
naturally: 3586 4113 4720 8669 10161 10518 11428 11915
nature: 513 607 3546 4746 6825 6868 6870 7196 7788 7899 8009 8057 8160 8183 9062 10690 10811 11051 11868 13121 14694 14710 15367
natured: 12709
natures: 4732
naught: 2321 3217 6740 9340 9592 9900 10582 10603 10961
nautical: 8950 12789 13761
naval: 6510 13589
navies: 7118 9870
navigation: 8358 13234
navis: 15109
navy: 4151 6565 8410 11841 14672
nay: 1299 2310 6885 7409 8024 8335 8410 8862 11026 11393 11500 12918 13855 14354 14527
near: 501 533 608 639 833 898 1753 1911 2692 2764 2765 3553 4022 6384 9131 9339 9412 10312 10315 11081 11090 11728 12282 12621 12853 13693 13798 14528
nearer: 4613 5558 11920 12673 12674 14799
nearest: 4357 5682 9424 11682 13452 13543
nearly: 767 993 1992 2452 2498 3036 3643 4883 4903 5353 6014 7116 7132 7313 7727 11449 12633 13167 15439 15460
neat: 8281
neatness: 13752
neces: 12047
necessarily: 5420 7747
necessary: 5991 6225 11644 15387 15475
necessitated: 14435
necessitates: 5919
necessities: 9400
necessity: 12029 12046 12052
neck: 1968 2323 4249 4478 5708 7229 10771 15541
necklace: 4346
necks: 12544 15575
need: 3174 3591 5189 6214 7753 9475 13947 14360 14537
needed: 1075 5977 6350 11741
needing: 7313
needle: 1529 13133
needles: 1034 6407 11117 12481
needlessly: 6404
needs: 1101 1349 2823 4602 5022 6401 8472 9542 9571 13395 14796
neer: 9547
negative: 13260
negatived: 7254
neglected: 783
negro: 1357 2122 2489 3446 3997 7085 7110 8693 12411 12429 15298
negros: 12435
neighbour: 11091
neighbouring: 7064 11817 15482
neighbours: 1458 10886
neither: 2378 5308 6940 8830 10758 11016 12566 12590 14315
nelson: 2950 8826 8831
nephew: 11729
nerve: 9049
nervous: 1474 4740 4807 5747 7526 8669 9108 13656
nervously: 5018 9456
nescio: 450
nesians: 13472
ness: 615 2135 2339 3423 4729 6497 6790 7327 8457 8895 9574 10174 10694 10890 11197 13575
nest: 8933 8934 8941 8952 8965 8968 8981 8988 15335
nests: 8925
net: 15046
nets: 4149
nett: 4879
netted: 14316
network: 4530
neutral: 8569 14063
never: 550 696 953 974 1105 1116 1164 1185 1390 1578 1620 1665 1770 1966 2034 2035 2039 2124 2142 2219 2249 2384 2506 3066 3179 3365 3421 3480 3481 3496 3507 3529 3688 3750 3795 4429 4430 4449 4552 4730 4802 4809 4825 4889 4916 5037 5107 5119 5168 5218 5536 5559 5562 5645 5650 5898 5956 6061 6081 6238 6253 6268 6340 6379 6691 6694 7091 7146 7255 7256 7445 7548 7636 8059 8067 8069 8095 8198 8199 8259 8270 8402 8439 8589 8591 8592 8618 8874 8883 9024 9137 9737 10113 10217 10284 10309 10752 10754 10765 10911 10954 11237 11619 11629 11830 11867 12214 12227 12228 12297 12705 12820 12858 13017 13122 13367 13391 13422 13442 13443 13481 13503 13551 13637 13849 14720 14748 14792 15006 15261 15536 15558
neverthe: 13498
nevertheless: 2364 2809 4897 6274 6866 7257 7326 7688 8117 8366 8590 10266 10515 10854 12115 12861 13393 13449 14637 14924 14954 15203
new: 752 893 1150 1263 1270 1276 1296 1462 1512 1879 2000 2043 2045 2484 2545 2554 2556 2565 2597 2602 2608 2628 2630 2640 2644 2660 3327 3730 3752 3957 3964 4137 4467 5895 6439 7072 7360 7698 7731 7950 8524 8804 8854 10194 10257 10876 10888 10920 10999 11509 11519 11558 11563 11565 11726 11803 13239 13269 13865 14634 15012 15292
newfoundland: 2335 15158
newly: 1670 2867
news: 1642 8873 10115 11564 13274 13309 13473
newspaper: 917 11561
next: 1781 2113 2150 2230 2371 2463 3148 3456 3866 3947 4057 4424 6004 6005 6252 6255 6259 7061 7546 7586 7809 7815 8261 8533 8744 8946 9166 11283 11313 11697 13839 13882 14113 14286 14316 14383
niagara: 1071
nib: 3753
nice: 1905 3668
nicely: 2898 8981
nicholas: 8452
nick: 410
nieces: 2629
nigh: 1029 1292 1529 2046 2547 2651 3252 6015 6815 8772 8855 9149 10598 10936 13153 13170 13552 13567 14320 14896
night: 158 755 1263 1295 1299 1307 1339 1414 1540 1583 1608 1774 1786 1811 1820 1866 1881 1897 1906 1910 1917 1934 1983 2065 2217 2451 2632 3209 3500 3698 3707 3714 4368 4729 5167 5360 5372 5383 5902 5906 6173 6203 6314 6342 6427 6442 7371 7388 7474 8370 9553 9664 9689 9760 9868 10937 11139 11162 11164 11165 11356 11655 11920 12649 12957 12960 12968 13003 13010 13018 13117 13123 13487 13635 14065 14072 14119 14270 14274 14316 14436 15278
nightfall: 4195
nightgown: 95 3651 3727
nightly: 7417
nightmare: 2288
nights: 1104 2316 3556 5787 7355 7359 11317 12964 12973
nile: 13914
nill: 9608
nimble: 8662
nimbly: 12371
nine: 855 1700
nineteenth: 11701 14699
ninetieth: 5595
ninety: 14943
nineveh: 3361
nised: 8092
nished: 8676 15284
no: 319 431 495 728 731 975 1029 1105 1118 1125 1179 1266 1272 1273 1300 1440 1574 1581 1598 1618 1651 1693 1710 1718 1765 1779 1785 1797 1800 1809 1870 1895 1940 1946 1984 1990 2047 2060 2085 2163 2236 2266 2341 2375 2398 2437 2498 2582 2790 2799 2869 2874 2900 2924 3021 3082 3105 3106 3114 3146 3149 3176 3202 3238 3251 3415 3418 3430 3466 3508 3509 3528 3543 3546 3639 3670 3672 3701 3718 3798 3827 3902 3977 4032 4066 4126 4208 4229 4360 4367 4383 4421 4438 4549 4552 4557 4619 4812 4864 4877 4915 5011 5017 5081 5085 5093 5133 5193 5220 5268 5277 5344 5356 5369 5396 5437 5444 5463 5492 5530 5554 5611 5629 5646 5679 5685 5730 5766 5798 5907 5911 5912 6041 6086 6214 6222 6225 6275 6350 6450 6592 6593 6620 6651 6660 6663 6666 6674 6676 6701 6712 6714 6715 6790 6793 6829 6843 6849 6905 6956 6959 7074 7123 7131 7146 7220 7246 7247 7260 7409 7435 7477 7522 7531 7590 7610 7622 7668 7672 7756 7767 7834 7900 8058 8282 8406 8422 8428 8550 8569 8735 8746 8873 8882 8906 8914 9073 9081 9350 9368 9374 9542 9545 9583 9585 9609 9620 9947 9990 10007 10051 10083 10134 10189 10373 10400 10517 10755 10806 10844 10860 10968 10987 11002 11229 11303 11382 11453 11455 11469 11481 11562 11586 11687 11732 11759 11850 11883 11912 11956 12046 12118 12263 12364 12392 12440 12460 12544 12545 12574 12649 12682 12788 12894 12987 13010 13018 13114 13384 13387 13413 13419 13426 13539 13546 13668 13815 13817 13899 13947 13994 14022 14120 14169 14181 14228 14245 14360 14424 14466 14534 14537 14603 14617 14800 14804 14831 14944 15037 15235 15321 15337 15338 15416 15495
noah: 13392
noahs: 4186 15217
noble: 411 1000 1683 2950 2951 3048 4079 4492 4493 4742 6651 6681 6889 8697 9444 10473 10631 10644 10760 10792 12429 13684 13872 14604 14746 14859 15059
noblemen: 9478
nobler: 10492 12432
noblest: 13575
nobly: 9545
nobody: 4497
nobodys: 12701
nod: 1993 15298
noise: 876 1638 1677 5280 5303 6180 7410 11076 11092 11093
noiseless: 7364 8518 12150
noiselessly: 8575
noises: 2125 3963
nomenclature: 7998
nomenon: 10926
nomical: 8800
nominal: 6691 11987
nominally: 8380 8730 8747
nonce: 3832
nondescript: 13326
nondescripts: 2549
none: 1728 1938 2047 3008 4208 8782 9970 9993 11845 12920 14303 14387 14501 14799
nonplussed: 2062
nonsense: 5412 11687
nooks: 1543 12902
noon: 1012 4519 6200 8482 9533 10354 14955
nooses: 15539
nor: 1105 1716 2378 2605 2955 3708 4743 5308 5332 5333 5975 6764 6765 6850 6901 6940 7221 7291 7471 7837 7930 7937 8061 8072 8431 8455 8708 8745 8831 8909 9024 9388 9389 9390 9924 10159 10223 10233 10281 10304 10308 10358 10359 10526 10758 10790 10811 10816 10828 10837 10909 10910 10911 10912 10928 11298 11324 11787 11821 11932 11960 12460 12483 12590 12860 13031 13315 13432 13638 13938 14315 14620 14691 15101 15526
norse: 7512
north: 893 1032 1305 4731 5352 10220 10302 11702 13857 13949 15105 15130 15274
northern: 883 1415 1426 6314 8044 10989 13893 14914
northman: 10473
northward: 564 1013 13523
norway: 9286
norwegian: 6668
nose: 3447 3634 3678 4828 5267 6165 6976 6979 7772 8113 8136 8314 13717
nosed: 7988
noses: 3667
nostril: 8134
nostrils: 3980 8699 9381 10787
nosy: 7864
not: 234 308 323 410 682 709 711 791 913 1029 1071 1084 1086 1099 1104 1113 1119 1189 1237 1240 1330 1332 1363 1411 1427 1428 1468 1493 1572 1581 1603 1628 1635 1675 1687 1711 1727 1755 1778 1832 1835 1859 1882 1943 1983 1991 1999 2020 2022 2050 2066 2101 2123 2153 2156 2198 2298 2306 2337 2380 2381 2383 2384 2393 2395 2438 2444 2451 2484 2491 2499 2518 2527 2551 2595 2597 2598 2603 2605 2663 2675 2679 2769 2770 2778 2780 2788 2802 2812 2840 2854 2874 2911 2914 2922 2939 2968 3078 3091 3105 3128 3130 3145 3155 3171 3232 3239 3276 3277 3287 3295 3313 3318 3322 3324 3398 3399 3408 3458 3479 3484 3503 3530 3594 3637 3639 3673 3733 3736 3749 3767 3786 3791 3819 3827 3850 3881 3884 3888 3910 3993 4083 4187 4191 4215 4246 4248 4349 4361 4362 4403 4407 4408 4437 4448 4485 4503 4561 4568 4569 4626 4648 4651 4654 4659 4668 4674 4725 4749 4756 4758 4762 4763 4773 4875 4884 4885 4894 4904 4918 4931 4944 5014 5049 5065 5098 5108 5116 5128 5130 5151 5152 5166 5169 5179 5180 5186 5228 5299 5318 5332 5357 5365 5374 5376 5398 5457 5461 5477 5491 5527 5635 5669 5772 5799 5836 5858 5866 5879 5894 5910 5917 5927 6047 6089 6101 6109 6226 6227 6244 6246 6274 6353 6385 6505 6575 6578 6606 6686 6688 6724 6741 6743 6785 6805 6830 6831 6844 6848 6858 6867 6870 6903 6922 6962 7113 7133 7144 7167 7177 7203 7250 7252 7268 7291 7294 7295 7312 7360 7390 7413 7427 7435 7436 7483 7525 7530 7556 7558 7569 7675 7720 7750 7761 7765 7826 7829 7865 7895 7965 7973 8001 8029 8048 8050 8089 8113 8115 8118 8145 8224 8225 8246 8260 8303 8308 8327 8353 8369 8398 8409 8411 8468 8490 8529 8536 8539 8540 8547 8564 8566 8575 8580 8603 8614 8620 8661 8693 8699 8712 8717 8774 8811 8845 8911 8978 8991 9029 9038 9041 9054 9092 9144 9145 9148 9155 9268 9300 9306 9308 9345 9349 9356 9369 9376 9388 9396 9398 9448 9449 9475 9482 9489 9490 9508 9537 9539 9546 9556 9581 9619 9652 9674 9681 9698 9901 9909 9911 9924 10106 10133 10136 10151 10161 10175 10179 10182 10202 10216 10230 10247 10261 10271 10306 10324 10336 10376 10406 10415 10434 10472 10475 10477 10514 10578 10594 10682 10688 10693 10700 10701 10768 10772 10812 10870 10883 10916 10920 10926 10956 10969 11022 11034 11049 11084 11122 11162 11184 11187 11244 11248 11253 11271 11276 11296 11330 11336 11375 11382 11424 11476 11499 11501 11505 11508 11511 11513 11519 11535 11553 11578 11606 11683 11685 11701 11704 11721 11767 11775 11785 11798 11812 11823 11829 11872 11881 11889 11910 11947 11953 11988 11994 11995 12048 12117 12121 12201 12257 12259 12288 12316 12324 12381 12386 12434 12437 12442 12482 12562 12564 12603 12677 12749 12811 12842 12859 12906 12908 12959 12968 12986 13011 13121 13174 13193 13200 13254 13256 13257 13261 13265 13280 13291 13310 13319 13322 13337 13351 13392 13406 13469 13498 13521 13530 13531 13540 13547 13555 13628 13675 13691 13694 13709 13720 13736 13753 13761 13784 13785 13787 13811 13812 13822 13827 13900 13902 13927 13929 13991 14000 14006 14014 14029 14038 14119 14127 14128 14166 14202 14220 14242 14243 14251 14311 14439 14443 14478 14586 14678 14689 14696 14706 14709 14719 14742 14756 14762 14766 14806 14836 14854 14876 14905 14916 14922 14923 14946 14953 15052 15091 15158 15217 15221 15224 15228 15231 15256 15261 15295 15408 15412 15421 15429 15442 15460 15465 15493 15579 15581 15589
notches: 1740
note: 578 8305 14951
noted: 7268 13465 13885
notes: 6329
noth: 4049
nothing: 422 976 991 1027 1599 1620 1954 2033 2048 2102 2292 3427 3674 3691 3716 4049 4101 4299 4526 4554 4557 4674 4858 4882 5044 5213 5372 5387 5785 5787 5789 5790 5857 5862 5951 6001 6002 6210 7159 7306 7315 7669 7716 7758 8037 8071 8193 8324 8869 10440 11052 11105 11551 11656 11803 12461 12515 12702 12716 13096 13439 13793 14392 14778 15357
notice: 2768 3993 5333 5881 5910 8854 13428 13695
noticed: 2039 3506 3555 6107 7828 8592 13210
noticing: 4837
noting: 3947
notion: 7901 9047
notions: 5183 5429
notoriety: 2923
notorious: 11531 12164
notwithstanding: 12777 15367
noun: 13399
nourished: 3762 8700
november: 981 2694
now: 218 356 759 819 891 996 1081 1097 1193 1222 1278 1295 1328 1405 1432 1440 1519 1521 1641 1700 1730 1761 1804 1843 1864 1876 1934 1981 2037 2045 2049 2063 2078 2085 2103 2111 2135 2142 2153 2177 2290 2312 2321 2341 2398 2450 2479 2568 2585 2777 2863 2949 3066 3125 3145 3154 3159 3173 3222 3233 3241 3260 3274 3284 3297 3336 3349 3450 3536 3621 3627 3654 3715 3722 3733 3738 3817 3820 3835 3848 3873 3885 3923 3952 3953 4042 4073 4128 4227 4329 4383 4406 4440 4471 4495 4520 4564 4625 4627 4639 4651 4666 4684 4708 4771 4794 4832 4859 4906 4908 4974 5023 5182 5396 5405 5406 5416 5497 5534 5587 5644 5672 5688 5869 6075 6107 6163 6184 6187 6209 6218 6245 6262 6269 6385 6386 6391 6400 6466 6496 6563 6594 6636 6798 7031 7075 7093 7135 7168 7173 7205 7312 7321 7349 7372 7448 7457 7477 7480 7521 7567 7581 7602 7627 7643 7667 7738 7753 7840 7884 8074 8104 8328 8353 8385 8395 8463 8486 8507 8550 8625 8634 8778 8821 8856 8963 9053 9073 9110 9111 9120 9186 9191 9279 9291 9381 9382 9424 9440 9449 9475 9485 9491 9497 9498 9500 9576 9651 9685 9786 9814 9821 9897 9898 9923 10070 10076 10227 10462 10478 10483 10491 10509 10709 10870 11101 11184 11302 11501 11630 11651 11689 11725 11815 11829 11842 11955 11964 11992 12101 12109 12117 12155 12217 12234 12250 12280 12314 12416 12433 12473 12485 12486 12506 12571 12578 12651 12715 12718 12736 12793 12801 12816 12867 12898 12900 12924 13186 13307 13308 13393 13433 13474 13506 13542 13566 13654 13675 13709 13711 13724 13733 13742 13818 13825 13908 13948 13978 14004 14024 14027 14035 14096 14355 14361 14367 14391 14475 14501 14534 14550 14590 14615 15002 15040 15216 15318 15330 15544
nowadays: 7897 9025
nowhere: 2606 6376
nudging: 9913
nuee: 287 289
num: 4936
number: 1563 3457 3459 6991 7123 10108 10110 10268 11219 11220 13318 13425 14061 14489
numbered: 8082
numberless: 13234 15193
numbers: 15136
numerous: 784 5929 13585 13866 15016
nun: 10879
nurse: 8671 13608
nursing: 7355
nurtured: 5433 13570 13606
nut: 5917 14485
nuts: 3920 4312 5452
o: 827 2712 3283 9558 9755 9869 11505
oahu: 11670
oak: 7331
oaken: 4521 12017
oakes: 763
oar: 12210 12267 12345 12352 12394 12689 13433 13434 14388 15501 15529
oars: 10392 12239 12355 12368 12585 12635 12651 12905 14865 15327
oarsman: 12263 12750
oarsmans: 13453
oarsmen: 12542 12559 12603 14969 15523 15571
oasis: 4119
oath: 1477 10094 10096 13794
oaths: 9824 10100
oats: 3833
ob: 13
obed: 721 8846 8847
obedience: 8422 11969 12280 14045
obey: 558 1152 3070 9612 13811 13822 14248
obeyed: 6962 12201
obeying: 3072 9485 12278
obituary: 11561
object: 885 3709 5721 6698 7763 7962 8172 10485 10510 10543 10675 10790 11278 11400 11524 11885 11926 11952 12719 13971 15336 15361
objected: 14126
objection: 5396
objectionable: 1582
objections: 1574 1715
objects: 9333 10605 10927 11057 11643
obligations: 5168 9012
oblige: 6045
obliged: 3902 4421 11699
oblique: 4256 4996
obliquely: 4666 12281 14870
obliquity: 3197
oblong: 8187
obscure: 11917
obscured: 8828
obscurely: 13475
obscurity: 7920
observ: 13189
observation: 8485 8568
observations: 8976 15095
observatory: 11212
observe: 3306 7489 9013 9912 11987
observed: 718 1674 2873 11198 11464 11784 12366 12872 12879 13524
observers: 785
observest: 1397
observing: 716 2349 2400 2837 9163
obsolete: 8322 8856
obstacle: 9592
obstinate: 5619
obstinately: 13071
obstreperously: 1672
obstructed: 10118
obtain: 8629
obtained: 7882 7888 13259
obtains: 15371
obvious: 3199 4438 5413 7815 10593
obviously: 8003
occasion: 939 5438 6141 8979 9107 12791 13426
occasional: 11086 13102
occasionally: 10594 13515
occasioned: 2495
occasions: 6845 12697 13258
occupation: 3272 5237
occupied: 3498 5703 6263
occupies: 4106
occur: 13319 13320
occurred: 838 1400 1707 2023 8259 13449
occurrence: 12763 13555
occurs: 14606
ocean: 440 476 511 656 728 751 884 897 911 960 993 1016 2662 3381 4123 4667 4760 5352 5920 6315 6487 6857 7930 9033 9061 11215 11228 11270 11276 11331 11474 11500 11599 11656 12639 13118 13155 13200 13571 13574 13605 13606 13632 14861 14896 15018 15184 15213 15215 15216 15237 15257 15365 15378
oceans: 1094 2623 3373 3834 4154 4166 4453 6047 7781 11166 11187 13575
ochotsh: 11698
oclock: 1700 1805 2257 3707 5354 5441 6014 11745 14287
octavo: 7847 7851 8075 8086 8092 8100 8119 8133 8191 8208 8217 8314
octavos: 8081
octhers: 401
october: 808
od: 10746
odd: 2234 5210 7406 12276 12711 13384 14296
oddish: 14299
odds: 5944 10177 12900 14590 14827 15195
odorous: 2651 8129
oer: 643
off: 501 813 829 978 987 1145 1407 1409 1528 1666 1978 1979 1992 2003 2045 2121 2256 2379 2396 2629 2650 2692 2763 2944 2953 3223 3332 3769 4086 4107 4138 4150 4245 4688 5016 5019 5044 5125 5230 5376 5387 5532 5732 5786 5803 6018 6030 6080 6124 6125 6126 6203 6309 6312 6367 6447 6461 6715 6951 6965 7243 7273 7551 7626 8057 8510 8954 8997 9269 9351 9836 10773 10953 11322 11558 11627 11718 11783 12018 12091 12116 12189 12326 12373 12394 12464 12502 12723 12745 12816 12906 12951 12952 13150 13220 13278 13427 13726 13814 13952 13995 14200 14439 14441 14966 15076 15261 15449 15467 15484
offence: 9990
offensive: 13739
offensively: 795
offer: 1266 2122 2548 7758
offered: 2989 3579 3633 4878 4894 5611 10272
offering: 1914 3121 10212
offers: 9019
office: 7263 7768 9612 12652
officer: 1115 1195 4011 8355 8369 8385 8562 8618 8623 9493 13635 13820
officered: 10564
officers: 4570 6510 7116 7198 7202 7292 8344 8347 8531 8533 11920 12337 13291 13962 14066 14440
offices: 1108 6265
official: 8363 8551 8628 11212
officiating: 1653
offing: 1640 1993 3987 6349
offspring: 6587 15229
ofi: 2728
oft: 580 1464 11507
often: 2310 2553 3642 5985 5986 6610 6828 7949 7961 7973 8044 8659 8889 9036 10237 10803 11355 11449 11784 11785 11992 12308 12724 12733 12826 12830 12880 12903 13209 13319 13411 13428 13438 13875 13885 13930 15081 15161 15170
oftener: 3069
oftenest: 7371
oftentimes: 10256 10469 12766 13344
oh: 958 1618 2786 3009 3093 3136 3205 3406 4310 5037 5084 5093 5637 5729 5801 5835 6080 6119 6157 6407 6484 6617 6691 7146 7523 8336 8471 9248 9480 9544 9570 9611 9625 9649 9651 9687 9719 9730 9877 10079 12216 12812 13901 14105
ohio: 10785
oil: 423 489 543 733 1454 2603 2632 3389 4115 5974 6758 6763 6764 6765 6766 7887 7915 8050 8095 8126 8131 8187 8199 8255 8297 11481 12237 12736 14734
oiled: 6751
oils: 6767
oily: 3298
ointment: 7896
olassen: 10229
old: 218 221 410 958 1082 1120 1136 1147 1152 1154 1260 1262 1275 1278 1386 1394 1401 1412 1452 1454 1517 1534 1537 1539 1540 1549 1552 1589 1653 1743 1927 2043 2092 2576 2784 2858 2864 2889 3118 3533 3594 3642 3643 3808 3814 3821 3839 4244 4246 4347 4449 4450 4451 4454 4464 4467 4469 4473 4484 4513 4521 4528 4574 4701 4795 4798 4824 4836 4856 4857 4900 4905 4914 4930 5094 5110 5111 5132 5584 5640 5754 5756 5763 5856 5894 5948 6093 6327 6336 6359 6362 6389 6395 6399 6608 6628 6679 6688 6925 6948 6953 7042 7138 7249 7251 7255 7257 7258 7273 7331 7368 7370 7383 7395 7426 7453 7460 7464 7477 7492 7512 7549 7583 7595 7603 7612 7615 7636 7698 7807 7873 8166 8319 8351 8363 8403 8469 8504 8565 8580 8623 8753 8781 8803 8807 8868 8930 9100 9180 9294 9609 9676 9761 9864 9945 9953 9960 9966 9987 9998 10046 10079 10311 10457 10503 10544 10557 10567 10610 10780 10899 10919 11117 11122 11148 11292 11401 11514 11525 11736 11738 11947 12071 12172 12711 12813 12970 13007 13123 13136 13216 13219 13421 13568 13699 13711 13714 14305 14615 14628 14629 14630 14634 14644 14661 14776 15056 15063 15072 15098 15180
olden: 4137
oldest: 8072 14579
olive: 6764 7958
olmstead: 7706
omans: 4783
ombay: 11508
omen: 8244
ominous: 1370 4251 13190
omit: 8322 11994
omitted: 10817 12521
omnipotent: 2639 12549 15029
omnipresence: 6910
once: 536 795 845 1037 1116 1492 1518 1678 1688 2160 2213 2609 3337 3697 3715 3843 3924 5125 5278 5345 5648 5882 5952 5979 5995 6073 6166 6360 6594 7248 7279 7335 7403 7570 8327 8548 8616 8664 8867 9472 9512 9873 10077 10331 10461 11025 11610 11784 11957 12354 13011 13016 13358 13510 13650 13816 13927 13996 14160 14204 14341 15098 15246 15294 15297 15329
one: 321 352 381 398 424 536 542 563 668 717 755 766 939 940 1039 1070 1118 1142 1157 1198 1208 1244 1251 1272 1300 1324 1387 1413 1434 1453 1454 1491 1511 1541 1590 1604 1654 1674 1680 1690 1720 1765 1772 1855 1857 1863 1881 1910 1945 2000 2003 2035 2147 2197 2215 2237 2299 2317 2369 2443 2459 2477 2485 2583 2601 2624 2722 2769 2869 2879 2889 3045 3115 3118 3159 3209 3212 3294 3345 3357 3445 3457 3486 3602 3689 3693 3723 3770 3776 3850 3909 3916 3957 3965 4000 4047 4055 4066 4075 4118 4212 4251 4305 4349 4472 4482 4488 4496 4518 4608 4610 4661 4698 4741 4749 4762 4763 4783 4885 4889 4897 4931 4983 5084 5097 5128 5212 5235 5259 5267 5286 5308 5430 5437 5449 5450 5462 5577 5582 5594 5628 5802 5803 5836 5952 5974 6081 6131 6265 6438 6458 6515 6580 6582 6583 6679 6682 6695 6787 6847 6920 6977 6983 6988 7023 7045 7113 7135 7204 7211 7224 7228 7246 7286 7321 7409 7418 7514 7640 7712 7729 7755 7828 7890 7906 7908 8017 8019 8040 8050 8092 8153 8236 8255 8365 8463 8533 8565 8674 8714 8735 8776 8779 8820 8824 8857 8888 8981 8995 9021 9024 9052 9080 9093 9105 9133 9187 9206 9248 9258 9315 9369 9372 9375 9493 9556 9567 9578 9582 9673 9733 9872 9998 10093 10148 10274 10278 10393 10413 10442 10445 10475 10477 10483 10485 10534 10538 10543 10544 10576 10579 10614 10650 10657 10831 10930 11054 11079 11089 11124 11186 11199 11207 11218 11230 11232 11284 11289 11297 11331 11351 11385 11413 11416 11432 11456 11536 11540 11552 11553 11566 11575 11576 11578 11600 11705 11732 11738 11746 11772 11774 11796 11797 11811 11867 11879 11951 12025 12114 12120 12133 12152 12156 12276 12350 12414 12417 12434 12442 12473 12485 12533 12603 12617 12680 12811 12818 12869 12920 12957 12968 12972 13001 13005 13018 13026 13037 13100 13123 13129 13172 13174 13290 13298 13305 13316 13334 13402 13477 13485 13511 13523 13678 13698 13759 13843 13874 13928 13930 13933 13948 14026 14112 14127 14129 14234 14270 14296 14360 14444 14454 14528 14535 14566 14622 14624 14665 14671 14676 14680 14698 14699 14729 14758 14766 14775 14792 14797 14798 14840 14857 14865 14876 14922 14952 14961 14997 15040 15051 15151 15194 15221 15259 15281 15304 15316 15364 15373 15430 15431 15443 15456 15463 15466 15486 15554 15579
ones: 1135 1800 2394 2909 4173 4462 5956 6746 7023 7375 7769 8031 8333 12222 13450
oneself: 10965
only: 791 848 890 1301 1394 1399 1437 1457 1603 1766 1857 2028 2198 2244 2257 2318 2322 2499 2555 2595 2645 2672 2768 2769 2910 2939 3044 3078 3127 3161 3276 3419 3459 3523 3538 3719 3966 3967 4085 4126 4365 4505 4529 4607 4651 4712 4751 4758 4858 5110 5117 5212 5345 5352 5437 5553 5778 5802 5829 5894 6014 6093 6137 6223 6366 6452 6464 6691 6762 6788 6831 7015 7020 7162 7163 7295 7312 7372 7479 7495 7558 7568 7573 7600 7711 7740 7754 7881 7887 7896 7897 8040 8141 8266 8274 8275 8369 8416 8469 8580 8744 9066 9419 9574 9644 10077 10103 10107 10161 10175 10179 10230 10268 10325 10406 10446 10503 10514 10543 10696 10728 10750 10985 11050 11085 11244 11261 11275 11279 11499 11501 11775 11796 11798 11910 11974 11988 12021 12049 12226 12404 12484 12496 12514 12523 12709 12712 12891 12923 13163 13234 13280 13310 13369 13382 13436 13540 13616 13630 13644 13666 13707 13782 14094 14586 14610 14706 14750 14787 14802 14823 14842 14925 15091 15150 15228 15368 15372 15393 15412 15428 15555 15564 15575
onset: 849 11627
ontario: 13573
op: 10997
opal: 14379
open: 382 526 885 891 1248 1343 1465 1645 2479 3241 3641 3697 3971 4300 4481 4666 4859 5204 5223 5241 5256 5260 5283 5297 5303 5997 6092 6476 6826 7373 8530 8745 8942 9014 11343 11655 11697 11789 11907 11965 12268 12905 13571 13905 14963 15138
opened: 1351 2040 2289 4218 14150 14158 15223
opening: 467 3005 3705 4513 5210 11364 14054
openly: 3165 13915
opens: 3943
opera: 9049
operated: 6581 6996
operating: 11056
operation: 2420
operations: 2136 11640
ophites: 10414
opine: 7898
opinion: 3083 6508 7008 7803 8153 8737 11652
opinions: 1498
opium: 9057
oppor: 786
oppose: 9382
opposed: 5413
opposing: 8687
opposite: 1507 2399 5978 10278 10698 12116 12410 12556 15503
opposition: 14120
optically: 6108
opulent: 2608 6623
orchard: 1169
ordained: 1679
ordaining: 14322
order: 600 607 884 1127 1154 1292 1430 2395 3700 4392 4496 4653 5783 6252 6255 6267 6962 7016 7034 8116 8117 8629 8641 8643 9136 9482 9485 11418 11887 13040 13766 14136 14214 14250 15380 15481
ordered: 2979 9134 9411
orderly: 10111
orders: 1147 2589 6135 7164 9013 9192 9953 10461 12853 14248 15312 15323
ordinaire: 7925
ordinarily: 15378 15410
ordinary: 635 5373 6876 7767 10704 11658 11909 13782 15409 15413
oregon: 11000 11004
organisations: 6819
organised: 6868
organs: 12545
orgies: 1701 9628
oriental: 1415 7069 11507 12925 12970 14961
origin: 4437
original: 1279 1528 4462 4474 6825 7745 7900 8935 8938 10203 14655 14998
originally: 4709 4758 6596 8136 8171 8351 11476 15407 15484
originated: 10288
orion: 1414
ork: 421
ornament: 3922
ornamental: 2902
ornamented: 1955
orp: 2712
orphans: 1438 4966 4969
ortable: 2134
oscillates: 3194
ostensible: 13254
ostentatious: 12433
ostentatiously: 8711
ostrich: 12705
other: 380 401 404 606 717 941 992 1078 1157 1190 1237 1273 1581 1763 1786 1799 1857 1940 2001 2022 2079 2127 2251 2253 2506 2563 2674 2801 3082 3115 3292 3294 3357 3386 3507 3642 3723 3771 3858 4056 4076 4171 4180 4245 4510 4610 4634 4699 4708 4744 4809 4902 4966 5113 5156 5171 5173 5180 5236 5309 5398 5414 5746 5803 5823 5824 5876 5975 6131 6265 6268 6286 6553 6631 6634 6668 6683 6841 6964 6983 7161 7178 7336 7750 7810 7812 7837 7883 7931 7965 8004 8009 8015 8053 8282 8320 8348 8427 8434 8440 8522 8710 8764 8860 8897 8940 8950 9182 9207 9347 9493 9676 9774 9969 10117 10134 10149 10172 10201 10204 10231 10258 10342 10611 10629 10708 10798 10806 10811 10834 10843 10886 10915 11044 11045 11274 11323 11379 11450 11457 11468 11478 11536 11658 11824 11872 11950 12028 12098 12150 12190 12201 12282 12339 12349 12469 12557 12565 12598 12645 12686 12818 12936 13002 13171 13172 13244 13266 13271 13277 13292 13346 13355 13367 13403 13467 13643 14121 14122 14127 14150 14253 14270 14399 14428 14650 14777 14886 14951 14954 14962 15015 15178 15221 15247 15369 15379 15386 15487 15554 15572
others: 230 1160 1219 1510 3401 3550 3962 5856 6828 9570 9762 10100 11165 11220 11567 11984 13304 13344 13348 13356 13361 13958 14092
otherwise: 1893 3484 3615 5690 6109 8436 8619 9041 10518 10927 11544 11871 13676
ottomans: 6136
ought: 1730 12831 14172
ounce: 7898 9193 9213
our: 231 315 536 719 1442 1596 1600 1601 1908 2265 3587 3597 3636 3643 3657 3662 3666 3667 3703 3704 3714 3721 3722 3876 3936 3953 3987 4217 4224 4273 4315 4328 4382 4387 4389 4407 4409 4426 4841 5093 5171 5186 5216 5479 5594 5645 5761 5880 5908 5940 6022 6216 6456 6517 6523 6551 6560 6568 6609 6664 6669 6712 6910 7681 7682 8937 8939 9259 9308 9400 9715 9724 9761 9919 9972 9998 10100 10653 10698 10722 10757 10837 10838 11122 11696 11697 11699 11745 11747 11748 12007 12113 12120 12578 12636 12637 12663 12689 12738 12769 13028 13049 13050 13062 13063 13070 13071 13072 13170 13174 13206 13564 13569 13585 13610 13632 13849 13852 13861 13893 13935 13938 13939 14006 14027 14029 14357 14535 14604 14953 15292
ours: 5401 13573 13676
ourselves: 1093 1180 3071 3072 3664 5179 5875 6314 6898 13083
ous: 1901 9498 14435
ously: 3549 3848
ousness: 15363
out: 5 232 326 329 424 484 604 664 808 824 898 924 1008 1081 1120 1283 1360 1396 1411 1430 1478 1492 1630 1654 1698 1781 1812 1835 1864 1890 1896 1967 1984 1985 2041 2046 2051 2058 2114 2120 2143 2150 2153 2156 2255 2278 2352 2414 2425 2506 2533 2589 2666 2727 2967 3135 3169 3172 3248 3289 3299 3306 3372 3378 3405 3416 3428 3483 3495 3532 3557 3585 3598 3599 3606 3669 3705 3772 3776 3841 3857 4063 4076 4105 4140 4141 4149 4165 4168 4195 4255 4271 4301 4304 4394 4409 4429 4433 4601 4605 4606 4632 4652 4697 4800 4804 4883 4917 4991 4995 5052 5092 5120 5318 5375 5478 5503 5515 5517 5579 5585 5596 5628 5646 5649 5720 5829 5899 5980 5997 6004 6201 6226 6306 6558 6580 6590 6601 6872 6919 6921 6930 6962 6979 6982 7127 7206 7227 7242 7256 7262 7288 7315 7336 7458 7493 7594 7601 8140 8410 8570 8658 8660 8668 8683 8705 8741 8744 8752 8804 8805 8813 8816 8817 8909 9014 9118 9159 9227 9284 9290 9341 9376 9394 9430 9474 9525 9606 9656 9685 9979 10162 10204 10343 10387 10978 11142 11157 11164 11186 11211 11257 11340 11396 11462 11522 11524 11697 11714 11761 11762 11844 11887 11994 12066 12125 12141 12171 12194 12207 12247 12296 12337 12344 12368 12457 12488 12543 12616 12650 12864 12871 12882 12966 13219 13261 13389 13544 13568 13591 13602 13645 13672 13903 13908 13957 13960 13970 13977 13979 14005 14024 14113 14131 14136 14152 14207 14217 14251 14335 14341 14381 14396 14399 14427 14441 14537 14622 14689 14752 14753 14801 14976 15015 15017 15030 15058 15102 15215 15298 15448 15491 15506 15547 15548 15558
outblown: 10190
outburst: 4999
outer: 2291 3576 3692 3707 6899 9114 11379 11925
outfits: 6847
outlandish: 1947 2542 7180 12314 14760
outlandishness: 2379
outlaws: 8214 12903
outline: 7755 14675 14838 14934
outlines: 14823
outnumber: 6564
outrage: 4987
outrageous: 13795
outran: 7217
outriders: 12471
outright: 2557
outs: 899 8804 8851 8925 12070 13164 13174
outset: 4223 7661 8326
outside: 1397 2029 3090 9338 12132
outstretched: 12354 12561 15314
outstrip: 12474
outward: 2933 6821 7124 7361 8470 13295 13299
over: 537 774 867 907 942 1017 1099 1345 1365 1387 1472 1503 1507 1589 1592 1634 1724 1728 1769 1937 1948 2010 2073 2214 2231 2235 2276 2294 2323 2335 2340 2392 2520 2530 2905 2915 3001 3038 3050 3195 3216 3237 3250 3337 3341 3371 3501 3504 3572 3587 3643 3655 3667 3675 3729 3790 3857 3931 3949 3975 4057 4140 4168 4213 4247 4386 4441 4475 4486 4522 4655 4664 4745 5192 5272 5319 5371 5388 5394 5518 5583 5603 5678 5709 6130 6153 6165 6239 6244 6270 6328 6424 6543 6890 6918 6921 6945 6952 7217 7497 7506 7587 7591 7599 7626 7635 7700 8148 8234 8359 8440 8448 8518 8543 8559 8684 8686 8789 9004 9034 9071 9078 9101 9147 9289 9348 9350 9490 9590 9610 9611 9646 9670 9735 9867 9902 10078 10111 10190 10362 10626 10726 10784 10854 10890 10894 10915 10921 11101 11104 11147 11154 11163 11338 11343 11606 11758 11889 12004 12021 12069 12075 12131 12187 12463 12466 12496 12533 12664 12682 12712 12871 12920 13058 13105 13162 13168 13178 13214 13245 13324 13677 13780 13870 13899 14051 14263 14320 14395 14398 14434 14667 14734 14965 14978 15193 15282 15441 15473 15507 15536 15537
overawed: 10246
overbalance: 6815
overbearing: 7269 7297 7442 13556
overboard: 2690 3235 3789 4045 4463 5667 13712
overclouded: 10714
overflowed: 13670
overflowing: 7352
overgrowth: 15174
overhead: 3255 6428
overheard: 12599
overlapping: 1063
overlays: 15232
overlook: 4503
overlooked: 3155
overlooking: 5687
overlording: 10616
overmanned: 9603
overmuch: 13360
overpowered: 10597
overrun: 4163
overrunningly: 7222
overruns: 15237
overseeing: 6286
overshoes: 2878
oversight: 14946
overstocked: 1824
overtake: 13016 13478
overtaken: 10519
overture: 2357
overwhelmed: 4187
overwhelming: 1230
owen: 751 7705 7712 11620
owest: 4965
owing: 2237 6133 7269 7721 8425 8956 10110 11477 12572
own: 315 397 1083 1228 1422 1498 1676 1711 1721 1722 2082 2443 2645 3412 3426 3526 3636 3702 3705 3840 3867 3877 3888 3890 3902 3903 3904 3950 4040 4171 4185 4471 4738 4810 4874 4908 5460 5666 5703 6558 6560 6667 6860 7135 7203 7597 7758 7790 7886 8153 8235 8544 8561 8653 8704 8733 8753 8937 9465 9473 9481 9582 10482 10607 10648 10804 10923 11058 11234 11352 11357 11371 11386 11393 11592 11649 11808 11974 12010 12016 12028 12029 12030 12701 12751 12768 12769 12862 12868 13174 13406 13479 13657 13911 13927 14134 14244 14263 14264 14335 14409 14487 14516 14569 14621 15008 15229 15230 15233 15236
owned: 5002 5175 5969 13290
owner: 5633 6021 8142 13666
owners: 3908 4472 4603 4699 4903 4966 5000 5067 7094 8599 12841 12858
owning: 4702 15037
owns: 4171
ox: 8661
oysters: 2837
p: 10250 11663
pace: 7405 9112 9151
paced: 1310 6363 7536 9100 9113 14209
paces: 6059
pacific: 728 751 1262 2623 2662 2730 4165 4768 6046 6623 8267 8275 10302 11312 11566 11599 11610 13200 13521 13610 14955 15011
pacing: 1025 9105 9128 10876 14165
pack: 8046 10915
packed: 1314 2256 10565 15053
packet: 1265 3879 7950
packs: 6974
padded: 14781
paddle: 3774 14896 15042
paddled: 3769
padlock: 14053
paean: 707
pagan: 2127 2315 3479 3551 3812 3830 4726 5384 5473 5634 7092 9358 9477 9912
pagans: 3584 3622 5180 5188 13882
page: 74 137 3040 3453 12013 14655
pageant: 4742
pages: 3452 3460 3498 14633
pagoda: 9850 14592 14594
paid: 1168 1170 3156 3955 4864 12166
pain: 5320
paine: 434
pained: 5416
painful: 7294
painfully: 14194
painfulness: 5138
pains: 325 531 1269 3007 3316 5121
painstaking: 303
paint: 194 695 1055 5276 14566 14739 14856 14990
painted: 4232 9358 13115 13591 14995 15466
painter: 5276 14905
painters: 14616 14733
painting: 1366 1455 1478 2943 14621 14908
paintings: 14909 14921
paints: 11051
pair: 732 2394 2897 3645 4254
palace: 1436 8176
palavering: 6423
pale: 217 320 759 6923 8483 8659 9527 10461 10687 10900 14214
paled: 9512
paler: 9527
palest: 9352
paleys: 675
pallid: 8643 10841 13178
pallor: 10832 10833 10835 10901 10922
palm: 12386 12412
palmed: 9920 14700
palms: 2078 11353 14426 14612 14958 15277
palmy: 11508
palpable: 10812 11543
palpably: 6757
palsied: 1387 11059
palsy: 8708
paltry: 8442
pampas: 11324
pampered: 330
pamphlets: 8156
pan: 419 9069
panelled: 2957
panellings: 14581
pangs: 3316
panic: 4045 10196 10670
panics: 4158
panions: 12972
pannangians: 2561
pans: 3667 3668 7455
panta: 2404
pantaloons: 1985
pantheists: 9082
panther: 3249
panting: 13731 15236
pantomime: 6804
pantry: 5953 8682 8708
pants: 6306
pany: 13898
paper: 3606 4111 5612 5979
papered: 1942 2105
papers: 737 3135 4688 5044 5494 5500 5563 5593 5819 13297
par: 11729 11811 12872
parade: 1960
parading: 8408
paradise: 478 9553
parallel: 1558 8901 11232
paralysis: 2806
paramount: 8429 12827
parative: 10967
paratively: 12852
parcel: 1947 2076
parcelling: 4165
pardon: 3318 4079 13850 13897 14138
pared: 3042
parent: 2062
parents: 4139
parisians: 13975
park: 2485
parks: 2608
parliament: 622 1354 6670
parlour: 2486 5278 14832
parmacetti: 426 5803
parmacetty: 4615 9245
parricide: 3122
parried: 846
parsley: 5452
part: 977 1109 1186 1199 1202 1219 1226 2031 2321 2492 2962 3672 3704 4043 4508 4603 4878 4939 5212 5340 5342 5610 5633 6263 6286 6804 6948 7571 7963 7965 8030 8059 8289 8390 8488 8872 9070 9486 10139 10184 10286 10487 10650 10852 11083 11415 11424 11608 11650 12347 12715 12818 13104 13467 13480 13482 13583 13645 13666 13700 13827 13986 14121 14170 14783 14923 14927 15157 15242
parted: 4041 12674 15150
parti: 2234
partially: 12468 14863
particle: 7224 13444
particles: 1346
particu: 1370
particular: 976 1153 1308 2280 2359 3629 3890 4316 4526 4621 6947 11162 11191 11240 11254 11280 11283 11474 11566 12769 12890 13479 14540 15319
particularly: 1136 2404 3154 6276 14126
particulars: 8010 11414 11628 13763 15386
parties: 9499 13316
partly: 1285 1498 2241 7270 14316 15082
partner: 1680 5590
partners: 9803
parts: 1220 1221 2072 2236 2549 2600 2908 5171 6591 6629 7931 8002 8015 8023 9315 15175
party: 4916 8584 9685 11440 11635
pass: 3131 3162 3770 5125 5536 7262 7308 7659 9422 9529 11099 11844 13345 14820 14875 15168
passage: 672 884 893 1400 1994 2967 3138 3153 3172 3765 3955 4101 4142 5119 7129 7312 8211 10308 10317 10449 10823 11207 11310 11730 13546 13552
passed: 1159 1310 2061 3215 3722 4008 5863 5881 5893 7519 8733 10182 11081 12949 13173 14069 15260 15507
passenger: 1079 1100 1101 1105 3150 8692
passengers: 1103 1165 1166 3994 7949
passer: 2638
passes: 11842
passing: 2038 3581 6130 10878 12014 13889 14517 15089 15498 15502
passion: 1843 10653 11867 11882 11927 12436
passionate: 7432 10437 11989
passionateness: 13777
passions: 12259
passively: 13097
passiveness: 14262
passports: 7866
past: 2316 2862 4606 4986 6590 7728 7927 10103 14365
pasteboard: 9333
pasture: 718
pastures: 9005 10727
pata: 10443
patagonia: 2692
patagonian: 1235 14881
patch: 5689
patched: 1327 5707
patchwork: 2233 2241
patent: 6799 13421
patentee: 8936
patentees: 8939
path: 351 1038 4054 9589 11241
patience: 8336 15041 15050
patient: 412 10498
patrician: 2607
patriot: 3419
patrolled: 14004
patrolling: 7399
patronising: 13883
paul: 3400
pauls: 1390
paunch: 370
pauper: 3163
paupered: 6925
pause: 3037
paused: 2987 6289 12363 13192 13819 14228 15152
pauses: 8524
pausing: 982 1323 5704 9155 9271 14228
pave: 2605
paved: 4345 13597
pavement: 1317
paves: 3168
paw: 10986
paws: 8753 8755
pay: 1165 1166 2359 2805 3153 4883 4885 6548 6561
paying: 1164 1167 1168
pays: 1903 3162 4784
pea: 1384 6094
peace: 3635 8621 9648 14070 14471 14948 15259
peaceable: 4228 14029
peaceful: 440 6580 10982
peacefully: 6594
peacefulness: 14248
peak: 9926
peaked: 8136 12356
peaks: 7323
pealing: 2997
pear: 2461 9684
pearl: 6923
pearls: 10607
peasant: 13327
peasants: 7126
pebbles: 6926
pecked: 1559
pecking: 14885
pecks: 9118
pected: 10573
pectedly: 7976
peculi: 11479 11480 14782
peculiar: 854 4621 4750 5929 6989 8111 8135 8396 8425 8733 8801 8901 9102 10140 10343 10846 10873 10889 11259 11334 11463 11478 11846 12163 12255 12354 12485 12917 13039 13265 13311 13381 13726 15040
peculiarities: 2527 2872 4711 4724 7882 8007 11477 13407
peculiarity: 8346 8552 10705 12260
peculiarly: 10802 11690 14920
peddler: 1998 2081 8046
peddlers: 6973
peddlin: 2184
peddling: 1812 1820 1976 2060
pede: 14704
pedestal: 12399
pedestals: 14582
pedestrian: 1076 9154
pedestrians: 905
pedro: 13513 13848 13889 13946 14357
peels: 7242
peep: 1020 4655 8498 8630 8683
peeped: 4153 10742 10746
peeping: 2868
peer: 1355
peered: 4440
peering: 3446 3540 6025 12076
peg: 5332 8611
pegging: 9282
pegu: 10610
pehee: 289
pekee: 287
peleg: 4470 4473 4599 4661 4671 4684 4698 4708 4754 4755 4817 4831 4839 4841 4850 4857 4859 4900 4908 4921 4943 4953 4964 4970 4972 4979 4982 4984 5012 5015 5016 5027 5030 5037 5040 5070 5094 5100 5489 5496 5503 5530 5550 5557 5590 5603 5645 5655 5657 5666 5672 5873 5898 5976 5979 5990 6206 6207 6215 6219 6245 6264 6287 6297 6310 6353 6377 6380 6382 6424
pelegs: 5619
pell: 9941 14912
pelled: 10386
pelted: 2856
peltry: 13591
pelvis: 7770
pen: 4860 4914 5021 5611 6668
penalties: 1269
pencil: 11146 11158 11165 14730
pend: 15431
pendants: 4478
pended: 4233
penem: 7798
penetrate: 7167 8839
penetrated: 11448
pennant: 9687
pennies: 9448
penniless: 3161
penny: 1165 1560 1561
pensable: 15489
pent: 1020
peophet: 5697
people: 1712 2979 3273 3341 3432 3524 3803 3880 3916 3918 3934 3953 4117 4331 4704 6134 6190 6504 6993 7737 8849 9066 10529 11581 12788 12826 12922 13308
peoples: 708 987 2524
peopling: 697
pepper: 4315
peppered: 1118
peqiiod: 6088
peqiwds: 13503
pequod: 4437 4438 4442 4450 4472 4537 4540 4601 4682 4901 4907 5046 5107 5478 5667 5701 5715 5718 5761 5809 5816 5871 5894 5913 5941 5951 6201 6254 6276 6442 6780 7025 7033 7048 7132 7138 7312 7349 8414 8627 8635 8740 10525 11271 11302 12333 12560 12719 12841 12859 12949 13033 13056 13189 13198 13500 15138 15273
pequoda: 7659
pequodb: 7112
pequods: 7147 7283 11314 11327 11964 11987
per: 2625 3529 6405 6902 8182 13295
perceive: 1241 11853 15322
perceived: 4665 8431 11704 13773
perceiving: 14361
perceptibility: 10514
perceptible: 15337
perceptibly: 7310
perception: 9551
perch: 8899 13153
perchance: 6915 8574 9474 9475
perched: 12070 12388 12425 12970 13064
perches: 8989 9029
perdition: 1180
perditions: 9287
peremptorily: 11673
peremptory: 7164
perennial: 2646 2937
perfect: 11966 13554
perfected: 8327
perfectly: 1998
perfidious: 13082 14159
perform: 11424
performances: 1202 2490 5192
performing: 1226 12651
perfumed: 7352
perhaps: 908 1168 1237 1796 2036 2082 2448 2487 2599 2602 3081 3570 3709 4247 4402 4526 4617 5112 5729 5821 5858 6111 6143 6846 6964 8431 8539 8972 9055 9056 9079 9473 10139 10213 10364 10868 10933 10962 11253 11314 11370 11553 11557 11829 11873 11962 11984 12068 13257 13274 13348 13447 14086 14722 15544 15565
peril: 6464 6538 6833 12604 12708 12839 14444
perilous: 3965 4142 5656 6356 6829 13104 15524
perilousness: 11483
perils: 1234 6291 6802 6843 6941 8396 10141 10199 10257 10999 11451 11550 11551 12716 12829 13234 13313 14253 15552 15577
period: 5940 8180 8394 11449 11819 14647
periodic: 11286
periodical: 8673 11196 11321
periodically: 12343 13549
perish: 6481
perished: 2794 4809 10478
perisheth: 370
perishing: 6487 8910 12689
permanent: 3197 8744 11934
permanently: 14789
permit: 3977 11296
permitted: 5277 6626 7167 8739
perpendicular: 1473 2894 2908 7239 14669
perpendicularly: 929 4067 11216
perpetually: 7350
perpetuated: 5432
perquisites: 11950
perry: 6119 6157
perse: 13830
perseus: 7227 14618 14621
perseverance: 15044
persevering: 857
persian: 7353 10640 11322 15230
persians: 1082
persist: 1859
persisted: 6856
persisting: 6850
person: 2443 2768 3123 3873 4810 4816 5225 5397 5398 5399 8353 8606 8696 8951 12854 12893 13657 13677
personal: 6558 14777
personally: 7001 8308 11430 11467 11961 13292
personified: 10427 10840
persons: 716 855 1499 1787 5397 11468
perspective: 11956
persuade: 3070
persuasions: 12704
persuasive: 7326
pertaining: 4468 4872
pertains: 8896
perturbation: 7174
perty: 640
peru: 6627 10960
pervades: 14380
pervading: 9062 10563 10808
perverse: 12423
pestiferously: 6635
pestilent: 14892
peter: 1368 1372 2167 3797 3871 4226 14664
peterson: 14664
petrified: 15082
petticoat: 579
pewter: 9405 9449 9495 9513 11153
phan: 12936
phantom: 1095 1251 2295 9657 10688 10902 10944 12565 13243 13780 15296
phantoms: 3539 10838 12141 12149 12898 12912
phase: 4751
phe: 10925
phenomenon: 10930 15331
phil: 555
philip: 11533
philippe: 8822
philistine: 5534
philologically: 7884
philosopher: 3533 6382 6579 15578
philosophers: 3530 8058 9037 11045
philosophical: 989
philosophically: 12506
philosophy: 3528 6383 12717
phiz: 7586
phospher: 760
phrase: 3590 9031 11284
phraseology: 3738
phrases: 5642
phrenologically: 3485
phsedon: 9020
physeter: 7874 14676
physical: 1158 2932 6789
piazza: 13512
pick: 305 1836 5688 6906 6926 10577 12903
picked: 1350 4077 7038 8706 10565 12634
picking: 5479 11950 12501
pickle: 2327
pickles: 5953
pictorial: 14578
picture: 1064 1472 1474 1500 2956 14618 14675 14679 14707 14716 14717 14722 14829 14840 15001
pictures: 190 192 1492 3574 9357 9643 14564 14575 14587 14641 14659 14705 14727 14813 14814 14816 14838 14842 14890 14973
picturesque: 8185 14634
picturesquely: 13913
picturesqueness: 14920 14935
piece: 2410 2958 3619 5360 9194 9198 12878 13743 14135
pieces: 1302 3787 4115 14917
pier: 1017
pierce: 15558
pierced: 12485
piercer: 8149
piercing: 363
piers: 6138
piety: 5473 6901
pig: 7862 7863 13740
piggledy: 308
pike: 7988 13961 13970
pikes: 461
pikestaff: 2336
pilau: 5451
pile: 4167 7323 9259
piled: 2297 3960 7322 7487 10428 10499 12996
piles: 11148
pilgrim: 4465 8910
pilgrims: 472 10876
piling: 10154
pillar: 8807
pillars: 8824
pillow: 1408 4197 7463 14318
pilot: 735 2425 2876 3055 3358 3359 3387 3400 4529 6242 6263 6267 6292 6321 8412
piloted: 6268
pilots: 6227 6265 6349
pin: 2106 6377 15505
pinched: 2395
pine: 1065 1756 7609 13269 13276 13427
pines: 9968 13593
pinioned: 14221
pinned: 12871
pins: 4484 12868
pint: 9024
pioneer: 6590
pious: 4771 4800 5116 5645 6183 6293 11950
pip: 7145 9752 9774 9777 9820 9831 9834 9854 10064 10068
pipe: 141 671 672 2194 2208 2531 3580 3721 4008 4087 4432 6129 6130 6160 6976 6977 6980 6986 7503 7508 7523 7529 7533 7535 8942 8950 9092 12445 12507 12737 15443
pipes: 512 3855 6980
piping: 757
pirate: 4166 4568 8266 13387 13408
pirates: 637 4179 13355 13359 13376 13380 13977
pirohitees: 9926
pistol: 989 9955 13978 13997 14454 14456
pistols: 13983
pit: 1430 4984 4986 5638
pitable: 13364
pitch: 1656 3964 4639 7609 9974 12510 13438
pitched: 1911 4392 4504 6253 12423 15554
pitches: 10379
pitching: 7288 8520 9818
pitferren: 545
pitiful: 3286 6454
pitiless: 6361
pitted: 10417
pity: 1403 2442 5273 5466 5824 9613
pivot: 7302 9187
pizarro: 10919
place: 1244 1266 1280 1300 1374 1386 1443 1536 1563 1581 1867 1941 1948 2104 2108 2597 2602 2940 3201 3322 3323 3433 3639 3810 4221 5459 5461 5612 6144 6503 7048 7392 7762 8345 8391 8641 8812 8892 9016 10580 10771 10826 11139 11248 11281 11284 11291 11535 11663 11830 12912 13059 13074 13426 13504 14067 14110 14424 14487 14916
placed: 513 1765 2002 2293 2735 3931 3947 4325 4399 4826 4860 5450 5629 6283 10300 11712 13677 15034 15073
placelessly: 2794
places: 1535 2114 3750 4340 7883 11149 11276 11475 12124 12636
placidly: 13206
placing: 1926 2042 3452 5747 10610 14712
plagues: 11588
plaguy: 1739 5651 7496
plain: 1493 2078 2400 3949 6067 7165 7978 8115 11515 11544 11622 11799 13238 13270 13442 15081 15278
plainest: 11372 11542
plainly: 449 2020 2459 2779 3104 3261 4214 5436 5993 7293 7966 8328 8845 8963 9612 11985 12842 13767 14366
plains: 10785 13276 15168
plaited: 12160
plan: 1707 1770 4406 4407 7840 8853 14271
plane: 1741 1743 1751
planed: 1765
planet: 3525 11187
planets: 5173
planing: 1745 1755
plank: 1756 2950 3236 4703 6404 7285 7516 11607 12637
planks: 1538 7375 7409 7536 8498 8972 9100 12411 12905 13738 14050 14862 15462
planned: 14332
plans: 4382
plant: 4112 4117 6533
plantation: 4185 12497
planted: 2609 4244 4509 10327 14051
planting: 7509 12410
plaster: 1021 2075 5304
plasters: 2020
plata: 12953
plate: 2949 8572 8574 12952 14668
plates: 12466 14661 14665 14695
platform: 12385
platformed: 12375
platonian: 14758
platonist: 9023
platonists: 9047
platters: 3936
plaudits: 6538
play: 360 693 9348 9350 10038 12051 12302 13712 14130 15531 15550 15571
players: 9580
playful: 7334 7568
playing: 11942
plaza: 13890
pleasant: 1391 3377 3584 3705 6344 6401 7327 8763 8861
pleasantly: 2436
pleasantness: 8499
please: 325 1038 1738 3391 5326 8106 12286 15030 15589
pleased: 1276 2353 3570 7408 11671
pleasing: 3319
pleasure: 12987
pleasuring: 7525
plebeian: 8454
pledge: 10634
plentiful: 13904
plentifully: 4314
plenty: 1441 1906 2193 6402 7696 9812 9825 10215
pletely: 4043
plexion: 8601 11316
pliable: 15410
plicit: 8422
plight: 1323 3213
pliny: 377 7701 14819
plish: 15535
ploughing: 4185 13943
pluck: 3416
plucked: 8472
plug: 1410 12812
plum: 5350 5353
plumage: 10750
plumb: 1126
plumbs: 9532
plumed: 8689 12413 12962
plummet: 3372
plump: 8254 12740
plunder: 4180 13933
plunge: 10026
plunged: 1041 1092 6430 14404
plunging: 3009 3992 12503
plungings: 3211
plutarchs: 372
ply: 12030 12050
plying: 4328
pocket: 1301 2114 2131 5287 14317 15590
pocketing: 14079
pockets: 2090 3604 5627 5674 8710 11950 13447
poem: 10760
poet: 1073 10760
poetic: 6923 7749
poetical: 4726
poets: 311 7728
point: 782 1158 1164 3172 4048 4224 4409 4511 5403 5461 6218 6580 7003 7573 7787 7809 8608 8825 8899 10260 10848 11590 11592 11690 12392 12767 13235 14107 15088
pointed: 3986 5720 5816 7964 12875 13133 13786 15504
pointing: 718 3255 4023 4666 13629
points: 813 4220 7594 10292 11422 15107
poise: 8260 8266
poised: 12134
poising: 5578
poison: 1556 8168
poisonous: 11450
poke: 6295
poker: 15580
poland: 4166
polar: 712 6798 7207 8150 10692 10699 10705
pole: 8989 12655 12689 14902 15106
poles: 8774 9483 10677 13441 14870
police: 1195
policemen: 3097
policy: 3719 6624
polish: 2492
polished: 2102 4346 4479 6316 7272
polite: 2122 2359 2543 5331
politely: 2214 6559
politeness: 4281
political: 8379 8450
pollard: 11599 11610 11619
poly: 13471
polynesia: 6641
polynesian: 13583
pommel: 9582
pomp: 7106
pomps: 10652
ponchos: 1959
ponder: 11342
pondered: 1724 2920 11163
pondering: 11058
ponderings: 1465
ponderous: 457 1537 3219 4728 4829 7767
poniard: 13829
pontoppodan: 15383
pooh: 1413 1414
pool: 1040
poon: 4360 15485
pooneer: 1575 1859 1983 14389
pooneers: 2596 6681 7066 13955 14369
poons: 9257
poop: 14443
poor: 304 317 321 1073 1278 1390 1407 2490 2591 3274 3810 3877 4044 4077 4081 4144 4887 4888 5274 5275 6125 6362 6673 6883 7008 7146 7758 8469 8583 8713 9282 9375 9675 11493 11556 11560 13716 13932 15007 15051
poorly: 7177
pope: 9479
popped: 1781
popping: 8954
popular: 3487 6539 7754 8048 8101 8227 14587 14693
popularise: 10488
popularly: 7258 7889 8089 10144 10523 11475 13571 14648
population: 855
populous: 13866
por: 4157 8259 8265
porch: 1346 4260
porcupine: 1956
poring: 11337
pork: 4313
porpoise: 7852 8221 8222 8233 8234 8254 8258 8268 8274 8277 8280 8299 8304 11995
porpoises: 2630 8236 8282 14940
port: 1297 2548 3163 3842 4253 4505 5066 5682 6222 6254 6266 6454 6455 6457 8769 8775 11682 12865 13554 14249 14423
portant: 5829
portent: 15363
portentous: 1471 1491 8657 11024
portents: 6821 10246
porter: 15065
portion: 854 2629 8808 8892
portions: 3602 11214
portly: 7957 11678
portrait: 14590 14616 14749 14798
portraits: 14572
ports: 4700 7726 10291 15351
portugal: 10312
portuguese: 9937 15214
pose: 9618
position: 3663 5320 5376 7832 13195
positive: 5400
positively: 4647
posse: 13709 14050
possess: 792 1394 10483 13574
possessed: 786 2483 2486 10568 13734
possessing: 8090 9113
possession: 914 7793
possessions: 5175
possi: 10755 11282
possibilities: 11281
possibility: 6721
possible: 884 1785 1953 1959 2268 2380 2405 3624 5220 5265 7007 8694 11303 11971 11982 12479 13355 13532 14117 14441 15454
possibly: 1030 3085 3622 4215 5340 6765 8022 8040 8225 8309 10692 11875 15175
post: 3931 7024 7548 7768 8814 11090 12209 12383 12389 12390 12392 12488 12747 14672
posted: 1014
posterity: 8334
postman: 10770
postpone: 11300
postponing: 4274
postscript: 123 6737
posture: 7282 12422
pot: 1139 4215 5235 5250
potatoes: 1603
potencies: 7361
potency: 8452 10484 13045
potent: 10817 12339 12705 13499
potentially: 6581
potion: 1656
potluck: 3847
pots: 4211 4216 4232 4255 4340 4341 14179
pottowottamie: 4513
pottsfisch: 7876
pouch: 3578
pound: 6420 9837 9849
pounded: 4312 12262
pounds: 12235 15431
pour: 3389 13908
poured: 1654 13672
pouring: 3604
pours: 1555
povelson: 10229 10242
poverty: 1382
powder: 7455 8953 9569 13774 15569
power: 3034 3328 3800 4158 7675 7979 8545 9551 10336 10511 10640 11023 11583 11773 15235
powerful: 934 11593
powerfully: 7266
powerless: 14900
powers: 4166 7081 7259 10971
pox: 5708
practicable: 8041
practical: 4784 6845 8440 10201 12699 13098
practically: 10427 11426 14906
practices: 3805
practised: 10256
prairie: 4120 4188 4189 9418 10967 12504 12643
prairies: 1068 10723 11007 11012
prate: 5665
pray: 620 7450 7451 13560
prayed: 3305
prayer: 2989 3312 4428
prayers: 3063 3605 6406
praying: 2126 2990 3214
pre: 2094 3041 6512 10223 10609 10618 11962
preach: 3383
preacher: 2985 3038 3328
preachers: 1357
preaching: 3401
preble: 873
precaution: 15449
precautionary: 11960
precede: 4358 8615
preceded: 14046
precedence: 3949
precedes: 15565
preceding: 11258
precincts: 11083
precious: 6728 14370
precipice: 14867
precipitancy: 10238
precise: 2237 3912 8144 10435 11822 12331 14761 15095
precisely: 975 1823 6749 6840 7936 8192 10939 11213 14489 14801 14953 15225 15373
precision: 11231 12966
predecessor: 14723
predecessors: 8505
predestin: 13823
predestinated: 9674
predicament: 2318
predicted: 11288
prediction: 5874
predictions: 9397 9398
predominating: 11974
preface: 442
prefecture: 11816
prefer: 6047
preferred: 3904
prefers: 1710
prefigured: 14602
prefix: 2802
pregnant: 3047 6587 10187
prejudices: 1788 3714 4575
preliminaries: 5603 7783
preliminary: 8668 9005
preluding: 12008
prelusive: 7148
prema: 11313
premature: 3593
premises: 5285 5300
premium: 8602 9322
premonitory: 8097
prepara: 12890
preparation: 5985
preparations: 5897 8168
preparatives: 7313
prepare: 11755
prepared: 356 2914 3125 4422 6797 12325 15318
prepares: 3164
preparing: 2497
presaging: 9389
presby: 5187
presbyterian: 3618 3630 5178
prescribed: 12053
prescription: 7033
prescriptive: 13755
presence: 3496 5334 6224 6714 8526 11838
present: 2768 2780 2913 3597 3739 4275 4396 4837 5078 5156 5409 5505 7113 7725 7755 7850 7861 7875 7958 7980 8082 8182 8364 10202 10525 10542 11006 11673 11693 11800 11830 11914 12791 13900 14173 14573 14953 15468 15577
presentations: 14588 14854
presented: 1225 6509 7866 7937 8178 10789 10867 11214 12412 14454 15404
presentiment: 3189
presentiments: 6821
presenting: 14928 14960
presently: 1341 1638 2041 2117 2334 3556 8490 9941 11812
presentment: 7201
presents: 5454 8005
preserve: 8119 10081 12933 13509 14755
preserved: 848
preservers: 12652
preserving: 3526
presided: 6945 8559
presidency: 1205
president: 1436
presides: 8543
presiding: 9348
press: 56 3346 14518
pressed: 3587 3856 5393
pressure: 2245 12875
prestige: 10203 11483
presto: 7552
presumable: 14756
presume: 1726 8593
presumed: 8586 11237 14997
presuming: 6513
presumption: 10133 11497
pretend: 1818 2679 7740 7761 7934
pretending: 3494 13720
preternatural: 7259 15221 15282
preternaturalness: 13032
pretty: 732 1992 2327 2459 3451 3928 4883 4936 5647 5814 6524 7115 7283 8096 11465 12282 13370 13411 14480 14834
prevail: 3767 7394
prevailed: 13119 14586
prevailing: 8397
prevalent: 1184
prevent: 607 985 11712
prevents: 15506
previous: 1008 1139 1708 2253 2451 3500 5215 5370 5874 6275 7194 8658 11465 12323 14825 15095 15512
previously: 2089 2869 3872 5493 7270 10146 13130 14571
prey: 494 10983 11194 11246 12526 13595 15247 15326
price: 1308
prices: 8169
prick: 13970 14014
pricking: 3210
pride: 7356 13679 14746
priest: 3758 3932 3943 3947 14528 14532 14546 14550
priests: 10649
primal: 1488 12934 14578
primary: 7844
prime: 6722 10926 11963 13930
primer: 560
primers: 14630
primeval: 10781
primitive: 5408 6644 8404
primitively: 10220
prince: 3795 6667 7081
princely: 4888 4890
princes: 8443
princess: 3928
principal: 4472 4901 5000 9344
principle: 985 11055 11377
principles: 7483
printed: 55 11537
printing: 3573
prints: 14629 15055
prior: 8782 13518
priority: 7721 8789 14126
prising: 5942
prison: 3305
prisoner: 9337
prisoners: 14076
private: 1712 2376 3903 8434 8544 8617 11434 11963 12861 13484 14264
privateers: 4179
privations: 13313
privilege: 1422 8610
privileges: 11503
pro: 636 639 2394 2405 4254 4410 11853 12041 13894 13940
probabilities: 11282
probability: 5322 10283 11855 13636
probable: 10434 11962
probably: 867 940 2382 4782 6759 7035 10439 13338
problem: 8539 9009 10308 10309
procedure: 6512
proceed: 518 8041 8303 11053 11772 13506 14360
proceeded: 379 5049
proceeding: 1342 13860
proceedings: 2134 4916
proceeds: 5 3950 4879
process: 6746 6755 8213 13259
procession: 6698
processions: 1250 8522 10875
proclaimed: 7070
proclamation: 7731
procopius: 11805 11815
procure: 14446 14528
procured: 1743 14947
procuring: 14540
prodigies: 8070 10310 10320
prodigious: 1922 4040 5303 8179 8802 13354 14668 15468
prodigiously: 5476
prodigy: 3219 10750
prodromus: 14628
produce: 8705 9411 11425
produced: 2036 2090 5493
produces: 11054
producing: 3578 9201 11649
profane: 307 491 4836 6214 6275
profaned: 8567
profanely: 7804
professed: 8193
profession: 6540 11990 13381 14604
professional: 7713 8382 10213 11673
professions: 6506 13406
professor: 1052
proffer: 2638
profile: 14934 14936 15058
profiles: 15089
profit: 5477 10553 12302
profitable: 10553
profitably: 8113
profits: 4866 4898 8398
profound: 2499 3801 6089 7722 8978 10489 11420 12555 15287 15564
profounder: 8066
profoundest: 6096 6548 10845
profoundly: 8577
profundities: 10488 14860
profundity: 15494
profuse: 13733
progenitors: 8783
progeny: 8670
programme: 1199
progress: 472 5407
project: 7763 14133
projecting: 1544 2958 3490 7967 13433
projections: 1318
prolonged: 2993 4434 5063 5411 10712 11277
prometheus: 11403
prominent: 10345
promiscuously: 313
promise: 7758 11956 13241 13991 13994
promised: 5372 5961
promises: 14022
promising: 3842
promissory: 11927
promontories: 3490
promontory: 482 492 7062
promotion: 2829 8625
promptly: 1152
pronounced: 5883 6669
pronouncing: 12544
proof: 11918
prop: 3632
propelled: 777
propellers: 12651
propensity: 3761
proper: 2443 3040 3703 5612 6227 7887 8561 8770 8857 13384 13504 14264
properly: 1943 6727 8741 8906 11851
property: 13484 13715
prophecy: 5791 9575
prophesied: 9678
prophesies: 15565
prophesy: 9577
prophet: 111 411 3048 3359 3374 5795 7180 9578 12082
prophetic: 5112
propontis: 11818 11844 11845
proportionate: 8117 15461
proportioned: 4872
propose: 3819 4496
proposed: 3577 3833 14111
proprietor: 4211 5174
proprietors: 4901
propriety: 2375
prose: 11515
prosecution: 1873 5929 11870
prospect: 4308 4667 5211 11063 11249
prospectively: 6729
prospects: 10071 11280 12707
prosperous: 13553
protect: 11973
protected: 8926
protection: 11974
protes: 10877
protested: 4572
protesting: 10258
protracted: 11918
protruding: 12156
proud: 3411 4565 7071 10501 13233
prouder: 10500
proudly: 2424 13918
prove: 3739 5112 8152 11879 13987
proved: 1340 2103 3552 11260 11832 13625
proverb: 2798 8088 13902
provi: 1199 14488
provide: 14717
provided: 2896 5047
providential: 11685
provides: 7044 7121
providing: 5900
province: 13755
provinces: 6623
provincialisms: 13326
proving: 14575
provocation: 8531
provoke: 8269
provoked: 13557
prow: 2968 3774 7288 10394 13051 13629 14384 14454 14862 14864 15292 15504
prowling: 3095
prows: 10225
prudent: 3169 10529 12739 12779
prudential: 11909
pry: 5241 5256
pryed: 4441
prying: 5260 13969
ps: 51 15596
psalmody: 2127 6272 6309
psalms: 360 419
public: 1344 1536 2531 11554 14701
publicly: 13505
published: 12863 14704 14714 14823 15003
publisher: 14645
pudding: 5350 8315 12511
puddingers: 5353
puff: 3579 3855 4008
puffed: 2149
puffing: 2193
puffs: 3580 3711 7520 12463 12470
pugilists: 9580
pugnacious: 7000
puissant: 6575
pull: 9170 12207 12221 12222 12228 12244 12246 12248 12298 12301 12478 12489 12512 12513 12514 13681 14388 15540
pulled: 2041 12194 12196 12500 12576 13427
pulling: 9877 12264 12265 12281 12340 12345 12515 12568 12751 15326 15467
pulpit: 89 1357 2678 2852 2881 2887 2894 2911 2916 2935 2942 2955 2961 2963 2968 8897
pulpits: 2889 2987 8924
pulpy: 15332
pulsively: 11962
pulverise: 13681 15202
pump: 9764 13633 13641 13694 13719 13724 13730
pumps: 11682 11720 13524 13539 13548 13631 13667 13672 13758 13793 13801 14071 14232
punch: 1155 3921 3922 3931 3951
punches: 12709
punctilious: 3925 8405
punctual: 5346
punctured: 9211
punish: 363 3057
punishment: 3314 3319
pur: 9617
purchas: 505 14820
purchased: 11733
purchasing: 5900
pure: 1183 3829 6794
purely: 10898 11899 14634
purest: 10646
purge: 13907
puritanic: 2651
puritans: 7080
purple: 2060 4262 4298 8411
purplish: 2009 2035 2049
purporting: 14591 14659 14675
purpose: 685 1249 1460 3573 3837 7708 8144 8488 8954 8969 9129 9154 9589 11140 11385 11455 11864 11963 11987 13138 13815 14674 14953
purposed: 4391
purposeless: 9183
purposely: 2673 10542
purposes: 8800 15075
purposing: 1503
purse: 975 1101 1102 3165 3169
pursed: 4534
pursue: 7681 11776
pursued: 845 7929 10220 10259 11495 15320 15374
pursuers: 10287 10365 11787
pursuing: 10185
pursuit: 913 1698 6499 7980 8849 10531 11926 11990 12473 12836 13242 13312 15103
pursuits: 14594
purty: 1876
push: 6447 12618 15261
pushed: 1351 3602 4150 5548 15312
pushing: 5319 10112 14966
pusie: 11778
put: 1213 1285 1410 1583 1908 1962 2143 2390 3172 3278 3450 3796 4087 4152 4605 4952 5269 5704 6113 6986 7128 7335 7667 7741 8258 8786 8913 9948 11479 11748 11851 12277 12543 13260 13506 13515 14244 14439 15531
puted: 9314
puts: 3913 9335
putting: 1139 2376 4891 5258 5287 5517 6985 10599 12413 13184
puzzle: 2310
puzzled: 1470 4222 4658
pyramid: 7552 7565 7582 7600 7624 14936
pyramidical: 10344
pyramids: 1123 8799
pythagorean: 1186
q: 10947
qjjear: 2062
quadruped: 10613 10705
quaffed: 9511
quailed: 9466
quaint: 4446
quaintness: 4475
quake: 12622
quaked: 2081
quaker: 4529 4709 4712 4721 4751 4762 4801 4848 4856 6781
quakeress: 5973
quakeresss: 11117
quakerish: 4574
quakerism: 4760
quakers: 4714 4715 4716
qualified: 10531
qualities: 6806 6913 13931
quality: 3672 7748 10673 10705 10831
quantity: 423 543 765 4804 8096 15413
quarrel: 13611
quarrelsome: 1103
quarried: 8660 9979
quartek: 9088
quarter: 153 1187 1340 3415 4495 6220 7149 7218 7283 7399 8406 8409 8424 8485 8508 9178 9275 9365 9462 9740 10054 11083 12117 12154 13174 13968 14080 14275
quarters: 7787 8388 8733 14164
quarto: 8115 8118 14671
quay: 14966
quebec: 2918
quee: 2177 2364 3764 3877 3912 4067 5205 5214 12600
queen: 143 437 7544 7614 7619 8174
queens: 662 6746 6770 10637
queequeg: 2190 2193 2213 2245 2315 2322 2329 2330 2356 2360 2377 2401 2407 2418 2475 2515 2542 2765 3442 3491 3506 3627 3628 3633 3644 3654 3677 3709 3716 3748 3768 3790 3791 3798 3810 3849 3856 3871 3881 3885 3903 3915 3927 3933 3934 3952 3979 4000 4007 4015 4019 4025 4032 4033 4044 4053 4060 4078 4080 4081 4207 4223 4251 4268 4304 4316 4337 4358 4368 4383 4396 4399 4421 4425 4428 4431 5047 5165 5182 5184 5204 5222 5294 5305 5312 5330 5355 5363 5365 5375 5389 5405 5410 5430 5435 5444 5458 5475 5489 5505 5519 5540 5542 5550 5575 5587 5600 5609 5626 5630 5701 5749 5849 5862 5880 5908 5985 6005 6018 6025 6032 6042 6051 6061 6099 6101 6111 6117 6119 6124 6125 6128 6132 6146 6155 6290 6496 6715 7052 7058 8657 8686 8701 8714 8997 9229 9249 9256 12005 12013 12016 12369 12617 12655 12665 12721 12723 12783
queequegs: 2231 2527 3755 4406 4408 5271 5904 12038
queer: 219 1386 2134 2597 3816 4517 5083 5554 5613 7447 7452 7477 7481 7482 7548 7625 7644 9672 12264 12697 12904 14731
queerest: 2548 4856 7453
queg: 2178 2365 3765 3878 3913 4073 5206 5215 12601
quenchless: 10098
quent: 11788
quently: 573
quest: 7072 8928 10113 11300 11521 11903 11923
question: 2621 3136 3277 5609 5705 6067 6110 6535 6957 9107 9164 10134 10500 11726 12834 13260 13358 13379
questionably: 5002
questioned: 10791 11730
questioning: 6131
questions: 3272 3277 5988 6179 9184 13515
quick: 1241 2832 2856 2964 3334 3972 4641 5590 5592 7520 9245 10262 10519 12104 12457 12548 12597 12992 15323
quicken: 7892 14980
quicker: 2052
quickly: 2435 4424 5225 5258 5729 6541 14411 14528
quicksand: 4120
quid: 450
quiescent: 11957
quiet: 1374 1701 2158 2985 3711 4791 6089 12797 14955
quietest: 1056
quietly: 990 1392 2340 2532 2881 3579 4838 5013 5587 5687 6115 9859 13942 14313 14511
quietude: 7393 8497
quig: 9832
quill: 15505
quills: 1956 5954
quilt: 2241 2243
quish: 8776
quisition: 13894
quit: 1754 6241 7867 10491 13529
quite: 1111 1831 2078 2483 3442 3586 4206 4750 4784 4853 4890 4907 5015 5172 5354 6794 8128 8281 9761 9923 10811 13611 14257 14962 15052
quito: 7349
quitted: 3770 6073
quitting: 1262 11654 13730 14658
quiver: 7280 8675 15533
quivered: 12986
quog: 8318
quoggy: 6759
quohag: 6304
quohog: 5563 5564 5566 5594 5595 5605 5606 5622
quohogs: 4148
quote: 2680
quoted: 8320 11739
r: 6367 8769
raal: 733
rabbins: 12940
rabble: 8306
rabelais: 412
race: 3211 7981 9989 10430 10618 11323 11342 12164 13031 13936
races: 13576
rack: 6981 8949 8953 12648
racket: 8582
rad: 13711 13714
rades: 3868 13845
radiance: 2948
radiant: 3025
radiates: 6907
radiating: 7027 9454 15334
radical: 7938
radney: 13556 13607 13625 13652 13655 13689 13720 13735 13768 13794 13805 13822 14215 14256 14266 14274 14383 14389 14398 14413 14502 14558
rads: 13699
rafts: 14665
rag: 1102 5707
ragamuffin: 12242
rage: 1818 5016 7555 10429 10531 10541 11786
rageous: 9342
ragged: 1648 5856 5878 7175
raging: 3237 3239 13743 14897
rags: 1410
rail: 12133 12187 13113
railroads: 7120
rails: 9589
raiment: 13166
rain: 8812 10911 12737 13126
rainbow: 6918
rainbows: 732 10973
rains: 14980
rainy: 1965
raise: 815 3362 14001
raised: 1696 3294 6405 9054 9208 11714 12371 13996
raises: 9208 9210 9212
raising: 383
rake: 8147
rallies: 3138
rally: 11785
ram: 12543
ramadan: 107 4427 5163 5165 5183 5202 5291 5341 5345 5356 5381 5385 5394 5417 5470 5478
ramadans: 5410
rambled: 13487
rammed: 12452
ramparts: 10922
ran: 1137 2175 2679 2875 4485 5233 6291 6363 7217 13672 13968 14441 15286
random: 306 4434 10602
rang: 6329
ranged: 1549 13207
ranging: 6351 9412 12338
ranks: 8364
rape: 583
raphael: 331
rapid: 5265 8504 12476
rapidity: 7214
rapidly: 5719 9146 12586 14051 14209
rapping: 13435
rapscallions: 12243
rare: 958 1621 2529 4449 4450 13528
rarely: 15364
rarities: 1543
rascal: 2061 14036
rascals: 12239
rat: 7009 8582
rate: 1629 5217 8048 10215 13296 15004
rather: 1127 1317 1370 1427 1428 1582 1711 1820 2395 2417 2442 3391 3828 4293 4401 4406 4451 4503 4575 4801 4881 5431 5527 6498 6726 6820 8087 8642 8736 9041 9397 10596 11209 12255 12987 13080 13321 13532 14035 14299 15344 15462
ratification: 11140
ratifying: 9500
rattle: 9849
rattling: 2275
raved: 10468
ravens: 13064
raving: 10449 10453
raw: 12562
ray: 7702 11399
rays: 1314
rayther: 1836
razeed: 9282
razor: 2413 7857 8055
re: 2337 5818 8929 9873 10072 11118 13712 14019 14042
reach: 3371 6981 8982 9338 9585 10396 13239 15337
reached: 3365 4359 11608 13481 14249 14423
reaching: 1063 1266 2520 2588 8570 8770 9187 11655 12066
read: 2770 2826 3120 3346 8873 9614 10758 11561 11622 15213
readily: 7203 8261 8312 9678 11842 15459
readiness: 6984 15312
reading: 2770 2995 4828 4907 8156 10899
reads: 3123 3357
ready: 1587 1782 1846 4891 5067 5604 5822 5960 6210 6652 6980 7179 8855 10050 10267 11696 11866 12172 12174 14019 14029 14085 14121 14257 14321 14437 15038
real: 2094 3721 4106 6701 6723 7558 7688 7713 8739 10310 10945 12936 14926
realise: 15576
realities: 10318
reality: 2249 2317 7217 10170 10227 11253
really: 1177 1580 2198 5377 5400 5879 7904 8154 13333 13646 13779 14516 14801 15121 15173 15429
reaped: 6569 10399
reapers: 3893
reaping: 13942
reappearance: 15328
reappeared: 14245
reappearing: 15297
rear: 983 2963 3168 6114 6296 8523 8610 8784 12363 13063 13432
rearing: 3255 12503 14404 14976
rears: 774
reason: 1246 1696 1716 1850 2203 2921 2925 3657 3680 5420 5477 6515 7760 8496 9606 10402 10537 11481 11552 11822 11847 11852 12118 13254 13342 13527
reasonable: 6868 10485 11192 13643
reasonableness: 11538
reasonest: 1401
reasoning: 9335 11853
reasons: 3903 7803 9368 10530 11036 11824 11984 14795
rebel: 15038
rebelled: 14169
rebelling: 9612
rebellion: 9382 11908
rebels: 3231
rebounds: 890
recall: 1223 10870 10990 11651
recalled: 10247 12332
receive: 3276 5052 7128 11496 13300
received: 422 1572 3196 4356 4865 6152 8572 10438 11721 13306 13928
receives: 1176
receiving: 1074 3108 4732 4792 4898 8573 9205 9405 11431
recently: 4277 8932 11832
reception: 4294
reciprocal: 890
reciprocat: 13434
recklessly: 2632 12382 13943 14791
recklessness: 10563
reckon: 7946 9373
reckoned: 5561
reckoning: 8486
reclining: 9895 9907 9917 12976
recluse: 7305
recog: 8091
recognise: 11490
recognised: 10608 11463 15172
recognition: 11332 13345 13622
recoil: 6541
recollect: 906
recollection: 9233 12935
recommended: 4210
reconciled: 2351 4772
record: 3029 10301 10791 11555 11556 13507
recorded: 3230
records: 3977
recover: 11344
recovered: 6228
recovery: 7221
recruit: 12563
recumbent: 3663 15168
recur: 11552
recurred: 2317
recurring: 7176
red: 1282 1312 1412 2645 2897 4129 4260 6304 7064 7329 12525 13590 13732 13915 14414
reddened: 13161
reddenest: 9352
reddening: 10788
redder: 1413
redeemed: 3545 10655
redeeming: 13930
rediscovery: 15096
redness: 10670
reduced: 14431
redundant: 7352
reef: 3771 10057
reefing: 9940
reefs: 997
reel: 2563 3980
reeled: 11715
reeling: 3210 3239 3991
reeving: 15452
refer: 11148 11689
reference: 622 3197 7727 7942 10247 10692 14960 15402
referred: 10274 14606 14826
referring: 3263 3556
refill: 9438 13859 13908
refining: 11873
refiningly: 10605
reflections: 2495 4258 11654 11661
refrained: 1677
refuge: 3202
refugees: 330
refuges: 6463
refuse: 2642 2793 2808 6922 11060 11968
refused: 14077
refuses: 14503
refusing: 4766
regal: 6755 7297 8543 10715
regard: 2856 8008 15178
regarded: 801 2824 4744 6498 6586 7838 8097 8167 8383 10144 10376 10694 11329 12718 15190
regarding: 2366 10289 13325
regardings: 7404
regent: 2551
region: 700 1044 13464
regions: 11452 15079
reglar: 1903
regu: 8848
regular: 901 2890 5323 5535 6977 8004 8859 11190 11254 11564 12342 12442 12855 14787
regularity: 3453
regularly: 3488 3580 7160 7312 7908 8095 13744 13759
regulating: 979
rehearse: 14354
rehearsing: 13519
reign: 3078 12020
reigned: 2671 8361 13038
reigneth: 7738
reigning: 10963
reigns: 7350 7725
reinforcement: 14447
reiterated: 14089
reiterating: 13795
rejecting: 6410
rejoinder: 1903 9159
rejoined: 6079
relapses: 11908
relate: 839
related: 1271 10311 11961
relation: 11900 14780
relatives: 2771
relaxed: 8406
relented: 3793
reliable: 6832 7745 12097
reliably: 11426
relics: 4276
relied: 4408
relief: 3023 3483 8581
relieve: 8620
relieved: 5882 7161 8508 12122 13549
relieving: 8860
religion: 4783 5397 5399 5457 5464 12256
religionists: 5429
religions: 5408 5409 10639
religious: 5168
relin: 8775
relish: 8654
remain: 5635 6239 10286 13264 14477 14797 15097
remained: 3431 3658 5050 5207 5295 6191 8436 12355 12899 12914 13804 14062 14070
remaining: 4250 4791 13402
remains: 6346 6898 7787 8037 8521 10488 10591 11055
remark: 11261
remarkable: 6584 8810 10263 10358 11797 13154 15072 15159
remarks: 5457
remem: 10987
remember: 2247 3069 4438 7621 10712 13637
remembered: 2024 2307 5932
remembering: 1982 2093
remembrance: 10909
remembrances: 6869
reminded: 222 3486 15151
reminding: 1453
reminiscence: 4772
reminiscences: 1687 6159
remnant: 7063
remnants: 4352
remonstrances: 4410
remonstrate: 3603
remorse: 1318 13077
remorseless: 15244
remote: 1239 5931 11320 11926 13035 13307
remoter: 8067
remotest: 1543 2803 4730 6591 7742 7976 10181 12894 13042
remove: 8423 13739 14401 14550 15589
removed: 2879 3606 6059 6128 10982
removing: 2104
rend: 13041
render: 1872
renders: 15173 15411
rending: 11005
renegades: 6912 10559
renown: 11501
renowned: 14937
rensselaers: 1137
rented: 5175
repair: 642 11683
repaired: 13544
repartees: 15536
repassing: 12014
repast: 4277 8613 8658
repeat: 13369 14476
repeated: 1464 4283 4684 5713 9140 10153 10321 12528 13811 14081 15545
repeatedly: 1192
repeating: 13826
repelled: 3550
repelling: 15191
repellingly: 7941
repels: 10802
repent: 3324
repentance: 3063 3318 3323
repenting: 3374
repetition: 13027 15204
repetitions: 11801
replacing: 5930 7077
replenished: 2934 8980 9513
replied: 876 3889 4674 5500 5548 10752 13794
reply: 4924 5366 12174
report: 859 4671 8655 10522
reported: 1640 10128 12107
reporting: 11994 12110
reports: 10241
repose: 7400 10703 11089 13121 13122 14962 15319 15570
repre: 14745
represent: 14857
represented: 14666 15025 15113
representing: 1366 1942 2943 14668 14995
represents: 1500
reprimand: 14174
repugnance: 3713 13049 13778
repulses: 10154
reputation: 2587 2922 4794 8307
repute: 6723
request: 4659 8257
requiem: 10707 10708
requin: 10710
require: 13631 15096
required: 2376 8422
requires: 614 985 1143 11417 11541
requirest: 9312
requiring: 7009
requisite: 11928
rescuing: 14618
research: 7681 10285
researches: 8782
resemblance: 1494
resembled: 7239
resembles: 7956 7971
resembling: 1509
resentment: 11645 13971
reserve: 13094
reserved: 8487 13321 14713
reserving: 14126
reservoirs: 2632
resided: 14424
resident: 11620
resides: 4183 6480 11728
residing: 8745
residuary: 8645
residue: 7112
resign: 12765
resigned: 5131
resistance: 8957
resisted: 5224
resolve: 11372 15383
resolved: 1635 1999 3843 4140 5878 5950 12010 12444 13816 14247
resolves: 3168 8871
resolving: 5908
resort: 11831
resorting: 11197
resounded: 14072
resounds: 770
respect: 585 1109 1118 5167 6137 7809 7907 8843 11478 13636 15187 15387
respectable: 6686 6688
respectfully: 1152
respecting: 11911
respective: 4873 11460
respectively: 10933 14857
respects: 1866 11538 11888 15178 15393
respite: 4520
resplendent: 10733
respond: 7334
responded: 10567
response: 14002
responses: 2160
responsible: 5000
rest: 1493 1636 1678 2424 2530 2962 4196 4390 5186 5343 6564 6815 7122 9231 9414 9921 10094 10350 10598 10707 11296 13498 13694 13715 13730 14089 14246 15358
rested: 2958 15222
resting: 3186 5214 8996 13275 13429 15500
restless: 434 1529 3203
restored: 4078 8642
restores: 15034
restrain: 6827 14093
restrained: 12051
restraint: 8509
restricted: 8358 10151 10219
restricting: 2408
rests: 10954
result: 7824
resulting: 1227 8969
results: 4751
resume: 4297
resumed: 4323 4328 9149 9219 14499
resuming: 11356 14269
resurrection: 2272 9766 12794
resurrections: 2793
retain: 4711 8117 11789
retained: 7105 7900 8363 11926 12508 13624
retaking: 917
retired: 4471 4755 9515 14234
retires: 407
retiring: 4790 8057 8064
retraced: 5880
retreat: 7168 13644 13817 14718
retreated: 5591 7443
retreating: 3489 13809 13827
retreats: 7726 10363
retribution: 14087 14492
return: 925 3831 6537 8174 11099 13299 13988 15092 15262
returne: 432
returned: 913 8177 11609 12288 12687 14080 14498 15351
returning: 2665 3441 5270 12026 14547
rev: 873 7707
revail: 5330
reveal: 6882
revealed: 5137 10347 11275 11963 12892 13497 15332
revealing: 4064 5868
revelations: 7663
revellers: 9648
revelry: 1691 3209 9623 9628 12009
revenge: 10101 10555 10566 11647 11660 14264 14272 14333
revengeful: 11351
revenue: 635
reverberating: 7401
reverence: 6817 7005 10790
reverenced: 10414
reverend: 4487
reverential: 2904
reverentially: 1119
reveries: 1016 1042 11339
reversing: 8522
revery: 9058
reviewed: 10787
revival: 14646
revive: 9444
revived: 10244 10780
revivified: 6796
revolutions: 15107
revolve: 9568
revolved: 6165
revolving: 9010 9187 13969
revulsion: 3708
reward: 4967 11995
rheumatic: 5956
rhodes: 8868
rhubarb: 7898
rhyme: 10756 10758
rib: 4014 12637
ribbed: 5709 9103
ribboned: 13919
ribbons: 13412
ribby: 15079
ribs: 581 909 937 2999 7770
rich: 3689
richard: 554 14735
richardsons: 243
richer: 9024
rickety: 1771
rid: 4648
riddles: 7473
ride: 6594 9772
rider: 12432 15237
rides: 10841
ridge: 1691 8060 10891
ridges: 15090
ridiculous: 3486 5417 6513 8936
rifle: 8952 15568
rifled: 9591
rig: 5681 9831 13348
rigadig: 6953
rigged: 13598
rigger: 6093 6162 6182
riggers: 5981 6188 6201
rigging: 1019 5896 5901 6091 8501 8996 9824 12984 13162 14163 14178 14268
right: 637 731 792 961 998 1125 1156 1545 1586 1751 3237 4047 4172 4268 4508 4688 5074 5306 5530 5566 5583 5767 5769 5771 5772 6018 6209 6375 7228 7479 7491 7551 7605 7608 7715 7855 7891 7906 7919 7932 7935 7941 7957 7984 8024 8277 8503 8518 9802 9872 9955 10051 10212 10256 10561 11221 11847 12051 12212 12311 12575 12676 12828 13151 13352 13623 13829 14498 14574 14708 14838 14858 14879 14886 14937 14964 15015 15132 15136 15161 15299
righted: 14397
righteous: 10551
rightly: 7195 8543
rights: 8737 11503
rigid: 10922
rigorous: 8401
rim: 9531
rimmed: 13576
rinaldini: 11489
rinaldo: 11489
ring: 3786 7088 9443 10038 10042 10051 10052 14788
ringed: 8453 10050 15531
ringing: 7352
ringleader: 13992 14044 14159
rings: 3170 9325
rioting: 1638
riotously: 12423
riots: 4183
ripe: 9903 14161 15134
ripening: 13916
ripped: 6287
ripples: 7968
rippling: 13670
rips: 1876
rise: 1810 5407 8725 9081 10435
risen: 14860
rises: 8060 9710 9881
rising: 4785 5626 7976 7977 8150 10838 12384 12578 12650 13186 13561 14979 15290 15385
risk: 1292 8910 14536 14804
rituals: 5192
rity: 10564
rival: 7729
river: 1121 3957
rivers: 1094 7864 13870
riveted: 5756 12200 13442
road: 4180 10072
roadside: 15064
roar: 10937 12489 12549 12646
roared: 4035 4972 6272 6302 7601 12642 13720 13977 14032
roaring: 672 3251 5980 5981 5982 9925
roasted: 1121
rob: 4569
robbed: 3116
robbers: 637
robe: 10984 11014
robed: 6905
robert: 2716
robes: 3417 6892 6904 10654 13596
robust: 1077
robustness: 2855 7224
rock: 597 8019 11718 11757 14881 14895 15080 15154
rockaway: 1076
rocked: 1540 4194 11154
rockets: 650
rocking: 9073 15553
rockings: 10454
rocks: 2642 2944 8841 10239 10957 11612 11658 15234
rocky: 7126 10728
rod: 3425 7238
rodmond: 643
rogerss: 2418
rogues: 14177
rokovoko: 3748 3919 3924
roll: 241 3201 5955 9033 11142 12429 14975
rolled: 1233 1645 1990 2156 2239 2323 3002 3332 3732 3857 4528 6338 6429 7626 9395 12430 12550 12621 12682 12792 12957 12996 14316
rollicking: 8521
rolling: 237 2214 2946 2953 7349 9074 12110 12191 12464 12801 14626
rollings: 11010
rolls: 774 2528 7660 8870 9290 9939 14341 14342 14880 15215
roman: 3211 4726 6695 8113 10493 10716 11855 13685 13870
romans: 10628
romantic: 1057 9026 11952 13582
rome: 4116 10616
romish: 10652 10706 13486
rondeletius: 7702
roofed: 15063
roofs: 648
room: 1536 1544 1572 1597 1634 1700 1758 1764 1781 1906 1921 1939 1943 1979 1995 2001 2005 2043 2065 2174 2267 2284 2290 2393 2400 2425 2435 2450 2531 3173 3175 3186 3194 3198 3536 3597 3670 4276 5193 5211 5307 5360 5384 9872 11368 11397 12168 12330 13869
rooms: 4368 5411
roosting: 13074
root: 935 1178 10494
rooted: 12383 13805
roots: 14485
rope: 935 2909 3989 4055 4876 6377 7389 8070 8503 14001 14179 14185 14200 14204 14210 14221 15410 15411 15419 15439 15511
ropes: 2897 2903 12667 13956 15409 15416
rose: 2978 3957 4075 5475 7354 12342 13054 13809 14305 14413 15290 15329
roses: 2645 11058
ross: 835 7706 14834
rostrated: 7990
rosy: 320
rotation: 8764
rotund: 8280
rough: 1739 12454 12782 15018
roughly: 4044
round: 566 712 806 997 1160 1355 1511 1535 1549 1654 1785 1934 1939 1957 2008 2031 2316 2505 2577 2621 2807 2915 3125 3201 3539 3588 4056 4153 4277 4481 4531 4678 4761 4845 4858 4976 5047 5373 5451 5453 5613 6138 6296 6550 6914 7019 7584 7591 8094 8186 8707 8765 9023 9071 9253 9277 9285 9286 9415 9426 9430 9441 9616 9869 10366 10558 10771 10838 10943 11288 11358 11359 11943 12116 12161 12188 12196 12210 12288 12634 12797 13041 13198 13220 13232 13245 13464 13582 13586 13809 13816 14034 14171 14195 14287 14402 14632 14673 15106 15133 15444 15498 15575
rounded: 6620 13954
rounding: 7068 10443
roundingly: 14782
roundness: 237
rounds: 2910 9100 9513
rouse: 2322
roused: 1232
rouses: 8497
route: 11844
row: 6980 7471 7558 10016 10020 10025 14028
rowed: 13409
rowing: 12197 12257 15502
rowlocks: 12587
rows: 1355 6316 13070 13873
royal: 328 638 1127 3760 6667 6677 6689 6920 8450 10068 10609 10613
royals: 12993
royalties: 10502
royalty: 7516 8546
rub: 1160
rubbed: 5515 6166
rubbing: 2337 9198
ruddy: 6999
rude: 1545 1941
rudely: 1558 7391
rudeness: 2362
ruefully: 15008
ruffed: 15098
ruffled: 8869
ruffles: 13947
ruggedest: 7331
ruggedness: 6825
ruin: 457 5274
ruined: 6901
ruins: 1381 10920
rule: 6760 8105 12542
rules: 3594 8821 12054
ruling: 4745 11882
rumbling: 2983
ruminated: 5267 6754
ruminating: 1590
rumour: 2811
rumours: 10159 10161 10170 10174 10191 10197 10246 14369 15390
rumpled: 7461 12157
run: 519 1203 1522 2605 3259 4059 4102 5240 5255 6385 6753 6891 7700 8069 9449 9584 9590 9619 11341 13354 13740 14116 14244 14267 14453 14804 15491 15557
running: 2077 2291 3752 4010 5224 5269 5282 5297 6017 7207 7243 8909 9294 10455 11311 11780 12424 12577 12589 12871 13390 14241 14539 14667 14879 15448
runs: 3119 3251 14536
rural: 13940
rush: 3240 4197 4756 4995 5301 9592 10581 14125 15303
rushed: 847 4050 11397 12584 13000 13957 14157 14402 15302
rushes: 776 9418
rushing: 4423 5248 5710 6464 7213 12616 14893
russian: 11692 11732
rust: 4926 4932 13161
rustle: 11084
rustlings: 11011
rusty: 1516
s: 241 408 610 733 827 859 903 1405 1487 1488 1489 1490 1575 1584 1639 1697 1739 1797 1809 1810 1823 1824 1846 1850 1875 1880 1881 1882 1904 1905 1906 1907 1916 1917 1983 2007 2011 2012 2028 2201 2202 2210 2315 2442 2490 2967 3080 3083 3104 3116 3117 3120 3134 3135 3151 3166 3175 3217 3811 3878 3927 3933 4011 4089 4251 4280 4293 4330 4337 4351 4362 4373 4599 4671 4675 4841 4987 4988 5019 5022 5023 5073 5079 5083 5085 5088 5089 5094 5114 5117 5124 5126 5165 5206 5215 5217 5229 5247 5253 5261 5262 5271 5272 5275 5279 5286 5287 5293 5294 5312 5342 5346 5503 5504 5508 5561 5563 5565 5595 5630 5733 5745 5749 5750 5756 5766 5779 5782 5784 5802 5820 5830 5833 5849 6018 6051 6081 6084 6123 6124 6155 6182 6409 6456 6511 6691 6995 7048 7067 7447 7449 7452 7453 7455 7464 7470 7473 7475 7476 7477 7478 7480 7481 7483 7485 7491 7495 7557 7558 7560 7566 7572 7602 7603 7611 7633 7637 7645 7647 7792 8350 8547 8625 8626 8635 9118 9219 9299 9312 9324 9340 9350 9436 9574 9578 9592 9603 9610 9619 9652 9670 9671 9672 9673 9679 9680 9684 9697 9719 9755 9761 9765 9767 9772 9785 9795 9801 9812 9820 9861 9868 9871 9897 9900 9947 9960 9970 9973 9978 9997 10003 10068 11017 11103 11689 12181 12235 12241 12249 12281 12290 12299 12300 12301 12307 12309 12509 12510 12512 12516 12594 12613 12755 12779 12813 13278 13475 13697 13698 13699 13707 13713 13719 13860 13876 13948 14006 14008 14028 14229 14296 14312 14413 14824
sabbath: 1011 1897
sabbee: 2190 2191 2193
sable: 7067 8285
sachems: 4513
sack: 3878
sacked: 2740
saco: 1057
sacred: 307 2682 2710 7168 10644 10650
sacrifice: 10644 11867
sacrificial: 2117 4433
sad: 10501 12296 14841
sadder: 10492 10500
saddest: 10917
sadly: 1075 1387 3761 5189 5635 8364 8893
sadness: 324 13216
safe: 1866 3955 4058 5231
safely: 3961 4102 12685
safety: 5961 6455 6483 13554 13665
safetys: 15489
sag: 3764 3808 3908 15012
sagacious: 5415 15185
sagacity: 4408
sage: 4782
said: 314 398 635 752 853 1303 1326 1598 1608 1618 1803 1823 1831 1843 1846 1848 1853 1875 1912 1926 1982 2163 2177 2207 2217 3040 3430 3588 3602 3676 3712 3831 3915 3933 3943 3952 4019 4022 4265 4268 4278 4280 4304 4361 4537 4619 4629 4632 4654 4671 4803 4841 4844 4847 4850 4852 4858 4947 4953 4964 4979 5027 5030 5037 5100 5111 5204 5258 5297 5312 5315 5318 5325 5393 5406 5430 5437 5444 5496 5502 5508 5509 5526 5530 5540 5544 5587 5590 5604 5632 5655 5685 5715 5718 5723 5729 5735 5746 5749 5753 5756 5805 5818 5828 5833 5849 5862 5873 6001 6018 6030 6032 6037 6041 6045 6051 6061 6064 6071 6074 6100 6117 6119 6122 6182 6207 6215 6223 6228 6830 6837 6865 7113 7261 7273 7310 7415 7427 7435 7441 7590 7596 7719 8149 8741 8787 9052 9136 9235 9242 9244 9264 9354 10312 10695 11235 12204 12216 12478 12520 12600 12721 12735 12747 12754 12783 12816 13174 13265 13478 13561 13723 13889 14035 14096 14105 14118 14195 14210 14292 14299 14308 14511 14527 14535 14547 14630 14734 14791 14792 15187 15348 15357
sail: 523 899 977 1239 1273 1593 1905 3139 3147 3152 3156 3833 3841 3956 5050 5127 5687 5875 5911 6005 6170 6350 6407 6461 6565 8770 8774 8805 9528 9625 9885 10115 11086 11677 11696 11706 12578 12593 12619 12741 12949 12994 13016 13151 13521 13542 13566 14428 14445 14449 14486 14488
sailed: 1265 3085 4798 4976 5115 5997 6359 6593 6601 7209 7256 7306 7454 7781 8176 8867 10181 10453 10542 11229 11302 11610 11734 12294 13568 14494 15193 15357
sailing: 5001 5510 5907 6568 7127 10117 10216 10525 10941 11314 11718 13238 13341 15134
sailings: 4532
sailoe: 9717 9793 9905
sailor: 1125 1142 1163 1182 1193 1717 2578 2649 2861 2904 5446 5763 5856 6959 7260 7507 8627 8629 9749 9758 9770 9782 9799 9805 9810 9816 9827 9845 9852 9864 9875 9883 9893 9915 9937 9943 9951 9958 9966 9985 9995 10001 10005 10012 10023 10034 10046 10752 10969 12010 13010 13769 13899 14309 14345 14490 14520 14535 14737 15030 15049 15412
sailors: 1188 1553 1718 2555 2670 2671 3110 3130 3261 3796 3808 4715 5349 5822 6017 6099 6248 7087 7390 8147 8257 9708 10176 10177 11923 12123 12190 12786 12863 13115 13311 13377 13720 13958 14994
sails: 4196 5894 5895 6172 6312 9391 9394 10056 10456 10688 11715 12561 12993 12998 13163 13653 14899 14957
saint: 8806
saints: 13511
saith: 449 7513 8177
sake: 1754 2167 3290 5241 5255 5363 6463 11577 12852 13509 15489
sal: 1908 1912
salaamed: 3634
salad: 6751
saladins: 14584
salem: 2648
saline: 8585
salisbury: 13270 13276
sallied: 2533 2665 4433 5478
sallies: 15535
sallow: 318
sally: 1283
salt: 1106 4157 4315 5640 6748 6749 8660 8724 9949
salted: 1117 4313 13601
salts: 8169
salutation: 13273
salutations: 11495
salutes: 6595
salva: 3399
salvation: 6294 14245
sam: 1908 1910
same: 607 893 993 1093 1158 1189 1191 1270 1895 1958 2072 2073 2240 2241 2504 2660 2827 2955 3168 3488 3549 3844 3845 3979 4141 4450 4523 4705 4714 4757 5113 5383 5549 5600 5667 5668 5864 5927 6021 6290 6641 7116 7120 7534 7741 7793 7892 8012 8015 8166 8170 8268 8437 8534 8853 9096 9128 9212 9236 9464 10278 10351 10613 10617 10630 10705 10795 10837 10855 10965 11035 11257 11260 11433 11434 11843 11957 11958 12068 12097 12158 12390 12790 12857 12966 13014 13037 13117 13357 13393 13594 14135 14586 14621 14693 14723 14780 15050 15051 15175 15179 15215 15216 15225 15328 15457
samphire: 12131
samuel: 876 879 2720
sanctity: 2922
sand: 1072 4109 4110 4148 4352
sandpaper: 12454
sands: 2652 2800
sandwich: 11670
sane: 10510
sanely: 10484
sang: 2153
sanguinary: 4714
sanity: 9604 10480
sank: 3784 9392 15294 15329
santa: 5788
sapling: 3754 9372
saplings: 4000
saratoga: 14653
sarmon: 1876
sartain: 1850
sartainty: 1609
sat: 755 1589 1970 2336 2504 2515 2676 3463 3536 3545 3579 3774 4824 5013 5017 5305 5309 5331 5625 5898 6115 6129 6166 7510 10526 12356 12636 12656 12658 13731 13772
satans: 9428
satiety: 9912
satinwood: 2464
satisfaction: 1156 8621
satisfactory: 1953 2067
satisfied: 2160 11652
satisfy: 5878 7728 12392
saturday: 1263 1819 1896
saucepans: 5916
saucers: 14731
saul: 11685
sauntering: 4434 5479 5702
savage: 1514 2079 2086 2104 2384 2767 3463 3544 3594 3733 3752 3795 4003 4732 5124 5415 6595 7085 7561 8195 8266 8697 11005 11531 11922 11942 12372 13042 13639 14423 14451 14736 15036 15040 15049 15050 15054 15056 15232
savageness: 11943
savagery: 15035
savages: 915 2326 2357 2557 3503 5510 6598 8674 11450 12043 14428
save: 1997 2168 2648 3292 4825 5681 5689 6267 9862
saved: 4066 5969 6639 14326
savoury: 4307 4324 8129
saw: 511 517 562 597 681 731 737 849 914 939 947 1092 1365 1693 1966 1994 2020 3005 3468 3795 4065 4139 4351 4449 4497 4527 4572 4816 4856 5536 6099 7238 7592 7712 8270 9679 9921 10003 10712 10715 10757 11458 11459 11600 11718 11985 12679 12820 13011 13124 13708 13776 15104
sawed: 4245
saws: 703 1510
saxon: 251
say: 322 526 563 1037 1097 1119 1372 1742 1818 1999 2146 2215 2240 2358 2464 2482 2491 2517 2628 2631 2787 2840 2951 3423 3641 3671 3943 4019 4022 4226 4389 4554 4603 4619 4794 4802 4905 4922 4938 4954 4989 5024 5107 5178 5187 5205 5333 5563 5566 5592 5606 5637 5766 5776 5801 5831 6269 6303 6306 6361 6379 6392 6452 6510 6600 6661 6700 6988 7120 7246 7292 7409 7471 7566 7621 8071 8103 8145 8194 8390 8536 8590 8693 8773 8974 9021 9219 9290 9581 9686 9773 9785 9802 9813 9836 10133 11107 11209 11257 11457 11465 11512 11779 11802 12020 12177 12218 12260 12482 12483 12489 12517 12738 12782 12883 13279 13333 13380 13443 13452 13714 14001 14018 14022 14038 14187 14196 14199 14680 14708 14995 15350 15542 15573
sayest: 10977
saying: 1743 1913 2164 4089 4331 4689 5248 5490 5515 5575 6068 6184 6307 7598 8492 9453 10759 13784 13904 14085 14242
says: 1394 1412 1623 2798 3152 3173 3174 4293 4363 4373 4841 7585 7587 7594 7602 7603 7605 7606 7607 7637 7673 7679 7716 8499 11745 14779
scabbards: 8727
scalding: 1601 12620
scale: 14676 14686 14839
scales: 1150 6554 14584
scalloped: 11340
scalp: 2048
scalping: 8668
scandinavian: 4725 7196
scanning: 899 3494
scar: 7245
scarce: 2442 3019 3302 5309 6884 7895 9054 13936
scarcely: 379 2823 4312 6621 8731 11659 12585 14623
scarcity: 7902
scared: 2553
scarred: 11506
scatter: 10062 13712
scattered: 2172 2670 2979 4902 12462 14871
scene: 1489 2766 3992 11624 12008 12853 14218 14268 14621 14874 14955 14967 14996 15402
scenery: 10970 13872
scenes: 3733 14814 14841 14855 14922 15013 15404
scent: 3152
scepti: 11671
scepticism: 14832
sceptre: 3835
scheme: 11252 14120
scheming: 11373
scholar: 11517 14480
scholars: 9871
school: 215 230 4451 12091
schoolboys: 9581 14701
schoolmaster: 1140 1142
schoolmasters: 8212
schooner: 3879 3956 4058 5351 14497
schooners: 1113
schoutens: 521
science: 7697 7786 15199 15200
scientific: 7725 7748 7749 8967 8975 14587 14660 14704 14713 14723 14743
scientious: 6816
scimitars: 8727
scolding: 4262 4275 4297 5238
scorched: 7229 10533
scorching: 2119 6449 11380
score: 5969 6559 9160
scores: 1069 2565 6600
scoresby: 771 7673 7705 7714 7716 10301 14708 14839 14937
scoria: 2610
scorn: 3093 11955 14456
scornful: 7426 13378
scorning: 4486 10726
scotch: 2485 6305 14628
scoundrel: 13962
scoured: 7073
scout: 11545
scouts: 6547
scowl: 4535 4661
scragg: 8317
scraggy: 2609
scrape: 1442
scraping: 2417 8065
scrapings: 13350
scratch: 2325
screaming: 6428 12562
screen: 8943
screw: 9256
screwed: 2111 3193 5389 11143 13125
screwing: 9253
scribed: 15403
scribes: 15385
scrim: 5787
scriptural: 5641
scripture: 4719
scriptures: 3046 4832
scroll: 2958
scrolls: 12958
scruples: 4766
scrutinising: 3147
scrutiny: 1938
scud: 2945 12464 12648
scuffling: 14082
sculpture: 14609 15052
sculptures: 14580 14593
scupper: 13673
scuttle: 6092 7384 7395 7447 8483 8500 9755 9818 11080 11082 14051 14067 14157
scuttling: 12767
scythes: 3902 15144
sea: 365 374 379 381 383 406 473 484 488 489 557 605 682 712 718 761 856 962 988 1079 1082 1097 1100 1103 1106 1125 1147 1154 1163 1182 1193 1487 1644 1671 1678 1694 1719 1927 2238 2453 2454 2500 2547 2589 2625 2896 2940 2956 2983 2991 2994 3047 3051 3052 3087 3229 3231 3239 3248 3282 3290 3298 3299 3321 3328 3376 3380 3795 3839 3852 3926 3977 4015 4125 4147 4151 4157 4162 4163 4170 4179 4183 4188 4486 4570 4627 4725 4795 4876 5067 5640 5678 5952 5997 6221 6226 6476 6608 7076 7137 7173 7202 7253 7257 7271 7307 7350 7370 7512 7517 7533 7698 7744 7769 7835 7948 7967 8148 8150 8166 8202 8239 8379 8386 8429 8530 8553 8560 8724 8844 8850 8857 8866 8869 8902 8955 9075 9081 9095 9627 9643 9939 9949 9972 10171 10179 10231 10355 10522 10769 10893 10895 10941 11010 11117 11142 11492 11559 11618 11697 11727 11817 11818 11822 11849 11854 12021 12131 12189 12357 12379 12429 12502 12549 12573 12636 12650 12664 12675 12905 12963 13064 13076 13083 13155 13169 13185 13255 13277 13327 13342 13349 13609 13658 13742 13751 13975 14285 14379 14399 14438 14481 14497 14503 14618 14750 14869 14880 14885 14886 14899 14917 14963 14975 15045 15059 15148 15157 15172 15182 15192 15202 15210 15220 15225 15228 15233 15240 15247 15255 15282 15494
sealskin: 2042
seam: 7239
seaman: 4472 4574 6816 9424 13612 13758
seamans: 1945 6284 10755 14321
seamen: 1564 1708 2777 3508 3766 3853 4171 4528 7123 8764 8859 9215 9293 11079 12003 12970 13034 13189 13376 13484 13500 13665 13752 14231 14261 14981 15302 15415
seaport: 2589 13291
search: 3107 11194
searching: 13531
searchingly: 9416
seas: 418 563 637 1233 1240 1522 1878 2036 2080 2502 3096 3241 3368 3421 4114 6327 6463 6592 6876 7029 7720 7730 7793 7928 8068 8189 8215 8926 8995 10105 10284 10303 10346 10574 10713 10815 10911 10970 11320 11323 11829 12069 12394 12424 12523 12684 13042 13048 13055 13104 13267 13346 13573 13639 13944 14673 14738 15190 15331
season: 11258 11272 11285 11303 11313
seasoned: 4314 4452
seasoning: 6747
seasons: 4154 11149 11190 11240 11254 12437
seat: 1586 4323 6119 8947 12457 13410 13413 13805 15527
seated: 1017 2296 2496 2764 2854 4521 4696 4816 4861 7303 7514 8497 8686 8688 10220 13796 15548 15549 15578 15580
seating: 4276 11144
seaward: 1019 3774
seaweed: 7592
sebastian: 13513 13561 13894 14344 14511 14527 14539 14547
sebastians: 14521
sebond: 408
secluded: 7308 10104
seclusion: 4729 7173
second: 1188 1351 1779 2059 2453 2865 3379 3511 3966 5461 6204 6837 6938 7082 7406 7594 7922 8501 10960 11459 11612 13011 14339 14830 14878 15136 15488
secondly: 11471 11581 11626
secrecy: 13486 15285
secret: 5845 9040 10503 10541 10763 11209 12166 13480 13482 13502 14141 15331
secretly: 1196
secrets: 2800 10283 10742 10746
sect: 4710 4759
section: 14610
secure: 431 13236 14138 15137
secured: 4055 11782 13096 13113
securely: 4410
securing: 7088 14160
securities: 8882
security: 407
seden: 8730
seducing: 7359
seductive: 8994
see: 218 529 530 819 977 1014 1073 1093 1122 1223 1442 1812 1917 1940 1958 2006 2112 2365 2377 2412 2555 2563 2588 2631 2635 2765 2914 2935 3091 3109 3264 3548 3714 3755 4074 4106 4549 4562 4581 4582 4584 4601 4626 4653 4656 4669 4672 4678 4679 4938 5076 5082 5122 5212 5293 5326 5416 5581 5582 5863 5972 6017 6064 6068 6075 6083 6444 6474 6554 6703 6801 6839 6905 7147 7496 7624 7634 7640 7934 8262 8328 8408 8502 8686 8703 9041 9104 9111 9157 9192 9195 9226 9341 9356 9370 9378 9446 9537 9586 9606 9612 9974 10581 10917 10985 11120 11798 12112 12394 12420 12424 12499 12755 12923 13164 13341 13360 13946 14026 14199 14537 15063 15073 15091 15120
seeching: 2280
seed: 1640 2591
seeing: 1785 2100 2135 2315 2398 3670 3710 3808 3809 3881 3882 3946 4316 4677 4685 4838 6092 7598 8507 8675 8985 13334 13812 15558
seek: 2568 3138 3292 9367 10857 11186 11344 11590 13122 14258
seeking: 3076 4181 7400 9028 10395 11492 14401
seeks: 3080 3389 3390 6462
seem: 892 1687 2123 2461 2792 3486 3910 4073 4084 4773 6466 6886 6899 7131 7889 7986 8003 8145 8225 8843 9436 10535 10538 10850 11185 11187 11537 12709 12786 13282 13351 14135 14518 14696 14928 15393 15525
seemed: 599 1314 1354 1497 1649 1675 1779 1808 2068 2074 2119 2126 2293 2296 2297 2339 2350 2476 2673 2768 2876 2892 2900 2913 2951 2990 3327 3329 3330 3339 3469 3525 3585 3592 3612 3717 3869 3979 4046 4048 4050 4089 4426 4505 4518 4696 4828 4857 5013 5015 5016 5154 5185 5320 5358 5459 5865 5883 5950 6101 6160 6165 6229 6245 6271 6344 6448 6782 6790 6791 6797 6801 6814 6831 7000 7109 7162 7183 7220 7225 7253 7311 7327 7355 7372 7552 7555 7625 8564 8587 8652 8694 8735 9114 9202 9266 9297 9458 10098 10374 10458 10564 10569 10573 11156 11251 11275 11363 11397 11639 11659 11866 12010 12022 12029 12141 12149 12262 12341 12388 12431 12470 12481 12554 12575 12619 12638 12714 12959 12962 13028 13032 13050 13085 13121 13165 13192 13207 13214 13475 13630 14246 14334 14450 15133 15284 15295
seeming: 1700 3457 3799 4299 5881 10401 13027
seemingly: 1026 8660 9183 15568
seems: 483 1695 2829 2865 3505 3909 3919 4745 4797 5806 5909 6819 7630 7974 7980 8344 8508 9065 9329 9540 10448 10974 11019 11330 11743 11764 12444 12702 12715 13485 14297 14390 14805 14914 14920 14980 15382
seen: 303 601 696 906 1684 1859 2252 2292 2482 3365 3487 3577 3908 4062 4446 4730 5268 5446 5656 5754 5764 5860 5993 6223 6269 6788 7160 7162 7947 7966 8027 8044 8056 8066 8067 8194 9021 9063 9262 10107 10331 10354 10765 11025 11122 11141 11144 11151 11221 11263 11508 11607 11620 11906 12119 12333 12345 12352 12356 12376 12435 12469 12590 12649 12682 12960 12967 13010 13070 13177 13444 13848 14315 14400 14557 14733 14750 14851 14994 15136 15151 15279 15288 15345 15370
seer: 12082
sees: 3111 3238 3255 14504
seethe: 418 12297
seething: 3303
seethingly: 15144
seethings: 12959
seeva: 9887
segment: 1512
seize: 9378 10839 13452 14117
seized: 5261 8664 10447 13195 14163 14403
seizing: 10393 14179 14427 14919
seizings: 9482
seldom: 603 1684 5218 5898 8066 8188 8406 9136 10113 13094 13675 14721 15066
selected: 7058 11315 12120
selectest: 6929
selecting: 4389 5628
selection: 4390 4407
self: 650 2483 2935 3096 3412 3497 3505 3706 4757 5306 5364 9201 10468 11387 12011 12399 13037 13446 15555
sell: 1813 1816 1824 1850 1881
sellin: 1882
selling: 1868 1898
sells: 1552
selves: 6585 8940 9183 13074
semblance: 11512
semble: 10513
semicircular: 12881
senate: 860
senators: 3417
send: 877 4114 7331 7529 9134 9140 10647
sending: 2254
seneca: 1143
senior: 7249 8365
senor: 13855 13895 14481
sensation: 15338
sensations: 2246 2312
sense: 1136 2244 2358 5358 5414 7004 8227 11913 13039 15210
sensible: 3542 4783 5415 5472
sensibly: 13541
sensitive: 4247
sent: 4004 5304 5452 6328 7149 7247 7507 14746
sentence: 467
sentences: 14006 14151
sentiment: 6844 9028
sentimental: 8283 9719
sentinelled: 7388
sentinels: 1014
sentry: 8897
separate: 1083 7134 7714 7789 8288 10116 11245 11426 14134 14606
separated: 15141
separately: 9232 10694 13341
separating: 12575 14168
sepulchral: 4924 7255
sepulchre: 11949
sequential: 6585
serene: 3717 8860 10388 12957
sereneness: 7529
serenest: 2953
serenity: 3526 8994 13045 15276
series: 1457 1773 8868 14940
serious: 2341 3115 4756 4757 14530 14874
seriously: 2891 7260
sermon: 91 2976 3061 3143 3227 3310 3395 5560
sermonisings: 12258
serpent: 363 364 9432
serpentines: 15570
serpents: 11449 12611
serried: 13593
servant: 8429
servants: 8646
serve: 7684 14791
served: 1157 1693 2100 4308 4565 7028 7445 8562 13017
serves: 656
service: 1319 4558 4561 4563 4564 4633 6237 6301 12866
set: 523 906 1042 1219 1226 1509 1645 1744 2456 2500 4422 6312 6616 6918 7048 7136 7186 7388 7431 7803 7864 8229 8345 8736 8815 9648 10531 11149 11280 11283 11677 11739 11820 12290 12578 12741 12993 13163 14574
seth: 2718
sets: 2105 11188 15225
settee: 6142
settees: 6133
setting: 724 4141 11524 11714 12455 14428 14444 14969
settle: 1589 1768 2249 4424 4862 7783
settled: 3867 4129 4710 7809 8750 11606 12364 13632
settlement: 6638
settlers: 6679
settling: 13437
seven: 330 580 4925 4929 4936 4938 4939 4940 4947 4969 6294 6565 8578 14108
seventeenth: 11694
seventh: 2647 4925 4930 4939 4947 4970 6295
seventy: 4925 4930 4936 4938 4940 4947 4970 6295 7723 10579
several: 541 2285 2677 2779 4430 4558 5911 6189 6638 7159 7987 8890 10128 10366 10371 11286 11473 11601 11640 11760 11772 11790 12950 12973 13651 14705
severest: 11608
seychelle: 11269
shabbiest: 8412
shabbily: 5706
shabby: 1213 1548 14036
shad: 4786 7791
shade: 2237 2238 4118 13871
shades: 1460 2464 3539
shadiest: 1056
shadings: 11145
shadow: 2835 7973 10228 10968 11886 13883
shadowed: 14605
shadows: 1461 1686 6018 7969 9397 11030 11155 12083 12333 12573 12649
shadowy: 5876
shady: 1028
shaft: 5214 10577 15551
shagginess: 8467
shaggy: 1646 1963 2456 2668 3721
shake: 3421 5363 8691 9898 9968 10155 10984
shaken: 11761 15533
shakes: 769 1065
shaking: 1409 2763 6032 8502 9895 11013 12722 13843
shall: 325 332 363 364 586 1866 3029 3190 4557 4922 4931 5028 6523 6722 6725 6839 6913 6915 6916 6917 7147 7658 7761 7815 7845 8024 8103 8308 8312 8471 8884 9213 9481 11339 11425 12499 12784 13509 13565 13626 14044 14566 14630 14734
shallowest: 8415
shallows: 15159
shalt: 6905
shameful: 6901
shant: 1735 6083
shape: 4506 7964 8119 8279 8905 8940 14760 14773 15245
shaped: 1511 7226 7831 8487 10398 15444
shapes: 12044
shaping: 12876
share: 3846 4898
shared: 10868 13313
shares: 4699 4866
sharin: 1574
sharing: 3720
shark: 4348 4626 5646 8269 10677 10684 10703 10709 15186
sharked: 6604
sharkish: 5647 9627
sharks: 702 7403 7791 8202 10236 12523 15045 15051 15245
sharp: 1388 2422 4483 5121 5583 5899 6082 6295 7639 7964 8060 8518 9226 9294 9295 11107 12247 12480
sharpen: 8712 10939
sharpened: 4315
sharpening: 5021
sharper: 12553
sharply: 4859 13056
shattered: 8707
shaved: 3482
shavings: 1751 1757 2114 2117 3632 4433
she: 727 808 821 822 826 2283 2820 3770 4265 4283 4360 4363 4369 4450 4469 4477 4479 4487 5226 5233 5261 5267 5270 5272 5282 5293 5950 5952 5969 5973 6018 6170 6172 6458 6460 6591 6647 8769 8772 8775 9534 9603 11273 11600 11606 12086 12087 12109 12211 12985 13000 13152 13296 13301 13308 13365 13366 13471 13472 13522 13525 14341 14342 15299
sheaf: 14712
shearing: 9260
sheath: 2578 3885 12873
sheaves: 4486 12187 15444
shed: 2948
sheep: 6302 9260
sheepfold: 2507
sheepishly: 2505
sheeps: 11341
sheer: 11386 12269
sheered: 5652
sheet: 1600 4041 12593 14990 15073
sheeted: 8151 10967 13653
sheets: 2269 3698 7461 13410
shelf: 1541 1941 1948 8520 8913
shell: 9118 10431 14885 15045
shells: 3381 4345
shelves: 1548
shepherds: 1066 1067
sherbet: 7353
sherry: 320
shetland: 533 7128
shield: 15054
shields: 14582
shifted: 9969 14373 15485
shifting: 3906 10577 11155
shiftings: 11012
shilling: 1562
shin: 8584
shine: 351
shining: 2274 6905
ship: 105 500 519 523 748 838 881 897 914 918 990 1081 1501 1593 1641 1679 2115 2455 2725 2895 2912 2943 2950 2951 2967 2994 3077 3080 3087 3108 3121 3124 3138 3194 3222 3229 3230 3233 3243 3251 3292 3364 3413 3764 3765 3769 3775 3844 3908 3924 3948 4312 4380 4390 4395 4419 4444 4450 4501 4514 4590 4597 4665 4682 4686 4694 4703 4780 4842 4870 4876 4961 4966 4976 5000 5028 5046 5052 5059 5066 5148 5489 5558 5633 5675 5699 5715 5718 5761 5808 5873 5910 5938 5962 5988 5997 6005 6065 6225 6241 6263 6286 6288 6356 6357 6358 6389 6427 6453 6533 6536 6590 6596 6635 6636 6640 6642 6646 6730 6848 7028 7163 7182 7186 7199 7206 7213 7306 7405 7534 8176 8353 8390 8599 8692 8805 8857 8870 8923 8947 9020 9031 9074 9395 9945 9955 10369 10456 10552 10941 11155 11229 11367 11439 11595 11598 11604 11611 11618 11626 11636 11640 11654 11696 11703 11705 11714 11726 11731 11747 11757 11776 11778 11781 12021 12109 12121 12136 12294 12388 12590 12649 12663 12676 12687 12745 12994 13008 13072 13104 13115 13142 13169 13172 13177 13187 13191 13218 13295 13299 13308 13377 13402 13408 13424 13485 13505 13533 13548 13550 13599 13604 13665 13708 13769 13995 13999 14073 14117 14249 14284 14362 14433 14441 14444 14557 14570 14663 14745 14752 14873 14900 14957 14963 14977 15412
shipboard: 1115 8346 9137
shipmaster: 8551
shipmate: 4837 4857 5263 5735 6359 11103 11107 14292 14301 14312
shipmates: 1676 1695 2736 3040 3044 3053 3084 3091 3154 3159 3161 3242 3274 3317 3321 3345 3383 3386 3406 5699 5824 5835 5847 7393 13637
shipowner: 4788
shipowners: 9017
shipped: 2079 5074 5699 5713 5819 6170 7089 7104 7279 9288 14026
shipping: 3095 4433 4547 4579 4906
ships: 359 925 1018 1035 1112 2948 2957 2959 3188 3888 3961 4151 4172 4180 4184 4435 4519 4566 4860 4873 4903 5510 5584 5593 5600 5897 5905 5932 6201 6268 6457 6558 6567 6617 6634 7094 7288 7744 8286 8371 8387 8408 8524 8656 8737 8848 8866 8972 9013 9036 9143 9414 10300 10313 10771 11150 11238 11567 11776 11824 11855 12170 12191 12194 12322 12680 12903 13280 13341 13343 13353 13367 13378 13400 13430 13567 13640 13742 13745 13849 14244 14277 14431 14488 14494 14759 15216 15226 15235 15350
shipwreck: 646 748
shipwrecked: 10972 11611
shipwrecks: 13602
shipyards: 3798
shire: 2566
shirr: 10075 10076
shirt: 1260 1980 2075 2239 4263 4298 14414
shiver: 6652
shivered: 9512
shivering: 4023 6328 6442 10972 12662 14943
shiverings: 1409
shivers: 7217
shoal: 821 11601 11603 11646
shoals: 698 8238 8841 9056 10942 11202 13205
shock: 2291 9258 9472 11722 11748 11756 11760 11763 11768
shocked: 9464
shocking: 6885
shocks: 10803
shoes: 2984 4120 4121 8423 8510
shone: 648 2866 3026
shook: 2334 10740 11643 13805 13825 13952
shoot: 8956 8957
shooting: 4067 5121
shoots: 3304 9644
shops: 14734
shore: 119 435 501 941 976 2650 2728 4107 5063 6189 6211 6241 6436 6461 6472 6478 9070 10544 11656 13564 14441 15180
shored: 13583
shoreless: 6481
shores: 631 6634 7126 10182
short: 899 1220 1762 2209 3653 3845 3893 4214 4785 5351 5413 5896 6313 6314 6977 6999 7026 7817 9048 9426 11641 12390 12507 12508 12616 13472 14122 15511 15513
shortly: 2661 9093 13197 15402
shot: 929 6345 7206 7363 7534 8954 9380 11365 12620 13009 13733
should: 519 592 783 1044 1160 1193 1432 1434 1579 1630 1679 1717 1731 2321 2588 3362 3428 3530 3591 3688 3995 4147 4390 4393 4424 4647 4877 5076 5178 5299 5472 5477 5860 5951 6444 6510 6741 6870 6891 7261 7263 7475 7588 7772 8194 8226 8380 8717 8893 8939 8985 9575 9604 10323 10326 10328 10809 11027 11321 11332 11767 11822 11914 11929 12414 12755 12786 12792 13280 13368 13380 13396 13551 13635 13760 14119 14125 14252 14605 15483
shoulder: 1160 6064 6074 12542
shouldered: 4895
shouldering: 1304
shoulders: 513 1683 3722 3914 4064 6023 7584 12399 12416
shout: 9181 9297
shouted: 1826 2167 2180 9238 9280 9284 9293 10095 14089 14341
shouting: 3259 12176 12500
shouts: 7637 10093
shoved: 9339 14159
shovel: 13739 13767 13786
shovels: 5916
shoving: 5719
show: 2379 2474 2476 2596 4126 4935 5410 5500 5504 6238 7709 10282 11218 11220
showed: 1894 2071 3404 3986 6596 7293 12196 12223
showers: 13057
showest: 9887
showing: 8111 10007 14716
shown: 3320 6626 8059 14784
shows: 3253 8612
shrewdness: 11913
shriek: 9080
shrieked: 14152
shrieking: 3235 3327 13604
shrieks: 2672 3245 13118
shrine: 2109
shrines: 6551
shrink: 11044
shrinked: 5651
shrinking: 10064
shrivel: 9614
shroud: 3248 7287 9133 9188 10836 11063 13100
shrouded: 5868 10351 10683 10944 14866
shrouds: 755 7284 7418 8491
shudder: 6459 13136 15532
shuddered: 1513
shuddering: 2085 3375 5444 8669 12559 13207
shudderingly: 2307
shuffle: 9787
shuffling: 2984
shun: 10511
shunned: 6634 8841
shut: 3700 4121 4425 8754 9120 14099
shuttle: 12016 12023 12030 12050
shy: 7975
shyness: 13320
siam: 10612
sibbald: 7703 14628
sibbalds: 547
siberia: 2487 4455
siberian: 11733
sich: 4367
sicilian: 9805 9905
sick: 1103 5080 5081 5766 14042
sickle: 1511 10398
side: 460 700 1387 1454 1541 1666 1970 2197 2215 2326 2678 2894 2908 2939 2980 3193 3205 3758 3771 3776 3957 3960 4042 4061 4245 4366 5267 5287 5577 5677 5880 6153 6424 6631 6682 7028 7228 7283 7493 7510 7660 8142 8285 8943 8946 8981 9414 9939 9989 12150 12191 12195 12557 12597 12710 12907 12992 13206 13862 14163 14181 14277 14785 15143 15234 15473 15581
sided: 8154 12338
sidelong: 9528
sidered: 7885
sidering: 11874
sides: 383 1103 1399 3243 5130 7570 8801 9289 12266 13160 13360 13429
sideways: 2764 3989 7634 9468 12017 12052 13437
sigh: 2269
sighed: 12222
sighs: 1065 1436
sight: 1009 1081 1967 2009 2506 2508 2727 2783 3548 4140 4196 4258 4760 5585 5861 6902 8686 8806 8818 10147 10236 10329 10912 10961 11251 12268 12420 12426 12548 12560 13154 13164 13210 13442 13602 14752 15092 15122 15319 15361 15429
sighted: 9048
sighting: 13489
sights: 1236 2563 3548 3576 13060 13240 15091
sign: 1311 1349 1361 1365 1382 1800 4688 4892 5276 5309 5606 6222 7220 11017 11289 12280 12460 12496 12649 12658 14245 14733
signal: 13985
signed: 5723 5820
significance: 5106 10845 14750
significant: 2802 7901 10628 11797
significantly: 11585 11912 13678
signification: 233
signifies: 2932
signifying: 8324
signing: 5044 5604 5904
signs: 2352 3554 3612 12223
silence: 2499 2671 8579 9379 9629 11085 12484 12959 12974 13119
silenced: 3603
silences: 13082
silent: 1014 2295 2673 2674 2676 3540 3961 5205 5229 7394 8863 10709 10944 12010 12960 13014 13115 13188 14319 15577
silently: 3336 9485 12332 12378 13775 15294 15358 15570
silk: 1743
silken: 1413 13595
sill: 1770
silly: 469 7564 8631 13350
silver: 1074 1302 2949 3600 5789 5872 10733 12251 12958 13057
silvery: 12959 12960 12975 13009 13947 15278
simeon: 7801
similar: 2027 2100 2248 2313 5610 8213 10234 10372 10939 11458 11627 11686 13210 13258 15404
similarly: 7022 7831
similitude: 8012 8014
simoom: 11325
simple: 1125 3333 3468 3594 4622 8706 13714
simplicity: 3505
simply: 5462 6844 7763 8365 9328
simultaneously: 8768 9511 12356
simultaneousness: 15556
sin: 3056 3064 3075 3161 3322 3324 3416 13078
since: 448 1242 1678 2286 2890 3288 3552 3668 3820 4363 4367 4782 5123 5217 5229 5269 5432 6700 7041 8049 8368 8617 9347 9547 9670 10403 11211 11607 11619 14215 14558 14580 14585 14875 15248 15423
sincerity: 2922
sinewing: 9342
sinews: 10420
sinful: 3054 3055 3312
sing: 707 824 2126 8804 8805 9014 9159 9227 9762 12488 14251
singing: 2046 2127 3036 6271 8705 8817 9711
single: 1165 2300 3497 4763 5333 6580 7242 7937 7977 8831 10115 12026 12289 12974 13345 14865 15051 15492
sings: 9722
singular: 3510 7282 12113 13204
singularly: 4719 8800
sinister: 5211 8141
sink: 4983 5675 6288 11595 13995 13999 14000
sinking: 7535 10387 15385
sinner: 3349
sinners: 3064 3348 13886
sinuated: 7255
sionary: 5559
sioneer: 8363
sir: 442 452 515 620 731 813 817 821 826 1870 1871 3139 3149 3173 4014 4552 4557 4581 4587 4610 4620 4629 4637 4647 5548 7428 7429 7435 7436 7701 8173 8177 9136 9241 9697 9698 10956 12209 12216 12286 12292 12401 13723 13899 14027 14345 14475 14520 15348
sire: 10502
sires: 4274 7077
sirs: 14355
sister: 2700 3927 5275 5948 5959 6283
sit: 321 450 3350 3356 6112 6117 9500 13426 14383 15503 15552
sities: 7659
sition: 13942
sits: 8537 10495 10498 13409
sitteth: 10657
sittin: 5315
sitting: 1354 2194 2532 2673 3443 3664 3696 5322 5348 5359 5376 8484 8631 9524 12798 13125 13274 14275
sity: 12048
sive: 1202 1312
six: 399 767 1682 6014 6451 7106 7400 10396 13170 13550 14425 14477 14943 15539 15540
sixteen: 2271 2273 8110 8137 9194
sixth: 521 11805
sixty: 399 2807 4791 6581 11311 11317 13864
size: 382 8092 9582 15505
sized: 668 14542
skele: 14772
skeleton: 3740 4144 11841 13159 14764 14774 14780
skelter: 12623
sketches: 14925 15013
sketching: 14936
skewer: 12543 15505
skewers: 12870
skies: 8472 10911 11047 15108 15120
skiff: 10578 14896
skill: 431 12421 15199 15201
skin: 1722 2029 2037 4348 6794 8912 9220 10010
skins: 13165
skip: 8662
skipper: 8408
skippers: 13633
skirra: 9684 9687
skirted: 5627
skirts: 9199
skrimshander: 1570 1741 15016
skrimshandering: 15027
skulking: 3094
skulks: 3079
skull: 2050 9541 9679
skulled: 9870
skulls: 13357
sky: 2666 3239 7304 9881 9886 9925 9974 11513 12972 13088
skylarking: 2438 5544
skylight: 8631
skysail: 8774
slabs: 4507 4510 15059
slacken: 14384
slackened: 14408
slain: 1528 5098 5449 11433
slamming: 5304
slanderin: 1837
slanting: 3327 7959
slantingly: 12039
slantings: 3367
slapped: 7614
slashing: 13710
slaughter: 13838
slave: 1153 3988 8527 13353 13377 13408
slaves: 13623
slavish: 3976 6478
slay: 364
sled: 12557
sledge: 2487
sleep: 1060 1104 1298 1578 1631 1710 1711 1717 1718 1720 1722 1735 1924 1991 2190 2204 3174 3220 3238 3637 4194 5369 5909 7418 7459 7484 8391 9076 9762 9824 11377 13487
sleepe: 2191
sleeper: 3246 6100 6111 6129 6130 14151
sleepers: 6114 6153 11101 12243
sleepiest: 10897
sleeping: 1680 1713 1725 1870 2320 2326 3499 3688 3858 5383 6162 7358 8732 13137
sleeplessness: 11299
sleeps: 407 482 1060 3238 4361 11351
sleepy: 1061 9779 13634 15065
sleet: 2667 2763 2876 8812 8927 8951 8964 8977 8992 13102 13126
sleets: 8934 8941
sleeves: 1980 2239 12802
sleight: 8519
slender: 7238
slept: 1905 2219 6097
slew: 11877
slewing: 13973
slews: 7584
slice: 8570
slid: 1992 7585 9921 12017 12398 15292
slide: 6092 12557 14051 14054 14881 15292
sliding: 4996 13955
slight: 2324 3196 14895 15507
slighter: 2984
slightest: 2501 4668 4935 5014 5334 7965 8568 13444 13812 15554
slightly: 2473 3194 3678 4005 6508 7968 8502 15408
slights: 3387
slime: 3052
slip: 1012 9077
slipped: 1692 5157 13112
slippered: 15286
slippering: 2281
slippery: 6535 14397
slipping: 2058 15506
slips: 2414 15590
slipshod: 4353
slit: 1957
sloop: 1285 11633 11674
slope: 2476 3489
sloped: 4510
slouched: 3094 7535 9150 13918
slow: 9533 10876 11146 13774
slowly: 940 2268 2288 2339 2915 3038 3148 3430 3723 6042 9198 9493 12950 13127 13152 13169 13809 13816 15143 15273 15293 15329 15342
sltbrars: 1
sluggishly: 15138
slumber: 6096 7392
slumbers: 7389
sly: 12709
slyly: 13668
smack: 8701
small: 668 1773 1921 2048 2273 2382 2498 2670 2892 3672 4032 4124 4311 4383 4451 4818 4915 5581 5708 5945 5956 6086 6284 6723 7015 7123 7571 7644 7696 7698 7747 7845 8260 8332 8449 8612 8695 8897 8968 9355 9616 9626 10013 10081 10109 10402 10724 12325 12389 12707 12870 13205 13318 13434 13546 13651 13668 14138 14435 14497 14610 14804 14839 14885 15059 15459
smaller: 7839 8050 8116 8220 12754
smallest: 3045 3190 8304 8564
smell: 573 2461 2650
smelling: 14155
smells: 4192 6757 10985 10989 11005
smelt: 1192 1952
smile: 3113 7179 7337
smiled: 10389
smiling: 13920
smite: 11674
smites: 9324
smith: 763
smithies: 14978
smitten: 10163
smoke: 1062 2150 3578 3584 3587 3596 3729 6995 7531 8828 8830 13962 14883 14977 14978
smoked: 4373 6982 7510
smokers: 6168
smoking: 2209 2210 2532 3713 3716 4309 5277 6395 6988 7522 7525 9859 12736 13511 15492
smoky: 1341
smooth: 3300 8487 10678
smote: 9328 10401
smothering: 13803
smuggled: 12294
smugglers: 3230
snakes: 15526
snaky: 7078
snap: 9972 12239
snapping: 4049 9432
snaps: 775
snare: 9420
snarles: 5276
snatch: 2569 10038 12533
snatched: 13798 14221
snatches: 2118
snatching: 4046 8666
snooze: 7478
snoozing: 9760
snore: 2323
snored: 7626
snoring: 12243
snort: 10986
snorting: 13686 15236
snortings: 3973
snorts: 9371
snow: 1251 1314 1854 2868 4121 6799 7354 10344 10613 10615 10643 10877 10961 10968 11335 11512 12431 13087 13102 13873 14944 15292
snows: 9897 11012 11038
snowy: 2945 8911 10814 10824 10838 14361
snuffed: 3973 8699
snuffing: 7074
snug: 1742 3668 8898 12799 13883
snugly: 4207 8885 8991
snugness: 3691 3701 6949
so: 317 325 492 604 654 781 782 783 784 795 833 953 1159 1177 1186 1189 1272 1286 1302 1328 1344 1373 1455 1521 1541 1547 1561 1576 1579 1583 1586 1630 1680 1743 1756 1765 1781 1813 1867 1872 1913 1983 2019 2066 2080 2107 2144 2164 2243 2266 2268 2274 2349 2360 2442 2516 2541 2601 2639 2778 2779 2802 2810 2859 2910 2989 3096 3127 3129 3164 3205 3206 3211 3218 3304 3431 3497 3531 3632 3656 3662 3668 3669 3671 3675 3710 3801 3807 3872 3881 3903 3911 3967 3991 3995 4032 4037 4039 4044 4102 4121 4164 4191 4195 4207 4246 4271 4368 4392 4514 4526 4589 4648 4654 4685 4689 4718 4747 4763 4824 4847 4888 4940 5001 5063 5081 5083 5084 5128 5154 5156 5179 5229 5248 5259 5315 5319 5320 5322 5325 5342 5358 5397 5405 5416 5437 5454 5472 5476 5515 5599 5619 5650 5860 5862 5908 5918 5995 5996 6005 6184 6228 6307 6336 6345 6356 6361 6400 6447 6461 6481 6485 6537 6539 6551 6584 6585 6748 6790 6828 6859 6868 6889 6898 6965 6994 7004 7006 7022 7087 7164 7181 7197 7216 7260 7262 7266 7285 7308 7314 7333 7372 7373 7387 7426 7445 7489 7495 7565 7672 7696 7747 7816 7901 7902 7941 7949 7986 8088 8103 8104 8105 8135 8151 8260 8275 8388 8463 8521 8569 8578 8592 8601 8620 8627 8696 8702 8739 8753 8845 8892 8893 8911 8939 8966 8973 8978 8980 8985 8991 9006 9039 9100 9109 9113 9164 9183 9201 9352 9398 9428 9436 9453 9455 9491 9540 9545 9556 9569 9671 9687 9737 9754 9837 9872 9900 9924 9945 10113 10172 10195 10231 10233 10246 10285 10308 10309 10336 10342 10350 10359 10445 10476 10482 10497 10498 10515 10523 10526 10531 10564 10566 10598 10682 10683 10699 10747 10748 10755 10793 10802 10809 10817 10884 10956 10958 10969 10984 10989 11034 11050 11061 11187 11196 11247 11253 11263 11273 11276 11299 11324 11375 11412 11461 11505 11506 11508 11511 11513 11541 11605 11674 11675 11699 11706 11737 11739 11756 11785 11801 11877 11881 11901 11965 11967 12007 12020 12076 12134 12149 12199 12234 12240 12261 12262 12266 12267 12277 12282 12307 12308 12310 12327 12391 12435 12500 12532 12604 12637 12652 12713 12794 12815 12830 12918 12952 12988 12989 12998 13008 13017 13044 13048 13098 13132 13154 13166 13170 13258 13263 13316 13341 13343 13345 13366 13407 13477 13497 13499 13501 13503 13541 13625 13630 13649 13667 13736 13763 13886 13905 13912 13918 13935 13937 13953 14028 14172 14199 14226 14243 14361 14370 14408 14436 14439 14456 14490 14517 14532 14554 14570 14609 14643 14742 14754 14782 14800 14804 14876 14882 14935 14946 15049 15074 15075 15094 15133 15145 15170 15192 15215 15233 15258 15275 15317 15362 15363 15421 15429 15431 15443 15453 15459 15460 15483 15501 15524 15569
soaked: 11104 12732
soap: 2410
sob: 9280 9297
sober: 1676 1960 2205 2924 14660
soberly: 2317
sociable: 3656 13282 13342 13364
sociably: 3499
social: 1242 2492 2504 3577 3596 8383 8549 8564 13399 13611
socially: 8746
societies: 4085
society: 1437 2543 6507
socket: 9491
sockets: 9494
socks: 7107
socratic: 3506
sodom: 3119
soever: 367 1111
sofa: 13413
sofas: 6133
soft: 1754 4625 4813 6114 9656 9921 10891 12486 12958 15422
softly: 2278 5205 6074 12240 12241 12514 15286
soggy: 1474
soil: 7243 9921 9969 15170
sojourning: 1529
solace: 10973 12444
solanders: 611
sold: 1880
soldiers: 6537 6539 12830
sole: 7264 8846 10218 13941
solecism: 10764
solely: 312 10930
solemn: 2993 3541 7179 8579 14548
solemnity: 2766 11719
solemnly: 4963 5626 5770 6750
soles: 1319
soli: 11261
solicited: 12859
solicitously: 12870
solicitude: 12873 13664
solicitudes: 12441
solid: 7225 8660 9541 13387
soliloquised: 7521 12305
solitary: 2488 3540 7975 10113 11186 11331 12880 13028 13089 13639 14424 15317
solitude: 11163 12960
solitudes: 10965
solo: 1201
soloma: 15097
solomon: 11802 13241
solus: 9667
solved: 11022
some: 396 397 398 492 526 598 604 606 716 777 846 974 992 1016 1017 1018 1037 1078 1128 1147 1197 1381 1453 1461 1508 1518 1539 1596 1687 1695 1786 1917 1953 1977 2006 2022 2039 2078 2100 2127 2250 2497 2507 2550 2575 2781 2920 2924 3357 3443 3512 3553 3599 3637 3642 3660 3671 3696 3817 3993 3997 4111 4350 4426 4456 4495 4506 4512 4713 4739 4764 5084 5349 5364 5373 5452 5531 5553 5554 5561 5579 5687 5763 5822 5943 5956 6004 6017 6135 6143 6159 6179 6273 6294 6318 6357 6438 6497 6559 6786 6788 6814 6819 6827 6874 6917 6993 7015 7079 7245 7246 7297 7332 7348 7391 7397 7410 7432 7470 7519 7625 7666 7696 7722 7725 7753 7783 7787 7885 7934 7940 7942 7962 7974 7999 8066 8097 8110 8127 8130 8137 8138 8146 8212 8279 8381 8401 8404 8441 8450 8499 8508 8531 8537 8542 8643 8715 8779 8820 8851 9030 9064 9137 9233 9236 9334 9443 9458 9486 9582 9614 9626 9762 9823 9824 10103 10132 10229 10243 10263 10266 10282 10301 10304 10307 10323 10409 10471 10509 10513 10534 10565 10572 10595 10602 10606 10608 10659 10739 10741 10754 10755 10816 10828 10850 10856 10861 10971 10981 11158 11165 11208 11236 11274 11371 11421 11493 11542 11543 11549 11575 11581 11584 11592 11632 11654 11657 11676 11700 11717 11787 11811 11876 11888 11909 11914 11920 11955 12082 12163 12165 12223 12322 12323 12325 12384 12388 12532 12688 12712 12866 12918 12962 12976 13002 13014 13034 13047 13072 13127 13205 13243 13263 13297 13306 13307 13343 13394 13465 13473 13478 13518 13527 13542 13614 13633 13645 13651 13665 13739 13753 13884 14062 14086 14140 14141 14305 14314 14365 14412 14413 14428 14494 14495 14604 14650 14656 14661 14688 14783 14832 14833 14853 14880 14907 14951 15019 15061 15063 15072 15088 15180 15285 15375 15382 15385 15390 15450 15458 15508 15545
somebody: 5751 11121
somebodys: 15448
somehow: 221 1115 1910 2253 2828 4492 4803 5112 5139 5188 5387 5459 5861 6685 6820 7000 7448 7490 7555 7586 7625 8579 12008 12294 12913 13026 13185 13803
someone: 5256
somerset: 4005
something: 895 1102 1106 1203 1274 1471 1492 1808 1956 2058 2086 2156 2339 2679 2931 2949 3098 3178 3465 3511 3756 4086 4120 4229 4807 4808 4899 5117 5222 5227 5241 5620 5640 5750 5797 6310 6575 6676 6703 6961 7411 7455 7456 7644 7646 8112 8142 8236 8742 8941 9380 9675 9954 11123 11124 11437 12240 12246 12250 12489 12621 13265 14055 14207 14219 14289 14567 14585 15257 15441
sometimes: 321 769 4124 4700 5062 5125 5998 6879 7163 7239 7983 8125 8196 8432 9340 10174 10803 11362 12039 12277 12877 13324 13382 13410 14283 14791 14892 15168 15405 15492
somewhat: 1674 2247 2404 7971 8267 9267 9999 11962 14496
somewhere: 633 5750 6759 10080 11018 11765 13522 14645
somnambulistic: 11398
son: 3065 3791 4992 5504 5551 5632 7077 7081 8583 11623 12248 13688 15527
song: 956 964 2126 3029
songs: 6275
sonorous: 8087
sons: 6248
soon: 642 988 1653 1669 1679 1768 1781 2023 2405 2424 2544 3139 3149 3256 3451 3531 3575 3577 3585 3805 3831 3858 4077 4557 5235 5390 5600 5907 5996 6083 6126 6187 6401 6523 6978 7216 7336 7658 8612 9099 9118 9813 9885 9898 10551 11479 11958 12306 12589 12597 12899 12912 12916 13355 13565 14028 14452 14476 15325 15326
sooner: 3146 3149 5344 6962 7590 9448 15322
soot: 14882
soothed: 6161 9545
soothes: 7523
soothing: 3544
soothingly: 12222
sooty: 2107
sorcery: 10855
sordidness: 11941
sore: 362 3218 4800
sorrow: 5140
sorrowful: 6885
sorrows: 3007
sorry: 1738 4794 5825 9009 9796
sort: 551 1115 1135 1201 1363 1382 1386 1442 1475 1576 1618 1803 1816 1862 1961 2022 2029 2041 2123 2333 2493 2864 3690 4249 4402 4423 4426 4503 4625 5065 5080 5150 5465 5575 5733 5746 5770 5868 6164 6273 6388 6517 6819 6874 6960 6996 7002 7214 7393 7463 7481 7492 7571 7582 7597 7630 7753 8038 8196 8199 8236 8415 8441 8645 8669 9348 9444 9541 9753 9968 9971 10115 10173 10513 11125 11463 11850 11899 12276 12316 12383 12711 12717 12724 12916 12918 13113 13320 13322 13326 13365 13413 13615 13656 14195 14262 14586 14604 14624 14730 15175 15425
sorter: 7767
sorts: 5476 6134 6554 7664 7990 8008 8016 8509 8510 10159 11923 13293
sou: 2579
sought: 1570 2278 3092 3363 3765 11380 13264 13957 13970 14093 14267
soul: 981 1078 1250 2842 3046 3207 3259 3467 3755 4990 5412 5551 5651 5733 6089 6161 6475 6823 6886 7362 7550 8754 8907 9062 9066 9149 9534 9590 9603 9649 10096 10445 10595 10670 10846 10880 10890 10979 11024 11182 11295 11377 11383 11586 11903 12989 13077 13687 13714 14134 14322 15258
souls: 3641 5633 5725 9040 10492 10500 10551 10568 14150
sound: 2276 3047 3050 3360 3962 6340 8653 8702 8712 9201 10577 12022 12068 12607 12616 12673 12974 13232 15146 15150 15342 15483
sounded: 1301 11097 11758 13006
sounding: 10290 11559 12114
soundings: 10953 12442 15159
soundjgq: 12061
sounds: 1236 1325 2353 6805 8323 11100
source: 14518 14578
south: 576 681 1033 1306 1878 1958 2036 2080 3749 6608 6713 7744 8995 13150 14673 15059
southerly: 12954
southern: 563 8067 8394 8888 8923 8991 10222 10815
southerner: 1689
southward: 7208 11310
sovereign: 1664
sovereignest: 426
sow: 3833 7862 14698
space: 1592 1766 2879 4818 6626 7206 9069 13049
spaces: 10190 11147
spacious: 12386
spain: 631 3084 6628 9714
spake: 3343 3375
spangled: 10356
spangling: 14373
spaniard: 5788 9997
spaniards: 10038 14351
spanish: 294 6623 6625 9193 9713 9985 10005 10012 11766 13511
spar: 1128 4057
spare: 1738 4812 5935 5936 5937 6205 6407 12153 12869
sparing: 15230
spark: 3693
sparkling: 6889 9643
spars: 5936 8850 13161 14747
spasmodic: 13800
spat: 5790 13768
spawned: 15231
speak: 593 1118 1864 2047 2163 2170 2527 4884 5087 5206 6364 6790 7636 7686 9379 11084 11276 13316 14219 14756 15404
speaker: 3360
speaking: 3326 3546 4592 4599 4600 5808 7373 8139 8906 8949 9198 10973 12296 12711 13469 13804
speaks: 11663
spear: 7978 14389 15042
spears: 1508 7038 9926 10326
special: 578 2666 4185 7646 7663 10119 10480 10606 11590
specialities: 15183
specially: 7915 8224 10564 10652 15027
species: 802 7009 7753 7762 7920 7922 7984 10150 10204 11822 14648 14706 14709 15171 15245 15369 15379
specific: 9233 10269 10361 11584 12528
specimen: 3756 12257
specimens: 2562
speck: 8362
specks: 147 8461
specksynder: 8342 8355 8360 8377
spectacle: 6900 8672
spectacles: 4828 5515
spectral: 13160
spectralness: 10894
spectre: 15287
specu: 10288
sped: 13008
speech: 859 15007
speechless: 7426 10875
speechlessly: 2831
speed: 3023 11643
speediest: 14250
speedy: 3251
speiimens: 1570
spell: 2143 2300 5120 9877 10689 10763
spelling: 4853
spells: 7360
spencers: 455
spend: 1636 1774 1866 2445 8890 11319 14119
spending: 1786 11320 12972
spent: 2146 2445 3810 8808 11219
sperm: 750 774 782 789 791 821 947 2752 4483 6511 6533 6542 6766 7272 7678 7717 7724 7738 7741 7746 7749 7850 7855 7859 7886 7943 8010 8049 8098 8125 8263 9024 10105 10130 10135 10141 10203 10215 10218 10224 10230 10236 10248 10260 10285 10342 11150 11189 11197 11201 11205 11208 11220 11253 11262 11414 11471 11592 11596 11601 11679 11686 11774 11780 11784 11825 11827 11839 11841 11843 11848 11856 11876 12096 12114 12237 12300 12301 12569 13520 14687 14716 14719 14824 14831 14833 14858 14859 15014 15137 15360 15368 15379 15440
sperma: 452 453 550
spermaceti: 448 2633 7882 7889 7892 7895 7899 7904 14674 14676 15371
spermacetti: 613 681 686
sphere: 6631 15287
spheres: 11020
spherical: 7968
spice: 12263
spices: 8656
spicuous: 7962
spies: 12166
spike: 4808 6906
spiked: 10490
spikes: 7594 12252
spile: 3120 4114
spiles: 1016
spilled: 4770 11579 14395 14870
spilling: 13947
spine: 9928 14864
spines: 4464
spinning: 1832
spiral: 703
spiralisations: 15445
spiralises: 9430
spirally: 15442
spires: 648 8775 10912 13874 15072
spirit: 182 3477 5419 5949 6920 8246 8543 9068 10013 10647 11396 12947 12984 13024 13110 14926 15055
spirits: 8241 8839 9511
spiritual: 2836 2932 6878 10407 10687 10792 11026 11362 11890 11899
spite: 2606 3316 6294 6341 6343 12179 13070 14229 14252 14253
spitzbergen: 505 537 14663
spleen: 978
splice: 4876 5557 9291 15472
spliced: 1906
splintered: 332 3543 10975
splinters: 4049 10368
split: 6654 7640 8020 9261 9539 9855 9972 15235
spoil: 1675 6419 6785
spoiled: 5285 9768
spoiling: 5644
spoils: 8284
spoke: 2005 3734 6210 7291 11567 12289 13819
spoken: 1999 6438 7428 10077 11278 13114 13130 13255 15391
spond: 15387
sponding: 8094
spontaneously: 11380
spoons: 4328 12251
spoqter: 1792
sport: 642
sported: 4487
sporting: 511 717 2426
sportively: 15526
sports: 13918
sportsman: 2131
spos: 5588
spose: 1575 5582
spot: 1383 1774 2663 2948 5585 6759 10639 11292 11360 12373 12473 15328
spotless: 10646
spots: 8187 11272
spotted: 9357 10350
spottter: 1449
spout: 182 732 7865 7947 8260 9244 9258 10328 11507 12947 13013 13024 13037 13110 14866 14903
spouted: 658 12470
spouter: 80 1368 1370 1443 1451 1526 1613 1705 1886 1974 2056 2140 3441 4209
spouters: 13369
spouting: 717 7817 7830 7839 8231 13841
spouts: 484 7825 8260 9289 11600 13673 14652
sprained: 10151 14184
spraining: 1753
sprang: 2152 6259 11702 11716 12187 12601 12675 14389
sprat: 470
sprawling: 1910
spray: 1367 6315 6487 14400
spread: 4276 6918 6920 10118 10456 11143 12198 12206 12357 12664 12994 13440 15282
spreading: 3600 6143
spreads: 10921
spring: 1503 2605 2867 6302 6303 6304 6305 6306 6346 6820 7349 8750 12299 12414 12595 13671
springing: 10009 12371
springs: 1224 14653
springy: 9795
sprinkled: 9069 10111
sprouts: 7332
sprung: 3249 3870
spurn: 5636
spurned: 3766 3974
spurred: 9545
spurrings: 12556
spurs: 1063 15119
spy: 9726
squall: 4675 5019 8518 9261 9954 10061 10073 10815 11139 12594 12624 12642 12685 12741 12771 13102 13452
squalls: 10074 12761 14980
square: 4447 7026 8827 13566
squares: 2011 2021 2032 2073 2074 2234
squash: 14720
squatted: 5389
squatting: 5307
squattings: 5411
squaw: 5111 5874
squid: 198 11848 15271 15310 15350 15375 15384
squint: 12757
squire: 7058 7082 7111
squires: 125 127 6778 6854 6936 7013 7102
squitchy: 1474
st: 9450 9995 10654 12954 13907 14344 14585
stab: 3151 9489
stabbed: 13526
stabbing: 12879 13828
stabs: 11032
stacked: 14442
stacks: 13774
stage: 738 1213 2924 3537 6949
stagger: 10683
staggered: 4681
staggers: 3247
stagnant: 15283
staid: 6803
stained: 1956 2898 3921 4453
stains: 2021
stair: 8801
stairs: 2890 2894 4358 5249 5270
stake: 7222
stakes: 12236
stalk: 14631
stalked: 5685
stalking: 4015
stalls: 305
stalwart: 2567
stammering: 2156
stamp: 12434
stamped: 12501 14632
stampedoes: 10910
stamping: 12436
stampings: 12768
stance: 15363
stances: 10118 12426
stand: 544 604 1015 1031 1042 1058 1141 1927 1948 2411 2556 2795 4679 5572 6334 6380 6391 7491 7646 8245 8863 8868 8900 9279 9371 9442 9497 9569 9658 9732 9774 9939 10056 10480 10491 10579 10655 11687 11899 12369 12391 12600 12965 13101 13387 13441 13593 13874
standard: 21 10614 12655
stander: 8811
standers: 8781 8790 8814 8844 8931
standing: 1665 1782 2787 3338 4260 5498 6444 7108 7302 7634 8329 8331 8672 8778 8903 9013 9710 11079 11082 12017 12197 12382 12387 12416 12748 13167 13427 13430 13845 13960 14396 14864
standpoint: 9148 15094 15096
stands: 1544 1546 2660 3145 3411 4107 5218 7969 8819 8823 8827 8847 10697 10791 14975 15008
stantive: 10807
stanzas: 2996
staple: 6847
star: 9311 9353 9372 9755 10730 12576
starboard: 2980 2981 3406 4217 4220 4226 9211 12154
starbuck: 6182 6209 6215 6249 6386 6393 6406 6419 6780 6797 6830 6837 6843 6857 6859 6866 7031 7052 8493 8496 8497 8609 9134 9195 9205 9264 9277 9300 9327 9374 9381 9384 9457 9468 9499 9512 9573 9601 9674 9675 9696 11889 11907 12198 12204 12280 12285 12288 12368 12376 12478 12592 12600 12614 12653 12739 12777 12779 13122 13136 15343
starbucks: 6883 8571 9392 11900 11902 12770
stare: 2558 9352 12225
stared: 3880
staring: 2362 4248 4253 12499
stark: 1869 5377 5412 12499 14323
starlight: 13020
starred: 7354
starry: 15102 15115
stars: 6903 8804 12456 14991
start: 3965 4990 5298 6006 8609 10986 12139 12246 12251 14386 14491
started: 1261 4661 8573 9148 9232 12061 12343 12666 12976 13235 14209
starting: 1638 4972 5818 6218 6291 6360 7425
startled: 3246 5106 15298
startling: 5972 8874
startlingly: 12484
starts: 10938
starvation: 6639
starve: 5364
starved: 5420
stash: 2207 7495
state: 466 491 2378 3173 3186 4706 6748 6749 6767 6787 8546 10495 10503 10637 11368 13270 13599 13736 13865 14218
stated: 5225 8326
stateliest: 15203
stately: 3925 4721 7354 11046
statement: 11211 12760
statements: 309 10933 11851
states: 1206 7796 10878
stating: 11765
station: 6262
stationary: 6058 15153
statue: 10415 10880
statues: 14582
stature: 1689
statutory: 6689
staunch: 3218
stave: 2842 6271 6403 9696 10367 11594
staves: 5943 6407
staving: 2402
stay: 3605 4046 9396 10067
stayed: 1896 6229 14227
stays: 13070
stead: 5625
steadfast: 6803 11374
steadfastly: 2676 13137 13772
steadied: 7286
steadily: 4979 12352 12514 13810
steady: 815 817 6329 7393 9099 9970 9971 11086 11146 12398 12418 13672 15047
steadying: 13444
steaks: 1621
steal: 1777
steals: 3216
steam: 4307 4324 15550
steamer: 12344 13599 14896
steed: 4491 10723 10782 10787 10800 15237
steeds: 10637
steel: 644 2421 3212 9489 9509 9541 12156 12250 12341 13836 13984
steelkilt: 13557 13605 13623 13626 13684 13688 13691 13723 13759 13768 13780 13802 13809 13829 13843 13971 13982 13999 14034 14046 14089 14099 14111 14139 14207 14229 14271 14285 14322 14387 14452 14466 14476 14485 14501 14558
steelkilts: 14247
steep: 3254
steeped: 2289
steer: 4876 5638 13359
steered: 4490 12766 14445 14451
steerer: 7043 13424
steering: 6226 12210 12267 12352 13433 15130
steers: 13411
steersman: 7394 13217 13425
stem: 8288 10225
step: 2910 2916 4655 5564 5783 7402 8495 8726 9108 12907 14334
stepmother: 2253 2279
stepmothers: 2284
stepped: 5010 10517 14570
stepping: 986 4321 6088 8423 8523
steps: 1310 2905 3109 5881
stern: 500 946 949 3774 4005 4060 4563 7591 7593 7635 8288 8946 9524 9645 12196 12197 12374 12384 12503 12605 13170 13409 15442
sternly: 5544
sterns: 6600
steward: 6205 7459 8482 8643 8670 8707 9298 9438 12104 13979 14053
stewards: 5953
stewart: 11
stick: 1835
sticking: 2020 2075 5502
sticks: 6141 8901
stiff: 1648 2336 3714 5391 8816 13932 14388 14938
stiffen: 15413
stiffest: 15203
stiffly: 4463 4826 5518 9947
stifle: 6902
stifling: 3189
stig: 9831
stiggs: 4363 5272
stiletto: 15297
still: 1019 1085 1242 1295 1536 1591 1785 1998 2076 2118 2125 2320 2369 2384 2472 2492 2563 2597 2808 2904 2984 3075 3115 3148 3170 3197 3210 3213 3286 3299 3316 3348 3381 3773 3803 3804 4023 4076 4722 4728 4750 4764 4981 5018 5207 5222 5634 5974 6448 6650 6825 6826 6866 7063 7195 7211 7243 7305 7362 7533 7553 7725 7787 7792 7827 7900 8213 8331 8363 8466 8561 8730 8748 8816 9104 9335 9401 9920 10160 10201 10268 10314 10323 10327 10471 10513 10579 10693 10953 11004 11252 11417 11546 11880 11902 11944 11960 11986 12007 12050 12223 12289 12330 12338 12382 12424 12578 12592 12609 12664 12688 12722 12913 12933 12987 13000 13027 13075 13087 13088 13119 13120 13127 13137 13187 13281 13490 13533 13634 13772 13796 13803 13824 13988 14070 14140 14158 14185 14245 14254 14502 14503 14817 15097 15274 15278 15316 15343 15443 15510
stillness: 10709 15281
stilts: 8865
stinctively: 13776
sting: 9604 13767
stingy: 4905
stir: 2299 13777
stirred: 5357 10958
stirring: 12608
stirs: 10419
stitious: 10243 10283
stitiously: 7250
stitutional: 11940
stiver: 4885
stock: 2415 4090 6886 14632
stockinged: 2278
stocks: 4706 8883
stoics: 1143
stole: 6063 13780
stomach: 2489 8622
stone: 368 606 1406 4108 4466 8333 8786 8807 8815 10629 12791 14991
stoneless: 6451
stones: 941 1286 9102 10913
stood: 1303 1343 1388 1541 1682 1915 1938 1978 2051 2199 3955 3992 4051 4463 4658 5620 5686 5817 6023 6336 6378 7218 7270 7287 7296 7505 8951 9413 9415 9486 9724 11919 12063 12075 12155 12372 12880 13105 13120 13124 13543 13669 13764 13825 14384 14472 14747 15304
stool: 5171 7303 7508 7509
stooped: 1937 5688
stooping: 1591 2915 6024 12411
stop: 1270 1403 1493 1776 1832 1854 2180 2208 4114 5753 5850 6423 7447 7598 7601 12243 12812 14090 14433 15493
stopped: 1889 3163 5826 11678
stopping: 1327 3454 3885 5906 11276 13273 13719
storage: 5941
store: 6344 13086
stores: 5900
storied: 330 1518 10886 11291
stories: 1860 2497 3872 5349 11502 14818
storm: 958 1854 2669 2672 2855 2944 2964 3037 3232 3327 3329 3495 3541 6452 9146 9948 12647 12673 13126 15565 15566 15567
stormed: 10480
storms: 13256
stormy: 6357 14873
story: 188 1085 1286 1817 1868 2024 3056 3739 3855 3907 3918 4128 4797 10156 10314 11538 11778 13460 13475 13482 13495 13505 13580 13662 13749 13834 13862 13924 13950 14012 14103 14191 14281 14349 14377 14461 14516 14554
stout: 4523 6350 6377 6999 9443 11674 12383 13567
stove: 746 1758 2830 2841 3444 4550 5653 9172 10392 11605 11854 13840 14805
stoven: 14862
stowaways: 12219
stowed: 8885
stowes: 416
stowing: 15450
straddling: 13443
straffords: 554
straggling: 1452
straight: 1025 1366 1652 2422 3198 3206 4063 4769 4992 5719 6487 7240 7287 7977 11232 11234 11682 12047 12480 13125 14445
straightened: 12883
straightway: 3284 8535 13359 13679
strain: 2373 4040 9049 15439 15460
strained: 14388
straining: 15528
strait: 3769 10454 13932
straits: 3090 4153 11507
strand: 9729
stranded: 631 1281 1432 3054 7888 13159 14743 14765
strands: 3045
strange: 1026 1583 1714 2124 2246 2328 2939 3334 3502 3503 3524 3542 4503 5150 5217 5326 7171 8225 8529 8590 8648 8818 9063 10222 10742 10746 10799 10989 11024 11915 12020 12061 12420 12424 12698 12786 12815 12901 12997 13062 13178 13240 13501 13506 13776 14379 14620 15146 15256 15287 15534
strangely: 4192 4723 6025 7174 7901 9174 9201 10704 10808 12159 12261
strangeness: 2314
stranger: 1714 1715 2001 2050 2063 2125 2558 5091 5704 5747 5753 5769 5817 5864 6506 9104 12566 13193 13196 13262 13932 15155
strangers: 2502 3111 12171 12196 12314 13208 13269
strangest: 2380 10917
straps: 2590 2591 2592
straw: 5647
stray: 8954
streaked: 7267 10350
streaks: 8287
stream: 476 1040 1068 1490 12476 13875
streamed: 10784
streams: 9925
street: 85 305 986 1304 1324 2399 2539 2551 2554 2556 2619 8743 11495
streets: 999 1032 1310 1329 1332 1888 1961 2276 2545 2550 2563 2604 3882 3958 14733
strello: 10311
strength: 4004 6796 8336 9342 10450 10483 11344 11672 11779 12342 15416
stretch: 10114 12654 15115
stretched: 482 10442 12066 13437 14323
strewn: 7683 15080
stricken: 1382 5134 7295 9281 11395 15483
strictest: 4759 14248
strictly: 8139 11233 11881 11951
stride: 9099
strides: 6363 12992
striding: 2416 8864 13737 13982
strife: 7253
strike: 332 333 3212 3710 5573 6252 6255 7150 7449 9337 9346 9374 9752 10196 10335 14200 14478
strikes: 8510 10660
striking: 853 954 1942 4076 8026 9738 10956 11712 12619 14227
strikingly: 14783
string: 1891 13350 13826
strip: 2241 11954
stripped: 4060 10333 10852 11914
strive: 2810
striven: 3425
strives: 5999
striving: 1019 3531
stroke: 665 5247 10438 12235 12236 13006 14205
strokes: 12342
stroll: 2533 2544 2665 4350
strong: 320 362 985 1143 2135 3113 3129 3413 3711 3713 3755 6162 8697 9466 10981 11933 12241 12295 12298 13472 15429
stronger: 10095 12566 13756 15422
strongest: 7527
stronghold: 2936
strongly: 4386 6818 10885 11825 12040 14817
strousest: 4615
strove: 2322 13186
struck: 898 1317 3510 3791 5585 5862 6067 7282 9266 10051 10237 10363 11433 11452 11459 11647 11717 11757 11784 14256 14395 14399
structure: 8009
structures: 10886
struggling: 13001 14158
strung: 1890
strutting: 2577
stub: 9556
stubb: 139 6204 6393 6411 6837 6840 6938 6954 6964 6985 6995 7031 7082 7346 7406 7413 7415 7426 7435 7442 7446 7447 7453 7505 7546 7596 7599 7607 7611 7612 7615 7624 8500 8581 8609 8611 8615 9117 9152 9264 9324 9370 9457 9467 9667 9679 9680 10563 11123 12198 12223 12275 12281 12283 12290 12296 12298 12300 12305 12440 12443 12507 12735 12737 12810 14792
stubbing: 7564
stubborn: 2669 13690
stubbornly: 5224
stubbornness: 9393
stubbs: 12254 12327
stuck: 1966 2010 3120 6981 7593
students: 11516
studied: 11199
study: 1457 1759 8068 8224 11145
studying: 4832 8987
stuff: 2443 3760 3891 4523 5566 6770 12159 13369
stuffed: 581 1260 1989
stultifying: 4330
stumble: 1345
stumbling: 3247
stump: 5121 9279 15001 15004 15005 15006 15007
stumped: 6925
stun: 10456 12994
stung: 14108 14265
stupid: 14340
stupor: 3216
sturgeon: 638
style: 2333 4529 7972 7982 13509
styled: 7861
stylites: 8806
sub: 301 304 317 324 10806 10887
subaltern: 8603
subalterns: 8366 13682
subdivisible: 7844
subdivisions: 7939
subdued: 12008
subject: 1500 5460 7714 8225 9797 10514 11420 12025 14907 15101
subjected: 11982 15414
subjects: 5181 10786 11658
sublime: 3512 8699 8872 10659 10716
sublimity: 1476
submits: 14942
submitted: 7800
subordinate: 12898 12912 13425
subs: 324
subscribes: 14952
subsequent: 2287 3737 4723 4760 6703 7756 11272 13258
subsequently: 11878
subserve: 8435
subsided: 10472 15218 15294
subsiding: 13638
subsists: 7046
substance: 2835 3889 7881 11846 14516 14555 15131
substances: 11050
substantial: 1602 10898 11820
substantiate: 11764
substantiated: 6740 11244
substantiates: 11731
substitute: 988 4111
substituted: 11166
substituting: 2894 13900
subterranean: 9393 10575
subtle: 7176 7365 10421 11049 11911 14141 15577
subtleness: 15240
subtler: 10471
subtlety: 10859 10860 12165
subtly: 9552
suburban: 10914
suc: 6982
succeed: 4403 7742 8040 10516
succeeded: 2120 2333 13972
succeeding: 11139
succeeds: 14616
success: 5935 8367 12828
successful: 3202
successfully: 8956
succession: 12597
successive: 12973 14914
succour: 6454
succourless: 6603
such: 517 551 573 984 1080 1108 1231 1237 1313 1332 1460 1467 1515 1537 1539 1684 1769 1804 1897 1966 1967 2009 2123 2282 2649 2890 2921 2995 3301 3459 3529 3532 3713 3717 3739 3849 3883 3886 3935 3968 4083 4157 4247 4449 4534 4749 4816 4836 4858 4915 4929 5208 5415 5429 5466 5579 5677 6292 6349 6512 6607 6743 6869 6889 6901 6964 7133 7183 7332 7358 7359 7401 7417 7441 7526 7548 7586 7979 7998 8016 8017 8019 8168 8309 8365 8449 8602 8654 8657 8694 8896 9011 9021 9036 9057 9183 9605 9625 9682 9903 10066 10129 10139 10150 10181 10184 10185 10196 10239 10241 10258 10260 10281 10291 10320 10329 10374 10450 10479 10528 10534 10538 10552 10564 10680 10698 10765 10875 10879 10894 10963 10965 11017 11023 11037 11214 11228 11230 11256 11373 11475 11483 11645 11681 11741 11748 11879 11934 11971 12009 12072 12179 12264 12269 12314 12387 12425 12440 12444 12524 12584 12733 12857 12894 12900 12904 12921 12960 12971 13245 13271 13280 13319 13350 13351 13354 13370 13378 13422 13501 13735 13751 13762 13861 14005 14036 14138 14218 14434 14438 14575 14620 14700 14721 14759 14842 14910 14934 15092 15095 15169 15174 15228
sucked: 3368
sucking: 8753 14757 14759 15342
sucklings: 12512
sudden: 2153 3592 3870 5300 6295 7164 7625 8582 8665 8708 10437 11756 12067 12138 12554 12707 13438 13452 14394 14402 14410 14975 15576
suddenly: 928 1074 2279 2324 3057 6063 7426 9131 9455 10367 10397 11602 12456 12465 12665 14084 14134 14210 14361
suddenness: 11759
sufferable: 1786 10455
suffering: 13078
sufferings: 11648
suffice: 1029 6589
sufficient: 9038
sufficiently: 2857 7070 8048 10271 11593
suffocated: 12622
suffusing: 12589 12958
suffusingly: 12463
suggest: 8103
suggestings: 10274
suggestions: 10193
suggestiveness: 15055
suicides: 5277
suit: 1754 2435 2880 3766 14521
suitable: 6871
sulkies: 9812
sulky: 9779
sullen: 7977 8755 14366
sullenly: 14231
sulphur: 7857 8063 8071
sultan: 3988
sultanism: 8435 8437
sultans: 8495
sultry: 12003 15304
sum: 2490 3166 8889 10429 11240 13933
sumatra: 1427
summary: 11496 14718
summer: 463 1416 1422 2635 2645 4118 8750 9081
summers: 6788 6789
summit: 8809 8944
summon: 3126
summoned: 1596 9153 14076 14168
summoning: 14113
summons: 14083
sun: 2036 2238 2274 2461 2837 2952 3002 3377 4169 5390 6401 6799 6918 8486 9194 9346 9347 9358 9500 9533 10184 11288 11803 12937 13871 14373 15224 15284 15304 15558
sunday: 1820 1882 1889 1916 2662
sundown: 6850
sundry: 2373 15513
sung: 314 808
sunk: 3188 12389 14805 15344
sunken: 9022 14395
sunlight: 2646 2946 10389
sunlit: 2290
sunniest: 10983
sunny: 2667 7310 8600 13916
sunrise: 380 1520 6019 6187 8858 9545 14075 14168 14338
suns: 2034 7357
sunset: 154 1520 4194 8858 9522 9545 11047
sunsets: 10897
super: 7249 7313 10242 10282
superadd: 8551
superb: 8696
superficial: 15194
superfluous: 4812 6503 6789
superinduced: 2641
superior: 4347 4727 5180 8187 8382 9265 9697 13385 13574 13678
superiority: 8439 8448 11891 13324 13327
superlative: 11913
superlatively: 10538 12764
supernatural: 2293 2313 10193 10333 10555 10741
supernaturalism: 10830
supernaturally: 1701
superseded: 15420
superstition: 6818 6819 13031
superstitions: 7079 8450 10324 10837 15360
superstitious: 10270 10944 11683 12322 12329
superstitiously: 10276
superstitiousness: 6865 10176
supper: 1586 1587 1604 1634 3596 4209 4274 4285 4305 4343 4356 5348 5364 6395 6455 11104 12511 14884
supperless: 2255
supple: 5294
supplementary: 12794
supplicating: 3287
supplied: 214 301 1051 4602 7064 12856 15379
supply: 6769 8126
supplying: 7122
support: 3413
supported: 8800
suppose: 1372 1730 2237 3621 3951 4564 5083 5185 5343 5715 5823 8135 8496 8567 11556 11560 12118 12168 12257 12740 13655 13711
supposed: 597 7759 7889 7970 12166 12890 13526 14648 15375
supposing: 4540
supposition: 12894
suppress: 6741
suppressed: 11972
supremacy: 8440 8551
supreme: 7166 8361 11385
sur: 13953
sure: 933 1307 1719 1828 1922 2032 2447 2517 2663 2781 3407 3422 4626 4627 4747 5030 5354 5812 5814 6069 6209 7456 8904 9676 11399 11466 12068 12864 13296 13318 15093
surely: 1084 3527 9376
surest: 5092
surf: 998 15084
surface: 7967 7970 7976 8150 10286 10313 11704 11851 12116 14623 15372
surgeon: 2018 7679
surgeons: 7744
surges: 15084
surging: 3050 12549
surmise: 6742
surmised: 8839
surmises: 172 8152 11192 11862 11938
surmisings: 10333 12329
surpassed: 8409
surpasses: 10171 10172
surpassingly: 4318
surprise: 2047 2498 4383 4915 9230 9266 10323
surprised: 2765 4894 5213 13902
surprising: 991 4400 4697 10162 14742
surrender: 14088 14123 14137 14173
surrenderest: 10979
surround: 1559
surrounded: 4122 6518 8560 12140
surrounding: 7971 15276
surrounds: 998 15258
surveil: 1195
surveyors: 11232
survived: 4155 12795 13166
surviving: 2735 11607
survivors: 843
sus: 4232 15430
susan: 723
suspect: 1191 2923 11122
suspected: 3128 5491 6266 12308
suspecting: 8323
suspects: 5998 7475 12700
suspended: 3790 4519 7086 11153 11930 12075 12552 12638 15327
suspends: 643
suspicion: 3098 3129 12895
suspicions: 3170 3262 5225 6000
suspicious: 1628 4567
sustain: 12920
sustained: 9467
sustaining: 12427 13431
sw: 236
swagger: 13926
swain: 1519
swaine: 5648
swallow: 356 369 495 2578 3042 4990 10010
swallowed: 406 469 3366 8575 11657 15224
swallows: 9428 11203 15225
swam: 692 7780 10387 10408 12683 14471 14481 15138 15145
swamped: 12633
swamps: 13867
swarm: 4168
swarming: 15303
swart: 6923 12155 12161 12200 13926
swarthy: 3332
swashing: 9939
swaths: 15147
sway: 1236
swayed: 1248 13168
swaying: 11883
swayings: 9910
swear: 4802 9501 14000 14476
swearing: 5117
sweat: 9862 13733
sweating: 13802
swedes: 7926
swedish: 257
sweep: 1148 2252 8457 9034 11238 12236 13738
sweepers: 13787
sweeping: 1511 4043 10398 12209 13742 13784
sweet: 2635 2649 4310 4732 5131 6332 6340 9480 9900 10051 10658 11046 13240
sweetest: 6767
sweetly: 6340
swell: 3330 9528 14398
swelled: 3036 3980
swelling: 6332 11656
swells: 3541 10459 12549 14755 14895
swept: 4045 4057 12950 13600
swered: 13784
swerve: 9587 9588
swerved: 12048
swift: 1550 3057 3367 9901 13116 15576
swiftly: 3151 12116 12398 13008 15326
swiftness: 552 777 10291
swim: 476 488 7626 8866 9616 9692 10327 11227 11235 13085 13213
swimmer: 14403
swimming: 489 940 4062 7979 8112 10364 10943 12469 12634 13206 14871
swims: 482 8094 8211 8238 12116 13244
swindle: 4944
swing: 8457
swinging: 1365 1382 2909 3193 4261 4665 9215 13562
swings: 8491
swooped: 4137
sword: 363 990 1313 1349 8146 12006 12018 12022 12039 12043 12045 13526 13701 14913
swords: 703 9941
swore: 1664 3786 6287 10079 13010 13034 14121
sworn: 4768 14947
swung: 1248 4233 10454 12131 12152 13113 13119 13131 13134 13168
sydney: 46 13937
sylla: 11517
syllable: 7894
sylphs: 578
symbol: 10639 10824 11026 11064 12658
symbolise: 2925 10843
symbolised: 7516
symbolisings: 10630
sympathetic: 3124 6445
sympathetical: 10097
sympathetically: 2783
sympathies: 10630 13311
sympathy: 5140
symptom: 10365
symptoms: 2135 3612 8612 10528 11371
syracuse: 10315
syrian: 3089 6697
system: 7788 8004 8039 8303 8313 8326 8329
systematic: 1457
systematically: 11522 14271
systematisation: 7764
systematised: 7666 14704
systematiser: 8030
t: 55 452 515 769 874 1153 7707 8900 8902 9751 12844 12993 13402
tabernacle: 8908
table: 149 1542 1564 1933 1940 2147 2411 2496 2504 2516 2521 3451 3601 4276 4861 6240 8480 8516 8537 8544 8559 8580 8588 8597 8635 8649 8680 11143 13128
tablecloth: 1739
tables: 4124 13905
tablet: 2696 2756 8487
tablets: 2677 2783 2795 2825
tacit: 7246 9387
tackle: 8809
tackles: 12151
taffrail: 11081 12997 14116
tags: 1956 3212
tahiti: 9920 14446 14468 14486 15259
tahitian: 9915
tahitians: 14496
tail: 457 769 935 1529 6542 7818 7830 7831 8209 8231 8283 9241 10732 12531 14610 14611 15064
tailed: 2578 7839
tails: 4825 9260
tain: 6229 7035 14689
taining: 3123 8183
tains: 15568
take: 230 308 325 376 410 586 682 990 999 1038 1111 1193 1202 1586 1868 2082 2312 2839 2840 3289 3324 3504 3586 4105 4147 4350 4367 4369 4449 4562 4648 4655 4659 4889 5062 5330 5402 5437 6485 6715 7452 7757 7806 8037 8390 8780 8984 9005 9036 9096 9350 9472 9492 9582 9720 9764 9802 10492 11093 11419 11427 12516 12517 12995 13337 13822 14007 14186 14226 14335 14635 15093 15448
taken: 401 533 3157 3243 3297 4507 5216 5610 6582 6716 7489 8200 10100 10772 10918 11231 11291 11435 11460 11648 12684 12861 14169 14626 14679 14743 14853 14856 14947 15498 15547
takes: 2113 2413 2586 3169 4578 5646 7584 8196 8498 8503 9060 12698
taking: 917 1112 1835 2147 2410 2488 2544 3364 3951 4968 5475 5515 5583 5611 6718 6941 7223 8485 8641 8859 12781 13194 13542 13757 14440 14956 15169 15182
talbot: 2688
tale: 13134 13140
tales: 725 911 2799 10222 10899
talk: 1415 3554 3815 4561 4626 4836 5833 5869 7088 9345 9674 13293 13721
talked: 14558
talkest: 4563
talking: 5260 5750 6246 12255
tall: 1366 1690 1948 2369 3990 6438 7947 7978 10900 12155 12391 13684 14547 15276
taller: 12404
tallest: 1141
tallied: 11336 11339
tallies: 10704
tallow: 1599 8129
tally: 10770 10772
talons: 4139
talus: 455
tambourine: 7148 7150 9775 9818 9823 10078
tame: 6805 7186
tamely: 7436
tamerlanes: 12830
tangle: 15447
tanning: 2033 2034 2585
tanrail: 7216 7406
tant: 10878
tantalising: 12530
tantamount: 8587 14936
tap: 13007 14407
tapered: 1557
tapering: 2638 14611 15276
tapers: 6549
tapping: 1573 4005
tar: 1139 1590 5581 5585 9029 15408 15409 15415
taries: 11262
tarpaulin: 2875
tarpaulins: 9216 11491
tarred: 5689
tarried: 2474
tarshish: 3080 3082 3089 3108 3138 3229 3364
tarsus: 11685
tartar: 3974 4491 13596
tartarian: 8065
tarts: 14737
tary: 8731
tash: 7081 9239 9878
tashtego: 7061 7067 7075 8657 8662 8667 8687 8705 9229 9235 9260 9857 10018 12065 12072 12101 12110 12119 12454 13486 13487
tashtegos: 7248
task: 6588 7668 7767 9037 9479 9556 11185 11424
taskmaster: 4796
tasks: 9341
tasselled: 13685
tassels: 9898
taste: 2901 2956 3465 9796 9912 13698
tasted: 8548
tastes: 2505
tation: 13477
tator: 318
tattered: 6094
tatters: 1409 14413
tattoo: 11510
tattooed: 2025 2235 3655 4025 5509 5613
tattooing: 2032
tattooings: 2200 3467
tauntings: 7773
tawn: 2473 9357
tawny: 7078 7228
tbe: 1 5
tea: 1601
teach: 230 15198
teaches: 3053 3347 3358
tear: 6383 9855 15380
tearingly: 7241
tearless: 10916
tearlessness: 10911
tears: 322 328 1437 12830
technical: 11284
technically: 12153
tecting: 637
tects: 8333
tedious: 15514
tee: 9251
teenth: 4937
teeth: 194 395 1359 1408 1509 1685 2152 3304 3986 4483 5479 6317 7403 7431 8001 8006 8687 8704 9055 9849 10007 12249 12508 12771 13826 14414 14990 15014 15380
tego: 7082
telescope: 8950
tell: 1033 1153 1212 1222 1732 1780 1831 1856 1865 2170 2181 2183 2207 2208 2243 2245 2371 2459 2648 2799 3008 3735 4112 4656 4981 4988 5113 5126 5276 5534 5563 5564 5666 5776 5778 5800 5809 5829 5836 5850 6164 6742 7110 7459 8147 9321 9765 9909 9954 10576 10750 10769 10884 10956 10981 11123 11565 11686 11749 11778 11826 12218 12749 13133 13140 13199 13201 13699 13711 13713 13860 14035 14515 14722 15000 15351 15373
tellest: 4604
tellin: 1878
telling: 1571 1797 1817 1859 1990 5907 5912 6112 6804 6956 7131 7477 10115
tells: 7474 8173 8847 8952
temperance: 1437
temperate: 12922 13949
tempered: 13616
tempest: 2593 3270 3291 4490 11657
tempestuous: 1388 1393 1411 6448 13095
templation: 11659
temple: 3317
temples: 14582
temporarily: 5002 8898 13783
temporary: 4505 8645 11928 12442 13044
temptation: 7433
tempted: 11619 14817
ten: 505 664 1039 1316 2106 3369 3928 4506 4980 5323 6137 7438 7486 8138 8533 9023 9034 11606 13335 14061 14137 14494 15000 15508
tend: 6824 8401 8713
tendency: 12351 12997
tender: 14692
tenderly: 8573
tending: 1860 10186 12049
tendons: 4484
tenement: 4517
teneriffe: 14340 14364
tennessee: 1073
tens: 15196
tension: 13727
tent: 4503 4538 6252 6255
tenth: 635 14922
tentousness: 4158
tents: 8924 15121
tepid: 1437
terians: 5188
term: 4473 6448 7826 8893 11816
terminating: 15472
termination: 5356
terms: 1243 3883 4862 8230 8427 10764 13514
terr: 4169
terra: 10164 15192
terraces: 2641 3958
terranean: 11828
terrapin: 13490
terre: 7704
terrible: 2012 2944 3031 4999 6485 6869 10162 10519 10675 10813 10902 10928 11482 11747 13136
terribleness: 10241
terribly: 6991
terrific: 6878 8672 9280 10681 12261 14090 14410 14862 15195
terrify: 607 2811
territorial: 13585
terror: 10140 10360 10676 10701 10796 10927 10929 11509 11916 12987 13920 15572 15579
terrorem: 8427
terrors: 2999 3259 6360 6484 6544 6545 6605 6878 7442 10154 10194 10237 10839 10840 15222
test: 3164 3263
testament: 1150
testaments: 12787
tested: 10227
tester: 3729 3732
testimony: 11591
texas: 4167
text: 1358
texture: 7366
tfje: 2742
thames: 8176 14627
than: 564 670 709 711 728 792 941 1119 1138 1185 1197 1273 1389 1427 1434 1582 1717 1719 1764 2052 2205 2286 2448 2608 2800 3070 3082 3089 3147 3349 3391 3397 3408 3409 3426 3458 3484 3716 3756 3803 3804 3807 3915 3996 4107 4110 4159 4192 4215 4312 4469 4882 4939 4945 5040 5090 5091 5127 5462 5464 5596 6140 6341 6482 6582 6602 6665 6667 6677 6717 6726 6791 6820 6834 6928 7186 7335 7374 7428 7458 7561 7590 7926 8004 8026 8053 8116 8214 8236 8267 8348 8402 8434 8447 8611 8614 8619 8741 8907 9041 9231 9351 9397 9579 9603 9877 9947 10068 10134 10142 10164 10225 10363 10364 10484 10518 10575 10670 10681 10733 10809 10886 10902 11438 11466 11535 11576 11587 11606 11703 11774 11820 11890 11912 11921 12386 12432 12567 12677 12700 13060 13094 13216 13240 13298 13335 13466 13525 13628 13766 13904 14035 14267 14387 14612 14617 14799 14826 15154 15229 15322 15345 15424 15537 15566 15572 15579
thank: 2173 5022 5344 12403 13929
thanked: 10462
thankless: 326
thanks: 13908
thar: 826
thawed: 3585
thee: 317 3427 4566 4578 4634 4721 4844 4983 5037 5083 5113 5114 5126 5128 5546 5632 5635 6215 6486 7439 7774 8472 9034 9073 9271 9307 9308 9321 9328 9353 9356 9378 9380 9652 9922 10013 10686 10956 11401 11402 15261 15345
their: 395 460 494 497 511 512 513 519 586 605 607 608 651 787 885 914 992 1064 1122 1190 1271 1355 1415 1552 1646 1647 1648 1650 1669 2243 2314 2558 2629 2633 2638 2644 2646 2649 2735 2812 3106 3114 3125 3262 3272 3505 3641 3810 3815 3882 3888 3902 3919 3934 3958 3998 4117 4123 4139 4141 4163 4168 4182 4368 4509 4704 4723 5181 5341 5430 5452 5493 5906 6241 6557 6585 6603 6640 6644 6674 6676 6747 6891 6974 6994 7005 7037 7069 7125 7129 7166 7224 7292 7356 7371 7392 7402 7743 7746 7797 7798 7865 7866 7936 8009 8038 8129 8240 8258 8308 8332 8382 8383 8388 8391 8398 8399 8446 8447 8532 8534 8535 8565 8635 8641 8652 8653 8654 8655 8682 8709 8710 8712 8726 8731 8733 8783 8784 8802 8832 8839 8859 9040 9047 9049 9314 9391 9411 9413 9414 9418 9419 9455 9486 9568 9570 9627 9765 9766 9898 10075 10113 10154 10220 10238 10241 10243 10324 10368 10369 10414 10551 10568 10570 10571 10611 10645 10648 10650 10678 10681 10729 10824 10825 11061 11084 11228 11254 11490 11497 11510 11523 11609 11641 11648 11760 11761 11776 11919 11943 11946 11949 11951 12084 12124 12132 12167 12172 12179 12200 12278 12326 12328 12363 12442 12470 12490 12543 12576 12604 12608 12641 12686 12787 12831 12912 12923 12958 13031 13074 13189 13204 13406 13572 13586 13590 13591 13634 13641 13669 13725 13754 13845 13957 13989 13992 14002 14046 14052 14070 14113 14114 14125 14133 14141 14149 14150 14173 14181 14244 14262 14388 14434 14444 14491 14667 14738 14747 14789 14921 14961 15018 15028 15077 15121 15140 15144 15153 15173 15181 15326 15351 15369 15526 15575
theirs: 2648 6858 8787 10094 10569 13381 14826
theistic: 9070
theless: 1391 6380 11868
them: 231 322 489 519 593 604 683 785 900 1027 1031 1035 1109 1251 1415 1426 1654 1674 1696 1757 1765 2026 2114 2120 2247 2390 2502 2503 2516 2576 2606 2650 2678 2799 3270 3278 3289 3291 3334 3390 3404 3504 3600 3601 3602 3604 3656 3667 3715 3884 3903 4077 4165 4190 4250 4718 4804 4967 5446 5516 5517 5630 5797 5930 6138 6275 6402 6584 6595 6596 6597 6747 6858 6914 6915 6982 6984 7003 7007 7049 7087 7089 7130 7145 7178 7204 7223 7296 7713 7729 7769 7845 7866 7931 8017 8038 8053 8117 8237 8308 8322 8323 8382 8426 8433 8450 8683 8688 8726 8738 8782 8956 8957 9038 9056 9153 9164 9182 9189 9411 9412 9456 9464 9489 9490 9492 9498 9515 9529 9626 9823 9866 9900 10106 10107 10112 10132 10148 10171 10180 10206 10243 10289 10367 10368 10410 10416 10571 10678 10787 10836 10869 10870 11143 11357 11358 11366 11438 11458 11460 11491 11575 11584 11641 11672 11852 11929 11944 11956 11957 11993 12092 12112 12255 12278 12324 12325 12475 12604 12635 12757 12860 12913 12969 13199 13201 13272 13305 13321 13441 13448 13529 13549 13644 13669 13678 13758 13775 13882 13959 13972 13978 14026 14045 14061 14078 14079 14087 14093 14128 14140 14166 14171 14174 14214 14243 14421 14439 14492 14498 14603 14735 14818 14952 15019 15061 15076 15083 15098 15099 15103 15147 15169 15224 15234 15255 15285 15364 15366 15376 15378
themselves: 600 1104 1166 4181 6188 6238 6587 6673 6961 7324 8128 8239 8442 8532 8899 10192 10238 12135 12198 12903 13207 13503 13975 15014
then: 599 682 987 1022 1154 1232 1246 1349 1651 1715 1765 1796 1877 1918 1920 1939 1978 1979 1985 2003 2030 2043 2067 2115 2121 2148 2157 2317 2323 2354 2369 2383 2405 2409 2833 2904 2931 2987 3091 3166 3187 3271 3281 3284 3293 3305 3371 3373 3375 3404 3456 3538 3572 3579 3600 3605 3618 3631 3643 3654 3655 3676 3679 3692 3705 3718 3754 3809 3885 3913 4005 4039 4055 4146 4219 4221 4228 4367 4431 4443 4592 4640 4651 4654 4656 4677 4816 4852 4938 4948 5023 5024 5042 5087 5132 5155 5268 5343 5346 5402 5407 5432 5435 5449 5526 5578 5630 5665 5670 5676 5679 5680 5688 5719 5771 5809 5818 5821 5865 5982 6023 6035 6115 6123 6165 6166 6212 6224 6341 6344 6483 6652 6673 6685 6728 6765 6912 6918 6984 7251 7263 7307 7363 7409 7413 7427 7438 7459 7506 7514 7551 7607 7723 7817 7841 7890 7921 8006 8012 8031 8068 8245 8262 8312 8454 8497 8501 8519 8525 8551 8613 8643 8662 8773 8856 8932 8998 9048 9090 9147 9239 9271 9283 9315 9347 9375 9379 9412 9472 9535 9578 9675 9784 9807 9849 9899 9924 10052 10189 10320 10379 10397 10402 10430 10436 10444 10446 10460 10468 10550 10557 10751 10758 10762 10771 10850 10943 11010 11065 11143 11200 11248 11285 11304 11310 11467 11630 11633 11763 11785 11851 11956 11984 12020 12149 12176 12228 12240 12275 12295 12324 12355 12398 12412 12433 12501 12603 12617 12654 12656 12658 12681 12740 12759 12801 12838 12867 12900 12924 12970 12995 13058 13098 13204 13241 13275 13341 13434 13441 13530 13785 13859 14034 14041 14054 14077 14082 14111 14194 14199 14210 14228 14230 14305 14321 14515 14585 14604 14627 14671 14703 14760 14795 15086 15254 15294 15452 15491 15507 15511 15548
thence: 1013 1270 2963 2965 5576 9923
theology: 675 10645
theoretic: 7984
theory: 1497 8800 11045
there: 332 359 407 479 562 718 738 808 821 822 826 854 991 996 1009 1030 1040 1044 1058 1060 1071 1114 1118 1127 1167 1249 1274 1312 1313 1329 1338 1359 1373 1404 1407 1432 1441 1475 1501 1546 1653 1716 1741 1765 1768 1797 1828 1906 1926 1933 1944 1947 1957 1990 2010 2036 2047 2085 2208 2266 2271 2285 2297 2325 2338 2398 2447 2515 2520 2532 2564 2576 2660 2675 2766 2777 2831 2866 2871 2910 2924 2946 2980 2983 3007 3080 3097 3134 3136 3175 3177 3217 3336 3356 3407 3442 3451 3469 3478 3511 3523 3529 3536 3545 3546 3583 3639 3641 3670 3672 3692 3723 3759 3786 3809 3997 3998 4023 4083 4107 4109 4110 4112 4117 4143 4185 4186 4229 4261 4341 4348 4435 4483 4487 4526 4529 4620 4655 4656 4675 4718 4764 4824 4901 4907 4949 5016 5117 5132 5182 5185 5269 5273 5275 5280 5286 5305 5331 5356 5359 5376 5389 5448 5536 5550 5563 5565 5594 5605 5644 5648 5686 5718 5725 5808 5836 5893 5907 5911 5912 5943 6017 6093 6115 6117 6244 6252 6305 6308 6343 6364 6383 6390 6575 6636 6677 6701 6721 6747 6748 6801 6806 6817 6838 6888 6956 6961 6980 7046 7063 7107 7130 7151 7166 7220 7284 7288 7311 7314 7410 7455 7456 7477 7558 7572 7626 7634 7639 7643 7645 7688 7696 7740 7783 7818 7919 7937 7986 8011 8014 8023 8025 8029 8045 8188 8197 8235 8305 8320 8424 8549 8563 8625 8626 8654 8730 8739 8752 8755 8818 8829 8830 8863 8868 8968 8973 8988 8998 9056 9073 9094 9104 9133 9141 9153 9334 9340 9347 9354 9442 9477 9588 9615 9741 9751 9756 9763 9764 9773 9812 9820 9836 9900 9946 9948 9970 9973 10050 10066 10070 10073 10080 10170 10174 10201 10205 10215 10263 10266 10312 10334 10402 10453 10500 10595 10657 10659 10714 10764 10798 10832 10882 10918 10928 10987 11036 11096 11100 11121 11124 11145 11251 11258 11259 11273 11285 11289 11291 11292 11312 11395 11412 11440 11464 11469 11472 11482 11483 11557 11676 11779 11782 11803 11821 11838 11871 11880 11960 12020 12025 12086 12101 12118 12152 12172 12177 12211 12234 12242 12285 12299 12309 12372 12394 12458 12593 12594 12613 12636 12656 12658 12697 12716 12787 12883 12966 12973 12985 13033 13038 13047 13055 13198 13214 13232 13241 13320 13351 13405 13410 13449 13453 13465 13544 13587 13650 13668 13755 13766 13876 13906 13983 14016 14025 14042 14137 14164 14185 14277 14283 14292 14303 14341 14342 14425 14477 14487 14499 14524 14534 14570 14605 14628 14661 14671 14695 14800 14883 14950 14996 15074 15088 15159 15234 15258 15299 15339 15382 15423 15458 15493 15499
thereby: 1872 2482 3799 4739 8571 11188 11643 12097 12435
therefore: 307 2770 2840 3348 5219 5368 6228 6499 7002 7047 8379 8470 8603 8616 8788 10137 10843 10869 11312 11383 11400 12761 12859 13074 13423 13529 13664 13782 14571
therein: 360 6518 8541 12259
thereof: 3156 12700
theres: 4268
thermes: 10493
these: 309 312 638 773 795 890 908 913 939 1020 1230 1234 1246 1347 1367 1401 1491 1516 1559 1605 1701 2037 2038 2042 2071 2124 2134 2357 2495 2508 2555 2622 2676 2789 2812 2820 2912 3326 3343 3555 3773 3815 4000 4091 4125 4146 4162 4221 4255 4258 4467 4509 4572 4573 4700 4714 4724 4726 4772 4866 4904 4916 4974 5062 5179 5181 5233 5353 5410 5454 5823 5910 5985 5988 6084 6146 6589 6616 6822 6864 6870 7018 7031 7036 7121 7123 7136 7200 7364 7398 7683 7708 7782 7845 7854 7863 7986 8007 8013 8081 8101 8130 8152 8220 8245 8400 8403 8449 8578 8673 8729 8788 8966 9025 9052 9401 10117 10151 10160 10221 10234 10241 10267 10304 10317 10321 10333 10345 10603 10657 10764 10839 10861 10916 10932 11013 11036 11049 11064 11231 11235 11275 11362 11370 11427 11499 11800 11851 11954 11984 12030 12171 12314 12521 12531 12545 12558 12566 12644 12708 12748 12839 12883 12902 12932 12956 12964 13044 13070 13084 13095 13272 13280 13763 13928 13974 14006 14130 14161 14380 14630 14658 14706 14741 14744 14789 14795 15000 15066 15091 15145 15204 15377 15458 15485 15530 15552
thews: 4484 4485
they: 422 500 511 517 518 529 586 599 603 605 777 849 885 908 926 991 1023 1029 1030 1031 1033 1127 1155 1163 1164 1242 1292 1372 1403 1551 1649 1651 1671 1696 1713 1719 2020 2021 2243 2359 2452 2482 2486 2499 2504 2506 2567 2575 2601 2605 2609 2624 2628 2631 2644 2648 2650 2799 2834 2842 3008 3131 3264 3271 3276 3291 3295 3504 3550 3641 3796 3803 3804 3810 3834 3881 3936 4112 4113 4114 4120 4121 4140 4142 4143 4147 4149 4150 4180 4576 4715 4716 4796 4803 4864 4881 4901 5098 5341 5350 5450 5493 5732 5766 5776 5778 5802 5909 5988 6099 6220 6223 6228 6241 6301 6341 6516 6598 6603 6674 6676 6749 6752 6753 6941 7024 7032 7038 7066 7104 7130 7132 7162 7163 7165 7204 7293 7361 7365 7471 7802 7804 7811 7865 7936 8016 8102 8242 8243 8390 8434 8451 8562 8567 8610 8644 8645 8655 8676 8711 8731 8732 8742 8745 8833 9022 9039 9040 9048 9049 9055 9101 9182 9186 9216 9232 9368 9369 9515 9568 9569 9572 9762 9766 9867 9880 9898 9926 9941 9954 10061 10070 10072 10074 10111 10148 10177 10179 10387 10410 10552 10566 10647 10679 10706 10954 11007 11081 11083 11164 11227 11479 11494 11495 11496 11512 11545 11550 11552 11585 11748 11749 11919 11924 11925 11945 11951 11955 12149 12168 12194 12218 12226 12309 12328 12342 12458 12470 12532 12544 12550 12599 12606 12607 12623 12721 12937 12986 12987 13072 13080 13165 13168 13173 13245 13305 13309 13310 13320 13343 13349 13353 13354 13355 13359 13367 13368 13401 13501 13502 13515 13526 13531 13576 13584 13588 13590 13596 13598 13600 13602 13603 13667 13669 13712 13714 13845 13850 13885 13972 14046 14077 14085 14118 14121 14123 14140 14164 14181 14242 14244 14247 14250 14339 14437 14438 14490 14735 14835 14839 14857 14921 14924 15000 15017 15028 15030 15074 15150 15152 15286 15350 15367 15377 15459 15502 15525
thg: 10893
thick: 1316 1963 2838 7519 8840 10329 12674 13063 13162 13512 14893
thickest: 8906 12832
thickets: 3772 3773
thickly: 1509 3490
thickness: 15428 15463
thieves: 1169 14182
thigh: 12876 13916
thimbleful: 11675
thin: 8130 8900 12462 12468
thine: 2827 3272 3426 5637 5666 9351 10010
thing: 367 426 776 1105 1135 1345 1576 2044 2441 2442 2493 2925 3048 3155 3529 3593 3887 3911 4479 4783 4893 4897 5562 5785 5844 6089 6110 6256 6361 6722 6762 6844 6884 6976 7481 7529 7635 7759 7771 7808 8025 8606 8745 8852 8963 9063 9329 9335 9343 9354 9473 9608 10148 10294 10300 10470 10513 10660 10715 10747 10753 10768 10805 10844 10851 11283 11381 11398 11932 12265 12714 12724 12790 12817 12841 13014 13073 13096 13301 13322 13366 13499 14122 14251 14335 14680 14753 14868 15183 15365 15534 15572
things: 404 890 1191 1237 1239 1246 1943 2575 2588 2812 2836 3068 3360 3549 3877 4398 4400 4493 4572 4713 4726 4756 4757 4772 5179 5415 5876 5912 5915 5934 5945 6146 6190 6449 6534 6589 6608 6822 6870 6964 7482 8007 8401 8449 8529 8676 9367 9399 9651 10155 10267 10419 10601 10631 10750 10828 10916 11016 11018 11026 11028 11064 11316 11536 11830 11921 11928 12261 12704 12733 12748 12781 12883 13004 13033 13293 14772 14920 14934 15423
think: 352 1150 1223 1787 1896 2081 2251 2274 2448 2576 2595 3916 4084 4304 4559 4570 4579 4675 4677 4731 4850 4861 5020 5078 5084 5131 5383 5402 5457 5669 5674 5678 5679 5798 6002 6244 6516 6769 7001 7480 7482 7483 7555 7592 7613 7627 7643 8267 8489 9291 9340 9371 9572 9606 9869 10470 11437 11749 11825 11921 12292 12737 12815 12851 12969 13633 14294 14300 14311 14883 15429
thinking: 1976 1977 1979 2299 2837 3948 4547 5681 5683 6290 6475 7566 9670 11402 14155
thinks: 1151 1188 1425 1794 1997 2355 2418 3077 4251 4329 6309 7497 7557 7563 7568 7570
thinness: 6790
thinnest: 2838
third: 2267 2453 2472 3967 5462 5955 6998 7084 8507 12440 13306 14287
thirdly: 11632
thirds: 4169 15218 15428
thirteen: 502
thirteenth: 11696
thirty: 449 2074 3600 3830 4833 6254 6788 8131 11567 13550 15376
thistles: 4113
thither: 1035 5960 11745 13063
tho: 581
thole: 12868
thomas: 505 617 789 7701
thorkill: 4476
thorns: 7683
thorough: 7662 15091
thoroughfares: 2547 11334
thoroughly: 1455
those: 563 586 901 1035 1108 1122 1212 1282 1550 1690 2021 2314 2591 2770 2782 2783 2789 2791 2795 2808 2824 2895 3086 3097 3276 3361 3549 3594 3933 4050 4088 4485 4565 4757 4832 4889 4969 5171 5947 6099 6140 6340 6537 6608 6625 6627 6629 6634 6669 6787 6789 6802 6826 6878 7029 7071 7126 7211 7687 7711 7743 7811 7888 7894 8002 8031 8116 8224 8357 8432 8437 8445 8533 8651 8801 8803 8844 8888 8897 8924 8955 8978 8994 9036 9047 9066 9107 9417 9727 9733 9866 9901 10073 10104 10138 10146 10153 10155 10197 10198 10205 10216 10225 10347 10409 10492 10530 10593 10686 10728 10748 10756 10780 10851 10886 10887 10929 11018 11202 11247 11257 11272 11287 11298 11540 11551 11819 11829 12071 12083 12121 12225 12276 12292 12340 12647 12926 13084 13129 13164 13172 13235 13242 13307 13477 13499 13512 13528 13550 13570 13572 13594 13645 13872 14015 14016 14169 14572 14578 14580 14646 14659 14660 14665 14731 14758 14817 14917 14950 15161 15180 15197 15528 15545
thou: 318 359 1396 1397 1401 2592 2951 3174 3245 3273 3284 4541 4549 4563 4568 4569 4570 4599 4604 4607 4626 4639 4651 4677 4688 4721 4924 4943 4964 4965 4972 4981 5020 5073 5074 5078 5085 5095 5505 5544 5545 5557 5606 5634 5656 5657 5665 5666 5668 5669 6302 6304 6305 6905 6919 6921 6923 6926 6928 7413 7415 9033 9052 9054 9055 9300 9307 9312 9352 9449 9450 9752 9886 9924 9945 10052 10079 10917 10977 10979 11002 11505 11509 11514 12207 12369 13137 15261 15346
though: 700 885 1064 1065 1106 1114 1116 1212 1222 1276 1278 1404 1556 1675 1680 1799 1938 1964 2256 2318 2321 2338 2375 2437 2484 2506 2650 2799 3145 3196 3198 3399 3416 3458 3464 3524 3528 3659 3704 3712 3736 3760 3787 3816 3851 3889 3902 3911 3934 3996 4179 4187 4394 4429 4621 4675 4766 4768 4797 4802 4880 4933 4935 5018 5051 5153 5454 5466 5730 5745 5861 5921 6114 6459 6547 6752 6782 6899 6913 7115 7166 7184 7207 7292 7463 7494 7631 7688 7748 7831 8050 8058 8086 8095 8116 8129 8138 8146 8284 8382 8394 8400 8414 8416 8422 8424 8572 8724 8729 8747 8769 8783 8816 8965 8966 8974 8982 9148 9254 9458 10103 10181 10206 10326 10372 10449 10605 10607 10617 10627 10629 10632 10634 10638 10643 10648 10651 10653 10740 10794 10848 10852 10861 11004 11016 11019 11231 11233 11253 11258 11263 11369 11549 11629 11864 11866 11881 12051 12053 12153 12324 12329 12365 12432 12483 12603 12633 12699 12732 12864 12913 12938 12967 12987 13008 13072 13091 13131 13169 13192 13208 13304 13318 13530 13546 13604 13607 13609 13615 13634 13768 14137 14261 14365 14534 14609 14636 14747 14773 14831 14836 14853 14953 15006 15097 15180 15182 15189 15191 15194 15198 15364 15369 15421 15443 15487 15578 15580
thought: 314 976 1323 1346 1371 1383 1400 1461 1586 1594 1689 1725 1774 1776 1963 1980 2011 2028 2058 2094 2108 2142 2173 2183 2202 2232 2327 2924 3468 3502 3552 3570 3612 3620 3697 3811 4001 4321 4589 4592 4629 4654 4684 4856 4887 4893 4929 4941 5184 5208 5217 5226 5230 5340 5375 5463 5466 5675 5855 5913 6068 6108 6288 6293 6411 6846 6856 6956 6957 7450 7599 8599 8621 8883 9011 9105 9109 9112 9266 9556 10421 10517 10537 10595 10673 10891 11032 11182 11282 11332 11659 11940 11954 12029 12043 12082 12305 12307 12782 12801 12810 12842 12869 13004 13047 13136 13948 14171 14409 15296 15544
thoughtfuhiess: 5136
thoughtful: 6202
thoughts: 1780 3511 5155 5419 5703 7595 9060 9066 10895 11357 11384 11401 11865 14410 15104 15330
thousand: 855 1072 1235 3089 3369 3477 3512 4724 6566 6802 7114 8769 9034 10181 10182 10484 10725 11948 12235 12353 13395
thousands: 1015 6357 11004 13939 15197
thousandth: 13827 14923
thrasher: 8084 8208 8214
thrashing: 8210
thread: 13505
threadbare: 217
threading: 7227 11180
threads: 12018 12025 12028 12038 12050
threat: 9868 14229
threaten: 15483
threatened: 3789
threatening: 948 12554 13194
threatens: 457
three: 771 813 1472 1502 1504 1640 2092 2462 2678 2840 4062 4119 4166 4220 4365 4386 4435 4436 4464 4884 4952 4953 5025 5130 5667 5676 5787 5919 6274 6394 6405 6429 6610 6716 7019 7031 7033 7036 7198 7202 7458 7844 7962 8245 8614 8634 8644 8673 8724 8771 8858 8884 8888 8989 9053 9211 9315 9413 9454 9466 9472 9476 9477 9485 9487 9497 9968 10392 11100 11104 11218 11316 11430 11432 11436 11457 11461 11465 11466 11576 11647 11714 11993 12125 12131 12188 12237 12357 12394 12577 12759 13026 13165 13200 13484 13567 13786 13864 13954 13974 14081 14091 14094 14137 14150 14164 14178 14209 14230 14366 14737 14829 14939 14969 14996 14997 15003 15276 15277 15439 15461
threes: 1800 6188
threshold: 6648 7350
threw: 732 2279 4859 5371 9219 10689 11155 11295
thrice: 3166 3634 5610 11453
thrilling: 12562
thrills: 9648
thriving: 13866
thro: 435
throat: 2593 4640 9669 9767
throats: 13980
throbbing: 11359
throbbings: 10740
throes: 11362
throne: 3830 6928 7720 10497 10656
throned: 10496
thrones: 7512
thronged: 11333
throttled: 9080
through: 232 305 497 512 672 699 884 1487 1533 1534 2038 2291 2544 2837 2952 3259 3467 3770 4064 4172 4344 4485 4747 5205 5209 5433 5619 6460 6624 6747 6803 7213 7349 7554 7780 7781 8152 8437 8446 8447 8631 8683 8696 8698 8733 8840 8945 9067 9069 9080 9337 9338 9591 9643 9648 9698 9764 9855 10119 10354 10474 10741 10751 10788 10901 10941 11216 11218 11357 11367 11524 11782 11842 12543 12585 12589 12609 12662 12732 12956 13048 13116 13234 13350 13864 13865 13867 13869 13870 13871 13920 14068 14072 14393 14399 14400 14511 14893 14912 15134 15138 15144 15273 15453 15513
throughout: 7247 11199 15011
throw: 941 1286 3789 6891 9787 9796 10837 11338 12135 13862 14475
throwing: 1465 1757 2197 2325 3655 3785 4063 4255 9004 14210
thrown: 639 664 1944 2231 2315 2642 3501 3523 6094 9164 10228 10343 11762 12346 12350 13132
throws: 989 3180
thrust: 1404 6443 12125
thrusting: 5673 8482 8666 9338
thrusts: 8151 9754
thumb: 12453 13298 14787
thump: 1155 1159 7559 7560 11497
thunder: 833 4015 4892 5754 5756 6258 6927 7331 7593 12179 13721
thunderbolts: 12490
thundered: 4995
thundering: 5677
thunderings: 13589
thunders: 3236 3331
thus: 1064 2065 2803 3139 3202 3250 3494 3551 3574 3643 3653 3814 4129 4162 5548 7321 7686 7921 8010 8074 8217 8237 8329 9189 9265 10855 11010 11031 11153 11163 11186 11402 11476 11694 11712 11820 12044 12053 12060 12364 13217 13435 13604 13623 13625 13819 14062 14112 14217 14897 15105 15293 15376 15516 15531 15538
thwack: 11681
thy: 3175 3273 3425 4563 4569 4625 4974 4979 4982 5023 5606 5607 5634 6303 6487 6488 6928 6929 7416 7417 7523 9068 9269 9307 9372 9379 9767 9784 9849 9854 9887 9921 9988 11401 13137
thyself: 5545 5656 9850
tian: 11806
tiara: 9480
tic: 7471
ticking: 4048
tickled: 1808 3870
ticks: 12096
ticularly: 11730 12873
ticulars: 11812
tide: 3148 3222 4666 9615 9886
tides: 9075 11188 12437 13076 13129
tidiest: 1727
tidings: 8489 10120 10648
tidy: 6534
tie: 12916
tied: 935 1021 7462 9608
tier: 9763
tierce: 6411 8941
tierra: 941
ties: 2933
tiger: 1070 10682 12163 12340 12521
tigers: 11450
tight: 6794 7023
tightly: 2320 9188 13131
tigress: 15232
tiled: 13512
tiles: 8065
till: 440 682 913 1266 1477 1693 1751 1999 2173 2916 3252 3432 3643 3723 4080 4218 4219 4343 4349 4370 4807 5067 5167 5353 5388 5901 5909 7229 7250 7722 8197 8684 8774 9152 9289 9854 10410 10954 11156 11338 11342 11359 11701 11705 12682 13018 13057 13805 14037 14042 14164 14180 14263 14394 14484
tiller: 4488 4490 13412 13419 13421
tilted: 12574
timber: 4703 7026 12812
timbers: 3239 7028
time: 824 846 987 992 1078 1145 1191 1200 1374 1462 1490 1895 1977 1991 2006 2085 2142 2254 2268 2283 2363 2406 2605 2635 2863 2870 2920 2933 3168 3222 3379 3443 3457 3675 3697 3736 3817 3993 4039 4118 4248 4294 4325 4862 4941 4997 5139 5208 5348 5355 5373 5402 5409 5629 5657 5679 5716 5943 5952 5954 5955 6004 6021 6146 6239 6556 6567 6654 6786 6992 7016 7020 7148 7170 7207 7451 7597 7730 7742 7744 7816 7861 7899 8261 8336 8356 8546 8608 8630 8723 8732 8739 9014 9069 9544 9615 10103 10129 10233 10279 10287 10305 10326 10435 10580 10754 10771 10795 10852 10869 11035 11248 11280 11284 11312 11378 11381 11398 11463 11612 11621 11649 11654 11766 11785 11802 11826 12023 12104 12122 12266 12323 12328 12390 12420 12567 12593 12687 12712 12789 12866 12884 13011 13038 13071 13092 13127 13200 13236 13243 13347 13402 13516 13751 13996 14124 14129 14286 14365 14423 14486 14574 14865 15000 15002 15171 15303 15527
timeliest: 11193
timely: 14173
times: 778 1534 2239 2551 2672 3503 3643 3935 4137 4386 4430 6638 6669 6814 6822 6916 7175 7398 7438 7486 7512 7561 7894 7966 8270 8424 8538 8732 8807 8848 10117 10228 10311 10366 10568 10591 10597 10781 10970 11235 11244 11274 11373 11379 11462 11474 11512 11520 11774 11808 11832 11932 11934 11947 12113 12268 12532 12697 12836 13035 13089 13095 13419 13478 13743 13931 14209 14581 14651 15374
timid: 2508 15524
timidity: 10214
timor: 11505
ting: 5069
tinge: 11058
tinges: 11047
tingled: 12465
tingling: 3990
tings: 1120 11189
tinguished: 10204
tink: 3953
tinker: 6952
tinkering: 12787
tinkling: 1325 1956
tints: 2475 15243
tinual: 13875
tinually: 9067
tinued: 9151
tinues: 15510
tinuing: 11228
tion: 2378 3400 6265 6418 7137 7825 8200 10330 10369 10735 11765 13804
tional: 5509
tions: 2771 9396 10612 10723
tip: 3677 12394 12552
tipping: 8509
tis: 731 9340 9373 9428 9471 9538 9539 9649 9651 9652 9872
tisbury: 6998
tish: 11127
tistig: 5111 5874
tit: 4436 4438 4442
tithe: 11230
title: 8362 9680 10610 14633 14655
titles: 7917
tive: 12891
tlje: 2712
toad: 5170
toadstools: 4117
toasted: 2461
toasting: 1392
tobacco: 2150 2172 3598 3599 6995
toe: 12812
toed: 4447
toes: 7564
together: 332 1631 1720 1772 2244 3460 3499 3572 3597 3666 4387 4510 4534 8399 8404 8953 10442 10698 11456 11649 11852 12047 12630 12642 12781 13103 14149 14394 14959 15286
toil: 3797 13800 15028
toilet: 2363 2404 2424
toiling: 6943 7524 13693 14070
toils: 1110
token: 60 6791 8829 12365 12689 13446 15338
tokened: 13256
tokens: 3477 10346 11372
told: 533 536 725 908 1081 1578 1753 1823 2213 2823 3569 3793 3801 3839 3906 3918 3935 4386 4629 4796 5270 5414 5447 6275 6290 8070 9271 11839 13462 13830 14007 14014 14170 14555
tolerable: 8648 14803
tolerably: 1939 13643 13737
tolling: 2994
tom: 731 11505 11519
toma: 2151 4007
tomahawk: 2041 2083 2147 2164 2172 2197 2207 2326 2329 2531 3578 3712 3723 4432 6129 6152 6160
tomb: 1339 2811 7375
tombs: 2819
tombstones: 4253
toms: 12937
ton: 8831 14773
tone: 4844 4853 12261 13215 13782
tones: 2993 2995 9162
tongatabooarrs: 2560
tongs: 5916
tongue: 231 3771
tonic: 9720
tons: 14894 15440
too: 320 321 608 1284 1308 1311 1323 1405 1435 1762 1763 1828 1855 2024 2073 2081 2274 2442 2516 2836 3188 3260 3288 3482 3592 3670 4255 4348 4925 4967 5017 5028 5122 5323 5414 6069 6082 6384 6408 6418 6856 7133 7404 7452 7481 8068 8388 8823 9103 9244 9249 9304 9474 9535 9539 9677 9697 9795 9801 10185 10523 10559 11123 11273 11289 11737 11869 11873 11953 11984 12607 13038 13320 13450 13714 13904 13906 13972 13987 14349 14529 14806 14839 15413 15514
toofc: 10746
took: 1329 1477 1761 1951 1978 1979 2043 2045 2129 3451 3598 3605 4073 4081 5370 5518 5628 5803 6006 6382 6668 6959 9269 10434 10742 11139 11756 12139 12326 14444
tookes: 386
tool: 15029
tools: 11885 11886
tooth: 1835 12156 15045 15051
toothache: 7471
top: 2116 2368 2906 3407 3417 3491 4512 5308 7242 7487 8331 8520 8819 8997 9195 9205 9220 9665 10056 10312 12383 12386 12556
topers: 1670
tophet: 1354 4256
topic: 8569
topmast: 4244 4246
topmost: 14392 15120
topple: 13438
toppling: 10910
topsail: 5688 7088 9004
topsails: 10057
tore: 1967 3367 5300 10438 12528 13116
torment: 5400
tormented: 1238 2396 3201 3257 11396 13083 13243
tormenting: 1086
tormentoto: 13081
torments: 10418 11345 14977
torn: 6861 7531 10262 10387 10444 12353 12586 13166
tornado: 12524
tornadoes: 3991
toronto: 3 15592
torrent: 5710
torrents: 9591
torrid: 6799 9368
torso: 5173
torsoes: 10496
tortoise: 11514
torture: 7684
toss: 12414
tossed: 1390 2948 3329 3330 3972 6452 7533 8902 10915 12192 12623 12680 13725 14078 14398
tossing: 8239 9283 12904 15232
tossings: 12377
tost: 9372
totality: 6760
totally: 900 11627
touch: 2215 2464 3528 4406 5619 6412 6458 6916 7125 7397 8499 8542 9453 9613 9626 9911 11057 13991 14166 14552
touched: 3104 3924 4493 4618 6635 9233 13839 14450
touches: 1135 14652
touching: 310 421 2350 3838 4256 5554 6074 6625 7172 7746 8104 8468 10593 10631 11413 11490 11544 11672 12781 12862 13353 13656 14709 14766 14807
touchy: 9988
tour: 14757
tow: 501 7412 9023 10579 13701
toward: 993 1305 1466 1861 1914 1993 2002 2019 2111 2437 2522 2996 3195 3256 3317 3341 3377 3549 3583 3602 4011 4051 4300 4510 4514 4666 4839 5153 5167 5168 5191 5233 5392 5488 5592 6065 6200 6366 6367 7216 8532 8536 8572 8980 9206 10441 11875 12076 12373 13133 13378 13775 13958 14025 15274 15326 15441 15453
towards: 382
towed: 2727 8045
tower: 1817 8331 8784 10884 10887 13682 14627 14993
towering: 8823
towers: 10494 10888
towing: 599 11782
town: 188 999 1014 1340 1583 1714 1821 1961 2184 2543 2565 2582 2595 2601 2635 3577 6559 13460 13470 13475 13483 13495 13519 13553 13580 13630 13649 13662 13749 13756 13834 13924 14012 14103 14191 14253 14281 14377 14423 14461 15495
towns: 6719 10749
tows: 9608
toying: 13915
trace: 2955 11146 15102
traced: 13160
traces: 3468
tracing: 11158
track: 9529 13304
trackless: 700
tracks: 7950
tract: 2598
tracted: 3188
tracts: 5628
trade: 8870
traded: 7824
trades: 11325 14594
tradi: 10722
trading: 11439
tradition: 7513
traditional: 4128
traditions: 7257 10749 10882
trafalgar: 8827
tragedies: 1220 4743
tragedy: 11621 13480
tragic: 6914 8456 11292 14996
tragically: 4746
trail: 7074 9419
train: 6765
traitors: 14180 14241 14626
traits: 13575 13614
tramping: 1644
trampling: 3237 11007
tran: 13941
trance: 2806 10969
tranced: 1065 8870
trances: 11345
tranquil: 10457
tranquillise: 8713 11299
tranquilly: 7261 12797
trans: 555 10290
transactions: 839
transcendent: 10679
transcends: 8546
transfer: 13306
transferred: 11781
transferring: 10416
transfigured: 10471
transformed: 13084
transi: 2377
transient: 11555
transit: 10190
transition: 1141 7212
transom: 4696 4817 5013 11141
transparent: 9081 15281
transpired: 13503
transplanted: 9925
transported: 6784
trap: 1350 1361 8945
trapped: 4058
trappers: 10780
trappings: 2780 8470
traps: 5908
travel: 1072 2491 3162 3173 13948
travelled: 1530 4486 11448
traveller: 2485 15087
travellers: 11060 13466
travels: 11453
traverse: 11948
treacheries: 14149
treacherous: 3414 6478 10363 10769
treacherously: 13040 15242
treachery: 14135
tread: 7085 9101
treasure: 4949
treasures: 4918
treat: 6903 14019
treated: 2360 7942 13623
treaties: 14243
treats: 8966 14940
tree: 942 1065 6143 7240 7243 8752 9248 9969 10163 10968 13427
trees: 1058 3958 4233 4245 8902 12064 13162 14485
trembles: 3126
trembling: 8703 10790 14241
tremendous: 769 4042 8455
tremendousness: 10223
tremu: 14193
trencher: 8667
trenchers: 5450
trepidation: 10834 10938
trials: 1110
triangles: 2234
triangular: 4513 12371
triangularly: 12375
tribe: 318 803 4439 10626 15394
tribes: 12098 15244
tribu: 12712
tribulations: 1110 6995
trick: 10971 14286 14319
tricking: 4480
tricks: 2923 4036
trict: 1382
tried: 1952 2319 3815 3891 5193 5223 6001 7550
tries: 3112
trifles: 4758 13211
trifling: 4424
trio: 7038
trip: 1076 7329 12341 12351
tripod: 7515
triumph: 714
triumphal: 14911
triumphantly: 6532
triumphs: 6695
trivial: 13761
trod: 1539 14557 15098
troils: 610
trooped: 10730
troops: 517
trope: 10479
trophies: 4479
trophy: 15044
tropic: 2473 6402 7351 8872
tropical: 2033
tropics: 8861 10457 10677
trouble: 440 1164 5065 7016 7528
troubled: 2288 2383 3496 5436 5817 6165 7294 8883 12462 12474 13055
troublesome: 3887
trous: 10154
trowsers: 2370 2590 3604 5707 6986 12158 13447
truce: 7109
truck: 3409 8786
trucks: 937 12389
trudging: 6965
true: 234 386 792 1127 1400 1556 1868 2603 2835 3317 3360 3399 3530 3749 3890 4116 4361 4620 5464 5753 5782 5921 6520 6535 6636 6673 7676 7899 7919 8072 8333 8443 10160 10700 11260 11986 13303 13395 13876 13987 14517 14556 14567 14612 14766 14798 14814 14868 15035 15367 15572
truly: 1474 2327 2904 3671 7373 12432 13761 14792
trump: 4079 12985
trumpa: 7874
trumpet: 8949 13184 13195
trunk: 1059 1946 7240 8754
trunks: 2077
trusive: 11495
trust: 579
trustworthy: 11810
truth: 2023 2357 3198 3263 3383 3415 3911 6474 6480 6642 6757 8739 8845 9350 10419 10489 10763 11467 11540 13552 13651
truthful: 14850
truths: 3361
try: 549 1045 1735 1962 2246 3551 4036 4211 4215 4216 4321 4340 7783 9657 10859 14179
tryin: 1881
trying: 1593 1871 2251 4914 5283 5715 5829 5857
tub: 14869 15442 15450 15453 15460 15467 15473 15498
tube: 7522 15446
tubs: 9730 12124 15456 15457 15458
tucked: 1260 3665 8981
tucket: 752 7125 9309
tucketer: 4550 13326
tucketers: 4709
tucking: 14318
tude: 9012
tufted: 1510 4511
tuileries: 327
tulips: 11058
tumble: 1731 6960 9756
tumbled: 1986 7461 12621 12635
tumblers: 1555
tumult: 3238 14216
tumultuous: 8673 12433 14894
tune: 9170
tunes: 6953
tunic: 10650
tunities: 787
tuniverait: 3
tuns: 4770
turban: 12160 12971
turbaned: 10400 12171 12914
turbid: 9527
ture: 2028 11314
turfed: 13914
turk: 10400
turkeys: 5455
turkish: 9357
turks: 8519
turmoil: 13959
turn: 644 2019 2184 2209 2915 3291 3631 5637 5859 5864 5960 6184 6979 8562 8856 9110 9112 9490 9808 9897 10366 10441 11257 11321 11670 13041 13994 13996 14019 14022 14032 14039 14085 14096 14311 15030 15254 15576
turned: 1355 1630 1934 2008 2219 3038 3336 3544 3572 3928 3976 4019 4271 4277 4394 4697 5294 5604 5818 6388 6982 7362 7493 7590 8744 9112 9512 9886 10481 11953 13261 14061 14231 14427
turning: 946 1904 2764 4007 4844 4963 5038 5069 5370 5505 5527 6207 6296 8148 8743 9405 10751 11101 11104 12288 12735 12747 13053 13217 14002 14079 14177 15357
turnpike: 3974
turns: 3137 3213 3884 4064 8498 8859 9096 9149 11120 12054 12385 13757 13928 14000 14503
turnstile: 4487
turous: 1285
turtles: 4125
tusk: 8140
tusked: 8157 13056 14625
tusks: 6318 7513
tut: 12226
tutored: 14907
twain: 2321 3540 13272
twas: 5109 7358 9556
twelfth: 7484
twelve: 502 1805 3707 11217
twelvemonth: 5110 10114
twenty: 3512 4110 6420 7387 7458 8093 10655 11632 14062 14319 15376 15431 15508
twice: 725 3634 5609 6166 6784 14080
twig: 7242 10968
twigged: 9677
twilight: 6024
twilights: 7364
twill: 9118
twin: 15458
twine: 5689 14301 14314 14315
twinkling: 6383
twisk: 9251
twiske: 9251
twist: 12754
twisted: 2048 7045 9257 13814 13959
twisting: 4025 14195 15335 15517
twists: 15454
twitch: 1728 6126
twitched: 2128 5018 9456
two: 39 379 399 414 831 939 1074 1169 1249 1260 1578 1599 1710 1717 1718 1907 2236 2257 2584 3053 3089 3380 3490 3601 3666 3757 3990 3995 4169 4232 4250 4301 4386 4703 4904 4999 5440 5893 5969 5990 6095 6160 6205 6349 6428 6560 7047 7087 7113 7740 7927 8288 8352 8860 8900 9248 9772 10306 10698 10933 11100 11220 11413 11434 11437 11449 11458 11459 11536 11640 11643 11811 11948 12091 12282 12384 12410 12456 12481 12482 12516 12533 12554 12597 12835 13000 13004 13026 13203 13269 13277 13297 13399 13402 13403 13430 13441 13452 13518 13583 13628 13764 13816 13844 13956 14111 14121 14127 14180 14182 14209 14241 14270 14287 14394 14442 14488 14855 14951 15218 15386 15428 15441 15456 15475
twofold: 11584
twos: 1800 6188
tyerman: 851
tying: 10770
type: 7850
typhoon: 5668
typhoons: 4453
typifies: 10635
tyre: 1280
tyro: 12420 13154
u: 859 903 13454
ubiquitous: 10277 10325
ubiquity: 10326
ugliest: 10809
ugly: 8702 13690
ulloas: 576
ultimate: 7707 9006 11866 12048 12892 14087
ultimately: 15383
umbrella: 2874
umbrellas: 8948
un: 3223 4475 5431 7094 8128 9367 10103 10194 10327 10449 10612 10897 11451 11810 12935 12974 13776 15282
unabated: 10473 10541
unaccountable: 1197 1460 1844 1893 4900 5385 6043 10287 12335 12710 12900 12916
unachieved: 11351
unaided: 10561
unalter: 12749
unalterable: 7226 12038 12932
unanswerable: 11966
unapparent: 15241
unappeasedly: 11373
unapprehensive: 9144
unassuming: 2978
unassured: 7407
unavoidable: 11234
unawed: 13695
unbecomingness: 2332
unbelief: 11686
unbiased: 1228
unbidden: 2792 11395
unbiddenly: 3586
unbodied: 8473
unbounded: 10967
unbroken: 934 14863
uncanonical: 12940
unceasing: 2781 9911
unceasingly: 11087
unceremoniously: 2130
uncertain: 6024 7785 8306 8321
unchallenged: 8545
unchang: 12924
unchanging: 12026
uncharted: 10346
uncivilised: 10105
unclad: 4761 8907
uncle: 3757 11733
uncleanliness: 6523
uncom: 5401
uncomf: 2134
uncomfortable: 1169 1861
uncommon: 4697 4711 10130 10336 11702 11809 13382
uncommonly: 1963 6815 12779 13451
uncompleted: 8331
unconditionally: 13795
unconquerable: 3759 7981 13680
unconscious: 4158 7017 9058 10572 12421
unconsciously: 4847 5266 7524 12801
unconsciousness: 4083
unconsumed: 12644
uncorking: 9254
uncounted: 6641
uncouth: 8321
uncouthness: 3479
undashed: 14746
undefiled: 3830
undeliverable: 1234
undeniable: 9989 10522
under: 898 1028 1225 1261 1593 1769 1995 2356 2370 2372 2390 3417 3599 4054 4118 4197 4260 4573 5169 5269 6143 6225 6262 6283 6871 7294 7945 7989 8362 8370 9591 10064 10217 10931 10939 10955 11096 11464 11803 12194 12196 12425 12522 12837 12839 12949 13170 13280 13883 14453 14961 15222 15241
undergraduate: 2381
underground: 10316
underlings: 10539
underneath: 1367 8947
understand: 1855 2353 4384 4634 5266 5462 6132 12733 13763 13769 13984
understanding: 1459 7663 15403
understandings: 10572
understood: 4225 11419
underwent: 14437
undeterred: 14369
undeviating: 11229 12097
undiscernible: 9065
undiscovered: 6722 13541
undivided: 2529
undone: 6726
undoubted: 8448 9334
undraped: 6900
undress: 1631
undressed: 1981 2267 3635
undressing: 2070
undulated: 15133 15339
undulates: 14623
undulating: 3732 15090
undulations: 14755
unduly: 3718
unearthly: 2030 3467 4031 10276 12062 15339
uneasiness: 7181 12224
uneasy: 5376 7293
unendurable: 2282
unensanguined: 10330
unentered: 13592
unequal: 1456
unerring: 643 7076 12482
unerringly: 9592
unevent: 8872
unex: 7975
unexampled: 10360
unexempt: 10175
unexhausted: 14654
unexhilarated: 8492
unexpected: 9163
unf: 10735
unfailing: 9673
unfair: 10133
unfaltering: 9629 11296
unfathered: 11395
unfathomable: 7681 14751
unfathomably: 10474
unfearing: 6965
unfinished: 8329
unfitness: 7681
unfitted: 3829
unfixed: 10533
unflatter: 10689
unflinching: 13828
unforeseen: 7425
unfortnate: 5272
unfortnt: 4364
unfrequent: 10136
unfrequently: 9029
ungeiitlemanly: 8663
ungodly: 5086 5665 10557
ungraspable: 1094
ungrateful: 13930
unharmed: 10740 12634
unhealing: 2782
unheeded: 2562 3081
unhinted: 10488
unholy: 2558
unhooped: 11186
unhorse: 6654
unicorn: 8158 8183
unicornism: 8159
unicorns: 8166 8955
uniform: 9110 12972
uniformity: 12097
unilluminated: 3707
unimaginable: 1476 2295
unimaginative: 10928
uninhabited: 13073 13867
uninjured: 11723
unintelligent: 10377
uninterrupted: 5716
uninvitingly: 7176
union: 11626
uniqueness: 7196
unite: 1033 3619 3629 3631 4726
united: 1206 4511 7802 14086
universal: 1159 2798 7032 15246
universality: 10932
universally: 14636
universe: 1406 9010 11031 11059 12699
university: 56 15592
unknown: 1714 1788 2552 3087 6532 7173 7724 7886 8347 9335 10754 11612 11827 12190 12565 12901 13367 13483 15193 15371 15529
unlacing: 2007
unless: 1067 1102 1786 1813 4576 5141 5460 5493 6083 6758 11383 11909 12811 14000 14037
unlighted: 12507
unlike: 3935 4755 9145 15379
unlikely: 10526
unlimited: 4667
unlock: 2319
unloitering: 11294
unmanifested: 8437
unmanufactured: 6766
unmentionable: 6450
unmethodically: 2238 5248
unmindful: 9151 11932
unmistakable: 11336
unmistakably: 3680
unmitigated: 4804
unmixed: 7061
unnatural: 1488 2128 10699
unnaturally: 5321
unnear: 13036
unnecessary: 2913 7311 8881
unneeded: 9025
uno: 610
unob: 1692 8428 11494
unoccupied: 1573
unostentatious: 13363
unoutgrown: 4724
unpainted: 14797
unpanelled: 4481
unpitying: 6951
unpleasant: 323 1135
unpleasing: 6353
unpoetical: 6499
unpolluted: 6766
unpre: 5172
unprofessional: 14658
unprovided: 8923
unpublished: 895
unquestion: 15004
unquestionable: 11259 14518
unquiet: 11299
unre: 2778
unread: 10877
unreasonable: 6742
unreasonably: 6724 12316
unreasoning: 9336
unrecking: 9358
unrecorded: 6604
unrelenting: 10533
unreliable: 11924
unrelieved: 11919
unreluctantly: 3295
unremoved: 13128
unresting: 14434
unrestingly: 6447 13075
unrivalled: 13868
unrolled: 13129
unrustlingly: 10901
unsaid: 10591
unsay: 1867
unsays: 9354
unscrupulous: 14581
unseamanlike: 14274
unseasonable: 9019
unseen: 2931 5051 6367 7167 11769 12710
unsettled: 7785
unsheathes: 2415
unshored: 7658
unshorn: 2456
unshunned: 13927
unsightly: 14697
unsleeping: 9105
unsocial: 15191
unsolicited: 3278
unsophisticated: 10877
unsounded: 9590
unspeakable: 2809 6536 7770 13813
unspeakably: 15191
unsplinterable: 333
unspotted: 10715
unstaked: 12953
unstarched: 14899
unstirring: 2806
unsubduable: 12909
unsullied: 10331
unsuppressible: 11370
unsurrender: 7289
unsus: 10572
unthinking: 13657
unthinkingly: 12019
unthought: 12428
until: 3214 6620 11661 12862
unto: 3306 3375
untraditionally: 4731
untravelled: 10885
untrodden: 6346
untutored: 3762 3800 9650 10872
unusual: 2366 8426 10373 11727 12971 13527 13640 15362
unvarying: 13087
unvitiated: 7071
unwaning: 7360
unwarrantable: 1788 8843
unwarranted: 1468
unwelcome: 3361
unwieldy: 660
unwilted: 6346
unwithdrawn: 5295
unwittingly: 6548
unwonted: 10336 10358 12988
unworthy: 4725 6616 7718 14916
unwritten: 7751
up: 233 306 324 356 376 406 512 529 586 658 724 732 815 929 983 1021 1061 1200 1273 1302 1350 1365 1389 1403 1410 1426 1490 1584 1600 1630 1639 1757 1853 1879 1893 1908 1944 1951 1965 1978 2048 2077 2104 2105 2130 2147 2159 2175 2194 2239 2250 2251 2277 2315 2336 2350 2370 2410 2416 2425 2624 2879 2916 3042 3145 3297 3377 3445 3450 3451 3632 3659 3664 3666 3785 3811 3871 3914 4004 4015 4077 4121 4228 4250 4313 4358 4425 4435 4463 4528 4614 4675 4827 4838 4891 4918 4931 4972 5001 5034 5192 5248 5312 5343 5363 5364 5391 5685 5689 5711 5745 5834 5981 6000 6063 6112 6137 6166 6239 6256 6289 6312 6346 6378 6486 6487 6541 6789 6795 6873 6926 7108 7353 7354 7407 7451 7529 7591 7830 7969 8126 8151 8503 8520 8522 8589 8607 8666 8695 8754 8996 9055 9120 9146 9188 9193 9287 9371 9393 9487 9491 9534 9583 9614 9618 9756 9818 9821 9854 9928 9961 10094 10313 10419 10541 10559 10580 10846 11120 11321 11363 11365 11384 11523 11657 11702 11714 11736 12063 12369 12371 12394 12501 12502 12600 12621 12634 12636 12639 12657 12659 12663 12683 12684 12688 12736 12756 12796 12801 12880 12901 12904 12907 12961 12996 13120 13219 13390 13441 13774 13777 13961 13969 13982 14084 14090 14092 14099 14159 14163 14179 14186 14241 14277 14358 14372 14384 14393 14404 14485 14503 14654 14978 14979 15000 15224 15226 15464 15472
upbraiding: 9037
upbraidings: 6902
upheaving: 12997
upholding: 10498
uplifted: 2988 9206 13797 14227
upliftings: 8802
upon: 322 519 541 892 946 990 1015 1017 1066 1067 1074 1079 1121 1170 1264 1366 1498 1499 1504 1563 1579 1655 1676 1681 1707 1731 1779 1805 1900 1944 2037 2230 2332 2341 2352 2544 2588 2609 2612 2641 2666 2793 2805 2856 2893 2948 3039 3120 3126 3248 3249 3259 3270 3279 3291 3305 3345 3346 3365 3373 3378 3389 3501 3511 3540 3556 3704 3785 3839 3883 3913 3918 3960 4006 4007 4041 4137 4167 4252 4273 4387 4392 4393 4402 4408 4421 4474 4770 4798 4892 4918 5247 5329 5330 5437 5458 5576 5612 5613 5747 5856 5899 5919 5934 5979 5997 6022 6095 6097 6113 6131 6141 6164 6200 6218 6315 6377 6445 6482 6532 6582 6696 6725 6742 6787 6845 6927 7129 7218 7252 7257 7270 7283 7303 7322 7324 7362 7390 7441 7550 7657 7719 7795 7808 7883 7903 7938 7939 7969 7978 7982 8001 8019 8200 8238 8331 8367 8398 8399 8423 8531 8565 8568 8717 8755 8791 8817 8819 8833 8854 8900 8957 8966 8982 9030 9053 9100 9103 9149 9345 9501 9544 9679 9724 10155 10300 10367 10428 10432 10482 10485 10542 10706 10713 10714 10757 10856 10915 10974 10983 11057 11061 11156 11159 11193 11244 11297 11403 11418 11459 11515 11566 11585 11586 11591 11604 11611 11640 11658 11671 11706 11717 11788 11852 11910 12018 12161 12171 12200 12275 12374 12382 12387 12397 12425 12426 12502 12560 12573 12643 12676 12688 12767 12790 13016 13041 13054 13276 13348 13425 13489 13511 13523 13587 13740 13796 13862 13916 13947 13961 14052 14061 14079 14124 14133 14135 14171 14264 14269 14270 14276 14432 14437 14502 14570 14700 14817 14861 14863 14873 14909 14963 15077 15081 15131 15147 15197 15221 15222 15247 15302 15317 15500 15509
upper: 984 7240 8488 10494 13653 15497
upright: 906 2639 4824
uprising: 9064 12963
uproar: 13957
upstairs: 1920 2266 5354 8852
upward: 2903 3206 3256 3410 3937 5322 6562 6565 8108 8131
urbane: 1176
urged: 10692
urging: 12290
urn: 13051
us: 382 410 564 601 1170 1442 1596 2321 2598 3048 3050 3052 3054 3056 3068 3069 3070 3540 3581 3585 3658 3665 3729 3935 4210 4213 4217 4222 4275 4276 4277 4305 4309 4326 4391 4409 4444 4634 4917 5187 5326 5490 5551 5554 5678 5704 5763 5829 5830 5838 5844 5861 5866 5879 5882 6022 6023 6058 6063 6074 6316 6351 6501 6516 6547 6548 6898 7211 7684 8779 8847 8952 8967 9384 9400 9401 9508 9812 9878 10576 10699 10839 10840 10854 10856 10859 10895 11032 11059 11642 12227 12394 12598 12610 12622 12639 12643 12677 12687 13017 13029 13040 13041 13054 13063 13082 13088 13173 13236 13245 13246 13472 13898 13991 14000 14001 14019 14025 14037 14038 14099 14187 14520 14536 14658 14689 14731 14791 14793 14938 14940 15133
usage: 6939 6954 8356 8615 12544 13524
usages: 8429 8432 8530 11988 13265 13752
use: 4110 6749 7418 8433 9048 11885 13394 14969 15412
used: 1576 1908 2895 3881 4505 4802 4875 5015 5020 5090 6763 6840 7427 7606 7895 8145 8149 8154 8624 8996 9796 11886 12385 13490 14497 15407 15410 15450 15456
useful: 6832 6844
usefulness: 3850
useless: 5412 12651
uses: 1344 6160 6758 8209
usher: 214 217
ushered: 1921 4275
using: 2418 2520 3868 6308 9200 9480 12016
usual: 3166 7506 8899
usually: 2908 5931 7066 7398 9095
usurpation: 7726 11966 11971
usurper: 7719
utilitarian: 4811 14776
utmost: 2870 3373 3526 11719 13302 13728 15115 15449 15528
utter: 4123 5133 7677 12973
utterance: 3455
uttered: 4322 10740 13771
utterly: 778 6834 7004 7723 8018 8985 10754 11594 11618 13366
v: 83 453 1321 2431 4800 7857 8055 8084 8208 15604
vacancies: 8658
vacancy: 14284
vacant: 9058 14934
vacantly: 3454 12004
vacated: 11398
vacating: 13050
vacation: 11320
vacuity: 13059
vagabond: 13927
vagrant: 8955
vague: 4249 5869 7172 8103 10596 11549 12675 13044 15366
vaguely: 7873 10269 15390
vagueness: 5138
vain: 1067 3112 3113 3293 3789 5330 6485 7780 7999 9034 9041 9471 10488 10953 12645 13186
vainly: 4914
val: 11318
vali: 8812
valiant: 6941 9478 11522 13779 13960
valise: 3105
valley: 1057 10982
valour: 6885 6900
valparaiso: 11678
vals: 14072
valuable: 312 7880 7881 8050 8256 8310 11481
value: 395 4702 5170 7901 11809
van: 1137 10783 13028
vancouver: 6593 6610
vanish: 5011
vanity: 8626 12436
vanquished: 11456
vapour: 6163 7519 12463 12470 12574 12620
vapoured: 15408
vapours: 7530
varieties: 7987 13576
variety: 4374 4668
various: 1225 2239 2475 3576 5408 6190 7753 7762 7931 7946 8015 8029 8889 9568 9711 10136 10608 11145 11149 11150 11520 13188 14829
variously: 4712 15025 15113
varying: 8092 11924 14760
vases: 14636
vast: 439 543 614 710 777 1511 1546 6318 6542 9325 10291 10492 10716 10727 10963 12378 12548 12682 12699 13076 14372 14751 15131 15153 15160 15194 15332
vastly: 5180
vaticans: 305
vault: 652 12799
vaulted: 238
ve: 1734 1741 1869 4558 4626 5114 5779 5800 5818 5836 9053 9571 9572 9583 9669 9753 11107 12744
vehemently: 9155
vehicle: 11379
veil: 7682 10918 11026 12589 14401
veiled: 9920
vein: 11234 11237
veins: 3760 6674 6676 11227
velocity: 665 673 7979
velvets: 7355 11048
vendome: 8819
venerable: 2855 4456 7907 14550
venetian: 10400 15140
venetianly: 13875
vengeance: 2419 4716 8629 9306 9307 9321 9327 11293 13557 15214
vengeful: 13050 13611
venice: 13901 13906
vent: 1314 3251
ventricles: 14265
vents: 513
venture: 603 1681 3484 12968
veracious: 14678
veracity: 11468
verbal: 401
verbally: 11985 14150
verdant: 15258
verdes: 12951
verdure: 2868 3999
veriest: 4757 13211
verifications: 9398
verily: 11802 14381
veritable: 310
verity: 11421
vermont: 10982
vermonters: 2565
vernacular: 14175
vernal: 6345
versailles: 14911
verse: 3041
version: 419 881
vertebra: 4346
vertical: 7829 15446
vertically: 7963 11769
very: 395 429 853 993 1298 1299 1383 1454 1850 1981 1984 2076 2107 2108 2130 2310 2313 2356 2369 2382 2391 2399 2436 2491 2523 2854 2860 2889 3490 3502 3507 3545 3547 3550 3641 3662 3668 3821 3858 3873 3925 4123 4158 4197 4222 4353 4444 4526 4535 4639 4782 4875 4888 5013 5097 5119 5346 5372 5416 5436 5442 5446 5517 5527 5686 5818 5833 5910 5934 5949 5993 6006 6071 6083 6122 6139 6218 6308 6355 6461 6713 6950 7000 7144 7196 7447 7452 7605 7760 7770 7786 7964 7975 8002 8050 8115 8130 8155 8185 8187 8195 8261 8266 8533 8669 8779 8963 8967 8974 8977 8984 8996 9036 9244 10162 10306 10490 10525 10526 10530 10535 11026 11302 11315 11359 11404 11413 11562 11602 11676 11693 11698 11700 11722 11784 12068 12381 12403 12510 12713 12766 13103 13235 13315 13319 13432 13448 13469 13521 13529 13553 13645 13678 13860 14226 14290 14348 14470 14634 14651 14736 14742 14773 14784 14799 14959 14963 15173 15183 15204 15362 15365 15465 15532 15544
vessel: 404 752 838 898 2906 3844 4392 4395 4471 4699 5001 5705 5907 5992 8359 11721 11734 11842 13196 13307 13644 14437 14439 14498 14965 15358
vessels: 925 4705 5927 5932 6565 8768 10128 11521 11819 13266 13277 13290 13303 13754
vest: 4763
vested: 10360
vestibule: 7786
vesture: 4827 10650
veteran: 6540 14945
vexed: 5358
vhalemen: 13490
vhe: 1018
vi: 85 2537 7857 8063
vial: 8773
vibrated: 12465
vibration: 1080 12026 12027 12049
vibrations: 9390
vicariously: 7165
viceroys: 13686
vicinities: 13887
vicinity: 905 1773 5591 6298 8278 8971 11510 12120 12366
vicissitudes: 6829 10243 12852
victor: 5449
victories: 13589
victors: 5453
victorys: 2950
vide: 453
view: 313 394 782 1159 2400 2548 4515 5461 6752 9005 10941 11181 11315 11524 11865 12676 12891 13154 13397 15088 15182
viewed: 1456
viewing: 9727
views: 10967 10973
vigi: 11294
vigilance: 8400 10938 11995 14434
vigilant: 9018
vignettes: 14650
vigorous: 2417 13857 14358
vigorously: 1744
vigour: 4423
vii: 25 87 131 2656
viii: 89 135 2850
vile: 1732 3095 5097
village: 7063 11728 14978
villages: 9927 13598 13866 13920
villainous: 1557 13361
villains: 13360 14166
villainy: 14141
vindictive: 6443 7214
vindictiveness: 10404 11874
vine: 7062 14631
vinegar: 5236 5250 5259 5267
vineyard: 4576 5649 6999 12497
vineyarder: 7205 13556
violate: 1185
violence: 10100 10239 13931
violent: 1778 2373 11756 13438
violently: 7432 11969
virgin: 4738 6605 10025
virginia: 1691
virginias: 10891
virtue: 1034 3163 8449 10561 10606
virtues: 7105
visage: 13926
vishnu: 14607
visi: 13476
visible: 1502 5061 6874 7172 7302 7782 7966 8521 9061 9332 10831 11019 11035 12461 12481 12572 12704 12705 13429 15287
visibly: 10195 10427
vision: 7314 9047 10654
visit: 662 1068 2663 3792 7300 7371 8291 11271 13427
visitants: 7333
visitations: 8673
visited: 394 3764 5446 5986
visiting: 6512
visitors: 2596
visits: 1458 7374 13401
visual: 9049 11238
vital: 2820 10201 10450 14259
vitality: 6800 8695 9203 11394
vitiated: 3761
vitus: 9450
vivacious: 8245 12432
vivid: 10353 11356 11551 12162 12532
vividly: 10705
vocation: 3839 6517 7197 8351 10244 12190 13911
voice: 558 1351 1688 2978 3146 5490 5502 6021 8492 9208 9740 10054 11992 12064 12179 12975 13219 14109 14365 14452 15344
voices: 2276 9160 9380
voids: 2791 11031
vol: 40 625 1002 1658 2343 3011 3682 4287 5004 5659 6369 6967 7575 8248 8875 9558 10250 10947 11569 12181 12844 13454 14143 14844 15433 15585
volatile: 8169
volcano: 11270
volition: 9458 15556
volume: 23 4829 8038 8118 8119 8930 10189 11416
volumes: 39 7746
voluntarily: 1477 7089
voluntary: 4738
volunteered: 12399
volve: 13476
vomited: 3378
von: 610
voracious: 701
voracity: 8106
vortices: 9078
voted: 4078
vow: 3768 11299
vowed: 3768
vowing: 5299
voyage: 539 566 611 685 805 901 944 1079 1194 1199 1208 1219 1246 1271 1641 2463 2824 2968 3966 4316 4497 4601 4863 4879 4882 5123 5350 5351 5668 5791 5875 5929 5935 5992 5995 6219 6291 6356 6402 6447 6666 7019 7201 7247 7802 8174 8177 8368 8394 8601 8771 8889 8928 9038 10116 10446 10525 10528 10542 11200 11439 11566 11737 11871 11916 11964 11987 12718 12828 13241 13642 14250 14663 14673 14721
voyaged: 13048
voyager: 911 14945
voyagers: 5646
voyages: 505 515 601 883 2027 4436 4558 4630 5062 5130 6608 8395 11150 11689 14661 14662
voyagings: 13209
vulture: 11403 11404
vultures: 14166
vum: 1916
vyge: 4364
w: 241 1615 6511
wad: 7416
wade: 1069
waded: 4149
wading: 15273
wafer: 11738
wag: 9784
wages: 3810 4864 8398
waggish: 7018 9682
wagon: 5733
waif: 12655
wail: 3313
wailing: 1359
wainscots: 1453
waist: 3588 4060 5688 8094 8287 11080 13106
waistcoat: 2410 4787
waistcoats: 2590
wait: 1740 1742 1794 11313
waited: 8562
waiter: 8717
waiting: 4298
waits: 8717 9500
waiving: 7806
wake: 760 1652 2330 4993 6126 7075 9527 9646 10355 11234 11327 13344 14894
wakeful: 3662 7368
wakened: 1778 13498
wakes: 9023 11352 11510 12576 13203
waking: 2230 2289 2307 2315 3501
wal: 275 7925
wales: 3795
walk: 2489 4119 7409 9095 9102
walked: 5136 5855 10781 13007
walking: 5488 6141 7303 12992
walks: 8070 11783
wall: 1507 1767 1875 1966 2157 2416 2678 2771 2942 5213 5214 5304 9338 9339 14607
walled: 6719
wallers: 463
wallet: 2042 3599
wallow: 241 12188
wallowing: 12607
walls: 1942 2937 10915
walrus: 7825 13159
walruses: 4197
walter: 2718
walw: 241
wampum: 10634
wand: 12067
wander: 1582
wandering: 3961 11451
wane: 12900
waned: 12899
wanes: 13894
want: 1587 1856 4541 4567 4578 4581 4584 4653 4944 5033 5073 7589 13995 14007 14028 14029 14463 14489
wanted: 1889
wantest: 4604 4651
wanting: 1070 5951 11872 11960 13034
wantonness: 512
wants: 4841 5028 9987
wapping: 2554 15004
war: 2075 4154 6594 6927 11633 11675 11842 13349 13408 14427 14455 15042 15059 15104 15248
warbling: 7326
ward: 427 1528 1558 4964 7130 8411 9646 12578 13239 13640
wardrobe: 1946
wards: 3191 4702
warehouse: 4217 4224
warehouses: 982 1028
warfare: 10258
warks: 4482
warlike: 8561
warm: 319 1425 3377 3667 3680 3693 4307 6455 7326 7797 7812 9355 9531 9902 10787 13855
warmed: 3538
warming: 4432
warmly: 7351
warmth: 3671
warn: 5114 6080
warned: 13814
warning: 14443 15555
warnings: 9396 9397
warp: 12015 12025 12028 12044 12047 15511 15513
warping: 10749
warrant: 11639
warranted: 6800
warranty: 7183
warring: 3331 13005
warrior: 2508 7071 11532
warriors: 3759 8724 10883
wars: 12135 13377
wash: 1927 2406 2411 3951
washed: 1000 2407 5531
washes: 9479
washing: 8830 13754 14339
washington: 3491 8823 11213
washingtons: 3487
wasnt: 6041 7598 7609
wast: 4549
waste: 699 6407
wasted: 5690 6849 7223
wasting: 6791 9571
watch: 158 1324 1646 2168 3845 4048 6321 6960 7216 7395 7507 8262 8905 8906 8911 8915 9649 9664 9753 9774 10713 11078 11124 12106 14065 14234 14266 14270
watched: 13003 14217
watches: 4729 7161 7170 7387 8370 11920 14290
watching: 2362 2412 3463 14484
watchmakers: 8257
water: 488 503 512 654 671 848 928 1009 1026 1030 1043 1053 1071 2336 2411 2554 2837 2838 2877 2937 3085 3188 3300 3773 3920 3971 4067 4086 4674 4980 5581 5702 5942 7009 7213 7354 8052 8957 9226 9646 9797 10955 11080 11247 11704 11715 11783 12019 12167 12199 12343 12462 12468 12474 12500 12571 12585 12594 12637 12723 12756 12761 13062 13214 13420 13525 13573 13670 14077 14340 14453 14624 14627 14957 14976 15141 15241 15325 15334 15370
waterproof: 12653
waters: 3051 3389 4140 4730 5710 6366 6604 6640 7682 7796 7977 8602 8955 9494 9527 9998 10181 10315 10713 10748 10945 11197 11287 11323 11656 11819 11828 12005 12956 13583 13645 13943 14751 15198 15284 15343
waterspout: 9955
waterward: 999 1329
watery: 977 3370 4152 4164 6817 7970 9005 9616 10111 10190 12349 12555 12953 13464 13676
watts: 6284
wave: 697 3250 8175 13601 15312
waved: 4512 15277
waves: 383 1000 3002 3420 4189 5090 6443 7534 8869 9059 9532 9897 9899 10896 11291 12553 12609 12641 12679 12957 13057 13112 13117 13158 15286
waving: 3430 9514 9553 12467
wavy: 7972
wax: 8129 13115
waxed: 3972
way: 497 511 978 1062 1157 1158 1190 1197 1266 1328 1455 1459 1534 1914 1953 2002 2199 2446 2669 3115 3162 3448 3522 3523 3660 3699 3858 3912 4058 4122 4172 4229 4357 4374 4605 4690 4705 4887 4889 5240 5308 5309 5334 5341 5576 5579 5834 5838 5880 5994 6001 6033 6120 6301 6362 6583 6597 6643 6692 6694 6697 6958 7203 7227 7251 7397 7410 7428 7495 7648 7727 8039 8111 8170 8381 8663 9004 9304 9434 9593 9767 10111 10142 10355 10492 10573 10602 10608 11033 11228 11248 11678 11691 11697 11743 11745 11772 11809 11914 11951 12119 12206 12242 12255 12311 12312 12327 12363 12398 12458 12592 12860 13357 13497 13548 13634 13645 13649 13654 13815 13960 14054 14140 14267 14274 14795 14801 14912 15031 15274 15321 15490 15510 15554
ways: 2365 3816 5015 5554 5611 5634 6913 7006 7416 10285 11184 11869 11912 13189 13204 14182
wayside: 11279
wayward: 12711
we: 379 421 523 562 564 579 580 585 586 597 681 737 746 839 1093 1177 1180 1440 1600 1630 1641 1796 1906 1908 1921 2480 2496 2527 2801 2808 2833 2836 3050 3070 3071 3147 3365 3386 3499 3530 3557 3572 3575 3576 3579 3584 3589 3590 3596 3635 3636 3653 3657 3659 3662 3664 3668 3696 3710 3722 3857 3876 3878 3880 3883 3934 3955 3986 3989 3992 3993 4090 4102 4208 4215 4218 4219 4221 4229 4304 4318 4328 4356 4382 4602 4749 4882 4922 4967 4968 5030 5178 5188 5318 5475 5478 5488 5553 5555 5593 5595 5599 5675 5686 5723 5751 5766 5855 5858 5864 5875 6015 6037 6046 6058 6073 6088 6092 6093 6099 6112 6130 6161 6180 6185 6291 6313 6314 6349 6390 6429 6518 6519 6554 6563 6755 6769 6839 6892 7048 7206 7209 7327 7657 7658 7815 8023 8026 8201 8788 8810 8814 8856 8937 8938 8939 8940 8991 8995 9053 9305 9508 9689 9733 9762 9772 9960 10228 10490 10835 10836 10837 10850 10855 10857 11022 11025 11044 11053 11120 11567 11646 11647 11697 11699 11700 11712 11716 11717 11718 11722 11746 11756 11758 11802 12060 12111 12584 12589 12634 12636 12644 12645 12663 12666 12675 12679 12683 12698 13048 13054 13082 13170 13171 13235 13239 13242 13255 13341 13848 13856 13899 13991 14006 14019 14020 14027 14028 14029 14030 14036 14038 14044 14520 15130 15133 15191 15213 15327 15330
weakened: 14438
weakly: 12040
weakness: 11371
wealth: 466 856
wealthy: 13933
weapon: 793
weapons: 795 1518 8710 9411
wear: 2780 4120 4883 9535 9538 11060 13389
wearer: 9537
wearied: 7399 13121
wearies: 9534
wearily: 13048
weariness: 11342
wearing: 1965 2457
wearisome: 3663
wears: 460 1144 2577
weary: 1317 3173 8584
weather: 1666 4041 4452 4655 4664 6400 7207 7210 7327 7360 7509 8569 8763 8861 8904 8926 9014 9079 9145 9971 11698 11925 13046 13366 13532 15074
weave: 6914 12030
weaving: 12006 12024 12060
weavingly: 12047
webster: 853
websters: 238 859 13392
wed: 10782
wedded: 1053 5130 11869
wedding: 2631 3919 3927 3929 15468
wedge: 9618
wedged: 13436
weed: 3051
weeds: 3369 4112
weedy: 7659 14880
week: 1020 1340
weekly: 2564
weeks: 2308 2474 10441 11676 12795 12949
weep: 1358 3313
weepons: 4368
weigh: 6225 6262 6283 6553
weighed: 1149 1962
weight: 544 2244 2877 3195 9620 15431 15465
weighty: 3312
welcome: 1247 7332
welded: 6822 10094 12617
well: 311 317 924 1154 1243 1271 1401 1939 2247 2365 2403 2794 2937 3283 3288 3613 3665 3852 3869 3891 3928 3934 4340 4402 4503 4581 4654 4671 4677 4688 4754 4792 4921 4930 5024 5042 5068 5081 5085 5087 5089 5114 5278 5343 5582 5819 5820 5823 5833 5969 6211 6221 6226 6255 6569 6586 6745 6753 6783 6800 6814 6860 7025 7448 7471 7472 7487 7549 7600 7635 7661 7773 7970 8088 8106 8254 8816 8977 8980 9082 9432 9453 9471 9679 9680 9812 9870 9871 9946 10294 10300 10515 10598 10806 10830 11244 11471 11516 11824 11989 12310 12334 12646 12782 12850 12857 13272 13450 13498 13552 13567 13597 13653 13675 13859 13893 14027 14196 14283 14529 14566 14842 14856 15183 15403
weltering: 1501 12683
went: 1328 1634 1758 1812 1921 1965 2086 2266 2480 3575 3597 3605 3635 3878 4207 4852 4917 4948 5044 5192 5227 5348 5354 5407 5599 5653 5668 5898 5978 6093 6184 7146 7349 9434 9513 11085 11440 12110 12307 13059 13540 13695 13731 13816 14075 14405 15296 15327
were: 397 517 599 716 737 909 1008 1060 1066 1067 1071 1081 1219 1292 1319 1330 1344 1387 1407 1493 1509 1510 1516 1518 1596 1600 1906 2021 2038 2072 2076 2077 2107 2125 2131 2236 2246 2313 2324 2326 2351 2365 2398 2452 2496 2500 2624 2650 2674 2727 2777 2782 2871 2878 2909 2910 3155 3369 3399 3489 3524 3543 3550 3557 3574 3589 3590 3657 3667 3703 3709 3710 3754 3759 3803 3804 3858 3880 3881 3929 3960 3965 3992 3996 3997 4045 4051 4059 4074 4245 4341 4435 4462 4465 4467 4482 4799 4826 4866 5155 5411 5450 5452 5454 5488 5603 5687 5701 5704 5894 5895 5897 5901 5905 6090 6109 6135 6161 6189 6190 6219 6221 6312 6329 6341 6350 6354 6358 6483 6506 6509 6601 6608 6638 6697 6806 6822 6882 6946 7032 7036 7038 7039 7049 7086 7132 7136 7172 7185 7204 7314 7322 7353 7374 7388 7513 7527 7610 7615 7675 7792 7803 7804 8424 8432 8434 8562 8579 8584 8592 8627 8644 8661 8731 8781 8790 8799 8803 8848 8864 8866 8993 9056 9101 9143 9144 9149 9186 9509 9511 9579 9618 9899 10111 10140 10141 10198 10201 10233 10266 10267 10271 10315 10345 10373 10380 10427 10452 10529 10552 10568 10700 10728 10757 10833 10868 10943 11020 11079 11084 11147 11149 11164 11165 11199 11258 11271 11280 11281 11284 11291 11372 11490 11521 11602 11642 11644 11656 11697 11699 11712 11716 11746 11749 11761 11871 11880 11882 11901 11910 11947 12003 12005 12023 12060 12124 12149 12151 12162 12170 12282 12309 12328 12356 12443 12466 12469 12473 12521 12531 12576 12589 12599 12622 12623 12644 12651 12674 12683 12684 12762 12796 12816 12913 12937 12967 13001 13004 13033 13040 13070 13076 13077 13114 13133 13162 13163 13189 13203 13236 13238 13241 13265 13420 13501 13513 13549 13667 13711 13845 13949 13972 14045 14078 14085 14094 14121 14161 14163 14213 14230 14244 14315 14339 14369 14386 14438 14488 14602 14647 15003 15136 15152 15325 15327 15467 15486 15489 15490
wert: 9449
west: 893 1033 3749 7930 10308 10966 11702 13639
wester: 2579
westerly: 7062
western: 2476 10722 10735 15005 15194
westers: 11324
westward: 3090 10729 13521
wet: 6343 7865 12662 15144
wetter: 6343
weu: 7607
whal: 6685
whale: 31 164 208 231 236 240 279 281 309 421 424 429 435 453 470 500 524 526 530 533 537 542 550 572 581 587 598 600 613 617 624 631 638 658 668 670 677 686 709 714 728 731 746 748 750 760 766 769 774 783 789 791 792 803 819 838 845 867 870 881 886 892 897 911 918 926 929 931 933 947 951 954 958 964 1231 1234 1250 1281 1503 1522 1943 2079 2569 2587 2727 2752 2859 2999 3021 3190 3240 3304 3321 3366 3372 3376 3961 4033 4052 4253 4483 4508 4611 4613 4621 4715 5051 5123 5573 5577 5582 5588 5779 6203 6408 6511 6533 6536 6547 6590 6596 6620 6635 6636 6640 6642 6646 6660 6663 6669 6689 6691 6694 6696 6730 6830 6841 6945 6950 7008 7115 7117 7527 7645 7666 7679 7686 7699 7711 7715 7717 7718 7719 7724 7726 7729 7737 7738 7741 7744 7746 7749 7788 7807 7810 7815 7817 7825 7834 7836 7841 7847 7848 7850 7855 7856 7857 7859 7873 7874 7875 7886 7891 7893 7903 7906 7915 7917 7918 7919 7921 7924 7926 7928 7932 7935 7941 7943 7948 7957 7974 7984 8005 8010 8011 8013 8020 8023 8028 8044 8047 8049 8056 8098 8106 8109 8125 8126 8134 8135 8150 8157 8158 8192 8197 8200 8230 8263 8277 8315 8316 8317 8318 8319 8344 8348 8353 8359 8387 8469 8736 8776 8805 8848 8857 8923 8928 8991 9013 9026 9031 9054 9157 9172 9192 9209 9210 9212 9219 9220 9235 9239 9282 9288 9295 9300 9339 9344 9370 9502 9511 9616 9627 9738 9961 10075 10076 10104 10105 10110 10130 10131 10133 10135 10141 10143 10147 10149 10157 10172 10191 10198 10203 10213 10215 10218 10224 10230 10236 10248 10260 10275 10286 10300 10307 10309 10322 10353 10360 10394 10396 10404 10408 10417 10544 10558 10569 10571 10581 10588 10590 10600 10624 10720 10821 10907 10997 11064 11200 11201 11205 11232 11238 11290 11320 11331 11337 11374 11431 11452 11456 11471 11474 11475 11479 11483 11514 11539 11558 11575 11582 11592 11596 11603 11629 11651 11660 11674 11679 11684 11686 11702 11769 11774 11781 11782 11784 11825 11827 11839 11842 11843 11847 11848 11856 11875 11878 11906 11941 12069 12096 12114 12139 12309 12311 12353 12385 12421 12460 12529 12569 12624 12630 12719 12740 12756 12765 12770 12781 12826 12840 12866 12879 12905 13037 13038 13177 13336 13378 13400 13407 13413 13422 13474 13476 13489 13769 13841 13849 13935 13961 14259 14342 14361 14367 14368 14399 14402 14412 14420 14445 14494 14504 14567 14569 14570 14575 14587 14606 14609 14619 14629 14631 14643 14652 14664 14669 14674 14676 14687 14696 14697 14698 14705 14707 14708 14716 14719 14737 14741 14749 14757 14765 14780 14791 14801 14824 14828 14834 14838 14850 14858 14859 14867 14872 14875 14880 14886 14901 14902 14926 14927 14934 14938 14964 14977 14999 15014 15035 15065 15119 15132 15161 15295 15300 15319 15350 15368 15371 15379 15405 15413 15421 15428 15440 15463 15483 15485 15491 15516 15538 15574 15578
whalebone: 5980 6253 7567 7914 7985 7986 7996 12341 15015
whaleboning: 7569
whaled: 5038
whaleman: 2024 3797 3842 4361 4755 4798 6624 6633 7713 8307 10185 10318 11427 13386 13470 14568 14908 14937 15007 15091
whalemans: 2660 11869 12741
whalemen: 892 1282 2452 2509 2598 2826 3805 5928 6516 6554 6562 6563 6564 6627 6673 6769 7093 7131 7924 7925 8404 8767 8853 8888 8901 10175 10205 10257 10323 12098 12738 12968 13151 13333 15016 15157 15360
whaler: 3756 4409 7090 8925 12899 13155 13255 13364 13365 13520 14956 15137
whalers: 7027 7125 7127 8389 12903 13319 13323 13325 13342 13357 15060
whales: 190 192 194 306 343 375 380 395 397 405 414 439 488 511 517 541 557 562 593 603 673 681 702 717 724 738 821 871 909 914 939 1286 1520 1546 1547 1652 2502 2628 3893 4198 4640 5040 5091 5652 6501 6542 6717 6850 6857 6876 7000 7018 7036 7076 7272 7640 7697 7712 7721 7751 7753 7781 7789 7796 7843 7863 7866 7879 7985 7986 7988 7989 7990 7997 7999 8008 8016 8025 8037 8052 8081 8090 8105 8115 8116 8130 8211 8220 8227 8229 8304 8306 8311 8321 9021 9041 9054 9305 9727 9733 9878 10301 10343 10374 10388 10428 10532 11150 11189 11197 11208 11220 11241 11254 11262 11415 11458 11464 11478 11499 11516 11601 11602 11671 11876 12102 12111 12363 12441 12468 12575 12577 12744 12837 12967 13191 13335 14252 14345 14392 14397 14564 14591 14612 14628 14641 14656 14662 14665 14715 14727 14733 14735 14759 14813 14816 14829 14831 14854 14967 14990 14997 15003 15013 15025 15058 15064 15066 15073 15089 15102 15113 15136 15233 15369 15469
whalin: 1576
whaling: 805 836 903 924 1194 1198 1208 1219 1246 1270 1277 1441 1517 2497 2562 2831 2896 3840 3851 3888 4253 4388 4554 4567 4578 4581 4584 4604 4635 4652 4681 4704 4864 4874 5351 5918 5928 5932 5974 6497 6505 6557 6558 6576 6583 6586 6651 6660 6663 6666 6688 6701 6712 6730 6739 6847 7038 7123 7313 8368 8371 8394 8872 10119 10216 10223 10527 11523 11636 12716 12828 13266 13277 13300 13303 13309 13419 13938 14604 14663 14721 14803 14814 14841 14855 14922 15013 15402 15545
whang: 10067
wharf: 3106 3121 3195 3223 3880 3914 5488 5498 6015 6101 6202
wharton: 951
wharves: 997 3079 3960 7180
what: 231 313 367 448 597 620 745 1013 1023 1057 1070 1110 1113 1147 1148 1170 1241 1403 1414 1415 1425 1442 1470 1478 1514 1534 1635 1732 1780 1803 1811 1812 1816 1826 1831 1865 1895 1951 1982 2008 2022 2028 2030 2060 2068 2112 2146 2156 2201 2297 2358 2370 2420 2789 2790 2791 2797 2805 2823 2832 2834 2900 2961 3046 3047 3048 3052 3066 3245 3272 3273 3346 3382 3427 3613 3620 3624 3625 3626 3628 3658 3673 3808 3837 3889 3952 4015 4019 4106 4146 4280 4285 4330 4448 4540 4566 4578 4581 4584 4604 4610 4619 4632 4635 4652 4654 4656 4671 4672 4677 4696 4745 4756 4809 4850 4862 4881 4904 4921 4922 5033 5073 5079 5115 5136 5141 5152 5154 5180 5183 5184 5253 5261 5262 5279 5312 5397 5496 5513 5545 5563 5565 5657 5676 5680 5683 5727 5735 5761 5774 5776 5805 5820 5866 5872 5915 5917 6037 6107 6155 6175 6271 6505 6535 6543 6554 6700 6762 6765 6839 6860 6955 6964 6974 7049 7104 7135 7254 7449 7470 7472 7473 7475 7490 7528 7553 7557 7560 7566 7571 7584 7587 7588 7592 7602 7607 7621 7627 7637 7643 7669 7707 7771 7809 7834 7921 8009 8024 8031 8144 8193 8199 8230 8310 8439 8471 8548 8581 8618 8620 8634 8671 8840 8841 8883 8969 8985 9048 9157 9166 9170 9287 9290 9299 9324 9343 9354 9373 9374 9479 9571 9572 9672 9680 9682 9684 9773 9866 9978 10003 10073 10379 10550 10567 10571 10578 10590 10591 10678 10752 10791 10802 10882 10932 10964 10974 10999 11093 11107 11120 11269 11344 11397 11412 11564 11595 11749 11822 12006 12218 12225 12292 12299 12300 12307 12327 12421 12513 12520 12714 12780 12869 12898 12906 12916 12938 12959 12969 13207 13364 13389 13413 13480 13560 13602 13699 13708 13719 13734 13850 13861 13933 14001 14035 14123 14187 14195 14220 14292 14294 14342 14463 14465 14630 14715 14730 14734 14801 14921 15035 15348 15373 15374 15534
whatever: 306 2158 2208 3508 4879 5572 7180 7636 10178 10658 10788 10843 11279 14138 14229 15360
whatsoever: 307 1665
whcel: 271
wheat: 9258 15134
wheel: 815 4487 5733 15551
wheelbarrow: 99 3864 3876 3907 3941 4029
wheeled: 13420
wheeling: 3884
wheels: 9202 9568 14896
whelm: 9529
whelmed: 13246 15214
whelped: 9626
when: 379 604 638 717 849 1069 1080 1097 1125 1219 1292 1317 1540 1635 1652 1691 1712 1713 1888 1915 1993 2008 2046 2242 2247 2349 2373 2376 2413 2420 2530 2533 2585 2592 2842 2873 2880 3019 3086 3130 3169 3190 3233 3234 3235 3287 3289 3298 3303 3328 3372 3374 3379 3389 3413 3537 3587 3657 3697 3698 3715 3737 3752 3770 3775 3928 4191 4206 4309 4319 4364 4491 4495 4570 4671 4726 4797 4805 4817 4937 5049 5087 5097 5110 5191 5249 5298 5388 5399 5400 5447 5603 5666 5668 5674 5703 5710 5770 5783 5786 5835 5859 5873 5987 5997 6015 6058 6101 6161 6170 6180 6295 6384 6442 6518 6840 6949 6962 6985 7044 7149 7206 7212 7222 7240 7260 7306 7328 7362 7387 7389 7393 7457 7484 7505 7550 7601 7885 7887 7898 7967 8113 8174 8177 8424 8449 8452 8495 8569 8582 8624 8691 8704 8732 8742 8750 8828 8950 9143 9146 9157 9376 9396 9479 9514 9544 9678 9813 9902 9926 9969 9971 10256 10286 10354 10364 10386 10438 10440 10455 10460 10470 10473 10516 10674 10704 10757 10765 10773 10781 10823 10840 10931 10936 11005 11033 11044 11053 11207 11239 11281 11355 11360 11366 11397 11434 11491 11583 11586 11587 11602 11655 11705 11746 11757 11806 11919 11925 12060 12114 12195 12281 12306 12422 12454 12524 12599 12698 12721 12864 12866 12871 12872 12879 12934 12938 12957 12972 12974 13014 13053 13055 13120 13123 13169 13319 13349 13355 13365 13383 13400 13408 13497 13644 13650 13664 13667 13677 13771 13778 13779 13816 13953 14079 14124 14139 14149 14227 14234 14249 14312 14339 14382 14385 14568 14581 14643 14842 14960 15065 15101 15103 15152 15172 15222 15281 15283 15285 15374 15466 15538 15548 15550 15575
whence: 2575 2609 3272 9068 10686 10707 10889 12063 12915 12936 13235 14721
whenever: 979 980 981 984 1098 6982 7003 7182 9055 13034
where: 719 811 961 1000 1233 1280 1281 1284 1298 1388 1396 1398 1623 1697 1774 1879 1918 2413 2648 2950 3078 3084 3275 3356 3368 3923 4221 4337 4462 4466 4511 4679 4919 4926 4932 4949 5070 5275 5357 5392 5686 5905 5955 6099 6376 6593 6860 7063 7124 7417 8102 8577 8829 8900 8942 9589 9627 9645 9780 9801 10490 10493 10798 10955 10970 11016 11259 11274 11277 11292 11430 11436 11448 11473 11535 11540 11749 11780 12089 12227 12373 12375 12446 12575 13083 13235 13327 13450 13466 13561 13593 13824 13844 13882 13952 13973 14091 14424 14465 14501 14619 14652 14909 14912 14913 15079 15086 15161 15184 15328 15343 15505 15557
whereas: 404 1164 2645 3163 3276 4225 7571 7812 7830 13343 15460
whereat: 3569
whereby: 2119 3802 8802 10290 10346
whereer: 9528
wherefore: 1192 2810 6849 8538 14805
wherein: 3072 5440 10851 11148 14705 15220
whereto: 13233
whereupon: 3285 12410
wherever: 1302 1306 10170 13035
whether: 404 529 549 1075 1396 1397 1665 1865 1989 2248 2771 3481 3557 3614 3698 3699 3732 3819 3887 4659 5435 5864 5878 6956 6990 7244 7245 7448 7788 8427 8502 8599 8601 8703 8821 9866 10782 10785 11720 12749 12827 12831 13380 14118 15120 15316 15320
whets: 2415
whetstone: 8709 9377
whetstones: 8711
whew: 5019 9877
which: 232 234 319 375 395 396 397 431 466 475 488 497 513 543 598 638 695 749 770 838 845 926 942 1008 1075 1176 1224 1275 1343 1399 1456 1551 1555 1562 1655 1656 1863 1868 2089 2103 2128 2143 2236 2295 2314 2475 2490 2562 2640 2790 2865 2898 2942 2947 3008 3036 3067 3121 3199 3241 3358 3466 3479 3489 3523 3546 3689 3769 3870 3909 3912 3977 4186 4229 4340 4349 4392 4522 4524 4531 4648 4884 5034 5151 5215 5240 5409 5549 5601 5613 5634 5689 5918 5934 5957 5962 5969 6140 6160 6357 6358 6532 6537 6580 6592 6596 6610 6724 6742 6787 6814 6819 6826 6832 6866 6871 6875 6878 6905 6907 6920 6961 7027 7034 7064 7144 7181 7186 7197 7199 7209 7262 7267 7270 7336 7350 7519 7520 7664 7672 7717 7722 7724 7740 7795 7881 7893 7903 7922 7926 7928 7938 7946 7961 7987 8005 8059 8082 8112 8142 8179 8209 8227 8238 8276 8290 8307 8408 8436 8549 8570 8709 8711 8825 8833 8846 8850 8892 8898 8925 8933 8949 8995 9163 9266 9949 10131 10174 10193 10225 10313 10361 10409 10411 10414 10519 10524 10594 10596 10660 10670 10673 10680 10687 10694 10730 10735 10742 10757 10793 10794 10799 10804 10831 10836 10883 10916 11007 11017 11044 11054 11145 11149 11217 11218 11220 11235 11251 11255 11295 11318 11356 11364 11379 11381 11394 11420 11464 11467 11536 11552 11566 11575 11640 11641 11644 11646 11647 11651 11703 11705 11734 11748 11798 11881 11915 11982 12043 12151 12342 12388 12530 12644 12870 12932 13033 13046 13113 13127 13130 13301 13337 13405 13475 13477 13510 13515 13519 13622 13687 13727 13743 13797 13918 13926 14067 14174 14276 14288 14450 14489 14503 14572 14625 14680 14715 14774 14785 14797 14802 14818 14886 14935 14996 15034 15083 15097 15132 15139 15151 15211 15231 15331 15350 15377 15384 15392 15414 15464 15511 15546 15564 15572
whichever: 15321
whiff: 9878 10018
whiffs: 7526
while: 230 500 954 1686 1745 2006 2037 2171 2361 3002 3124 3253 3326 3357 3401 3962 4006 4059 4197 4328 4891 4908 5256 5369 5979 6065 6146 6308 6338 6476 6875 6942 6953 7479 7505 7526 7564 7566 7582 8116 8137 8359 8501 8530 8652 8667 8865 8986 9076 9092 9181 9197 9229 9413 9455 9492 9694 9738 10108 10581 10839 10890 10894 11153 11157 11287 11393 11716 11944 12013 12115 12133 12170 12189 12349 12355 12480 12618 12702 12864 12911 12956 12999 13005 13063 13101 13141 13161 13174 13188 13244 13275 13960 14005 14370 14383 14398 14571 14872 14893 14975 15153 15327 15409 15528
whilst: 3494
whim: 5109
whimsicalities: 7179
whip: 770
whipped: 4054
whipping: 2254 12247
whirl: 3215
whirled: 10069 11358 12188
whirling: 3301 10393
whirlpool: 14409
whirlpooles: 375
whirlwinds: 1773
whiskers: 6305
whisper: 10768 12295 12479 12600
whispered: 1615 9117 9152 9324 11091 12592 12614 14055 15286
whispering: 9151
whisperingly: 12289
whispers: 3115 12485
whistle: 3455
whistled: 5019
whistling: 6952
whit: 14622 15579
white: 537 1366 1685 2024 2034 3253 3305 3996 4218 6318 6404 7108 7109 7260 7269 7530 7640 7644 8052 8186 8289 8560 8716 9192 9209 9210 9212 9219 9220 9226 9235 9238 9259 9282 9288 9295 9300 9339 9344 9510 9527 9627 9861 10010 10074 10076 10080 10104 10146 10157 10191 10197 10275 10322 10344 10345 10352 10374 10388 10407 10417 10429 10543 10569 10571 10590 10610 10613 10615 10626 10629 10633 10637 10641 10643 10645 10649 10652 10654 10656 10657 10676 10677 10683 10688 10693 10703 10709 10723 10724 10747 10773 10786 10800 10815 10825 10839 10879 10884 10888 10893 10918 10943 10977 10978 11033 11056 11062 11290 11320 11333 11335 11374 11513 11539 11875 11906 11941 12156 12160 12165 12171 12309 12311 12353 12462 12464 12499 12571 12594 12623 12643 12719 12781 12961 13087 13177 13191 13474 13484 13873 14348 14367 14504 14666 14894 15049 15290 15300 15322 15346 15537
whitehall: 1013
whitened: 10945 14869
whiteness: 164 10588 10600 10605 10624 10627 10635 10674 10678 10679 10700 10715 10720 10762 10792 10798 10804 10808 10821 10844 10851 10907 10919 10920 10926 10942 10957 10969 10978 10997 11023 11034
whitenesses: 14394
whites: 914 14435
whitewashed: 3997
whither: 10576
whitish: 7238
whitsuntide: 10874
whittled: 7573
whittling: 1835 1854 3447
whizzings: 15549
who: 329 399 727 1086 1108 1118 1153 1195 1552 1579 1780 1865 1896 2025 2064 2126 2163 2170 2253 2450 2474 2482 2567 2662 2690 2727 2750 2768 2769 2787 2793 2801 2807 2808 2826 2840 3134 3135 3209 3212 3216 3275 3282 3328 3387 3389 3390 3397 3398 3400 3410 3415 3418 3423 3480 3759 3850 3901 3935 3994 3998 4298 4402 4455 4490 4518 4519 4587 4599 4698 4718 4728 4750 4755 4824 5010 5027 5110 5172 5349 5446 5590 5609 5647 5687 5704 5756 5798 5860 5947 5950 5996 6077 6168 6177 6264 6272 6444 6446 6484 6540 6587 6624 6664 6665 6666 6667 6669 6670 6718 6741 6749 6756 6758 6830 6922 6924 6926 6927 6928 6992 7000 7032 7043 7048 7072 7111 7255 7476 7699 8224 8310 8445 8456 8484 8542 8547 8611 8717 8736 8807 8811 8815 8818 8821 8854 9019 9264 9271 9350 9498 9610 9696 9801 9978 10069 10108 10138 10146 10197 10206 10217 10266 10268 10347 10578 10693 10872 10955 10966 11060 11188 11345 11438 11506 11523 11557 11621 11716 11726 11762 12140 12197 12345 12507 12567 12735 12747 12765 12766 12810 13034 13217 13500 13615 13769 13787 13850 13955 14026 14062 14070 14160 14161 14169 14208 14264 14320 14369 14496 14528 14660 14722 14905 14952 15137 15143 15171 15197 15228 15230 15390
whoever: 2158 7263
whole: 1677 2200 2355 2474 2812 2899 2917 3263 3739 4314 4403 4741 4892 4903 5266 5552 5719 6095 6532 6582 6725 6980 7225 7266 8290 8335 8674 8808 8893 8982 9258 9619 9871 10114 10119 10430 10495 11538 11648 12347 12622 12642 12699 12718 13026 13429 13506 13552 13634 13709 14171 14218 14380 14868 15214 15371 15439 15516
wholesome: 1183
wholly: 3497 3851 4390 4790 6741 7886 8353 9144 10376 10852 10883 10897 11249 11660 13471 14421 14916
whom: 319 320 359 1499 1859 1862 2451 2501 2557 2860 3388 3420 3873 4044 4211 5050 6521 6647 7052 8397 8998 9355 10100 10156 12223 12924 13485 13753 14345
whooping: 10902
whose: 317 439 1394 2777 2782 2786 3159 3160 3264 3391 3412 6021 6315 6803 7948 8007 8087 10218 10302 10312 10315 10412 10727 10900 10929 11052 11090 11402 11468 11507 11511 12167 12276 12455 13291 13590 13595 13874 14071 15247 15462
whosoever: 9208 9210 9212
why: 1073 1077 1079 1082 1083 1212 1222 1582 1717 1908 2180 2515 2798 2804 2810 3629 3678 3886 3914 4360 4362 4943 5206 5420 5508 5560 5588 6303 6515 6556 6557 6560 7557 7570 7593 8029 8115 9052 9396 9448 9671 10052 10809 10872 10878 10892 10898 10902 10981 10983 10986 11023 11025 11475 11826 12224 12239 12245 12516 12937 13254 13353 13376 14311 14689 15573
wich: 8176
wicked: 3232 3361 3806 3811 5097 5129 13913
wide: 775 900 1342 1452 1543 1547 2921 3092 3710 4140 5384 5919 6366 9615 10119 10748 10912 11037 11261 11501 12158 12589 13539 13872 14065 15278
widely: 8994 10291 12199
widest: 11246
widow: 2761 3116 14502 15215
widowed: 5109
widows: 2671 4701 4966 4969
width: 11236
wields: 6906
wife: 2233 2896 3641 5130 6824 12497 12563
wight: 1399 12836
wights: 4111
wigwam: 4504 4524 5490 5503 5517 5898 5983
wigwams: 13591
wild: 1233 1248 1467 1645 2151 2562 3547 3580 3619 3752 3792 3833 4468 5138 5575 6159 6817 7074 7080 7196 7253 7257 8751 9162 9417 9574 9650 9902 10096 10159 10164 10222 10274 10404 10727 10756 10985 10988 11006 11140 11367 12062 12083 12330 12561 13163 13590 13595 13605 13935 15344
wildest: 6476 10190
wildly: 1519 6429 10817 12076 13474 14401
wildness: 10532 11882 13934
wilds: 13272
wilful: 3065 4745 11060 11786
wilfulness: 7290
will: 303 319 423 502 587 719 877 960 1027 1029 1043 1118 1120 1170 1681 1867 2209 2358 2527 2548 2550 2563 2582 2584 2591 2607 2621 2811 2830 2840 2842 3077 3128 3231 3316 3423 3484 3624 3625 3627 3977 4112 4124 4369 4438 4743 4935 4937 4949 4983 5021 5052 5083 5125 5274 5326 5444 5767 5771 5820 5850 6030 6045 6075 6532 6598 6647 6661 6700 6829 7331 7370 7435 7709 7728 7773 7782 7882 7941 7966 8029 8130 8254 8262 8269 8408 8431 8439 8455 8531 8552 8614 8826 8831 9023 9290 9307 9308 9321 9337 9344 9376 9446 9482 9568 9577 9581 9607 9657 9672 9682 9867 10221 10503 10515 10769 10844 10883 10956 10986 11093 11103 11107 11257 11386 11416 11428 11560 11561 11687 11689 11789 11798 11826 11852 11901 11953 12046 12050 12053 12062 12244 12299 12401 12403 12422 12749 12783 13296 13303 13344 13428 13438 13681 13769 13822 13860 13991 14099 14300 14528 14532 14540 14579 14651 14656 14784 14910 15005 15012 15030 15052 15063 15073 15081 15089 15168 15198 15202 15374 15422 15430 15439 15451 15464 15537 15544
willed: 9572
william: 442 880
willing: 4863 10198 14220 14255
willingly: 6607 13753
willingness: 4685 13777
willis: 2716
willoughby: 7702
wills: 12787
wilt: 4607 5078 9300
wilted: 9923
wind: 523 757 1389 1393 3235 4059 7213 7646 8243 9881 9886 10499 11125 11325 11700 12109 12584 12641 12996 13186 13194 13218 13255 13809 14446
winding: 1599 10489 14631
windlass: 6272 6307 9820 10064 13732 13816 13974
window: 1396 1398 1466 1770 1772 2059 2275 2398 5391 8175 9554 14688
windows: 1313 1402 9524
windrowed: 11012
winds: 1062 1184 1185 2967 6328 6461 6477 6876 8870 9390 9394 9869 9940 13054
windsor: 8180
windward: 4533 6365 7525 7526 8242 8943 12195 12338 12455 13101 13195 14979
windy: 15083
wine: 319 2604 2934 9532 9761
wing: 10773 12064
winged: 12984
wings: 4194 10739 10748
winking: 2503
winks: 8509
winnebago: 13598
winsome: 7358
winter: 1489 2864 4294 6342 6446 7210 8752 8911 10443 10644
winters: 6442
wintry: 6315 7307 7330
wipe: 4086
wiping: 13733
wire: 3990
wisdom: 1306 3506
wise: 2638 3490 3902 7595 7596 7599 7607 7612 7621 7623 7633 8428 8664 8688 9679 10523 12046 12826 12839
wisest: 9671
wish: 733 1236 3628 4678 5113 8623 12404 14696 15092
wit: 12699
witcheries: 7359
witchery: 8549
withal: 2473 5949
withdraw: 14536
withdrawal: 2932
withdrawing: 5014 6046 6297 7522
withdrawn: 765 11917
withdrew: 2530 7300 12445
withered: 1552
withhold: 13498
within: 367 941 1060 1325 1351 1548 1556 2917 2937 3179 5295 6090 6192 6405 6581 6898 6981 7400 8981 8988 9120 9399 9465 9515 9645 10489 10532 11053 11240 11261 11623 12051 12677 13804 13806 13825 14362 15337
without: 469 677 1030 1084 1112 1556 1638 1855 2001 2501 2503 2520 2794 2812 2870 2894 2920 2955 3162 3327 3541 3637 4109 4181 4837 4948 5219 5323 5445 5575 5881 5995 6115 6907 6979 7223 7241 7280 7445 7515 7729 7877 8008 8441 8575 8909 9197 9199 9382 9398 10269 10270 10282 10511 10533 10848 10860 11050 11056 11249 11399 11492 11543 11787 11949 11995 12264 12659 12724 12973 13085 13086 13140 13187 13345 13439 13554 13753 13785 13804 14333 14566 14793 15169 15445 15532 15554
withstand: 6877 7178 11777 12875
withstanding: 8002 8550
witness: 10676 10829
witnesses: 12759
witnessing: 787 9154
witted: 8706
witts: 6556
wives: 2671 3759 7791
wjialing: 937
wlfen: 13266
wnicn: 10746
wnile: 7563
woe: 3215 3370 3387 3388 3390 3391 3397 3398 3400 3407 3408 7298 9614 10919
woes: 10406
wolfish: 3544 9647
wolves: 9418
woman: 3533 4259 5957 15527
womb: 6588
women: 2644 2676 2780 9868 9899
womens: 2984
won: 12559
wonder: 1247 1651 4146 4329 5340 5911 6126 7473 9267 9866 10189 11064 11767 12326 12548 12898 13018 13716 14603
wondered: 1514 2419
wonderful: 1433 10314 10491 12813 14517 15041
wonderfullest: 6449
wonderfully: 8693 14868
wonderfulness: 10173
wondering: 2766 9151 12170
wonderingly: 6042
wonderment: 6086 10687
wonderments: 5869
wonders: 5090 6545 6605 11543 11737 12899
wondrous: 4128 7008 7979 9374 10739 10762 12421 13045 13476 15139 15331
wont: 1916 1918 2215 4633 5082 5285 5821 6120 7595 8803 9094 9785 12244 12444 12965 14020 14030 14036 14210 14311
wood: 606 2910 3620 3623 4115 4485 5240 5360 9922 14990 15059
woodcock: 2132
wooded: 3491
wooden: 1375 1589 2103 2414 4232 4992 5214 5450 8667 12870 14870 15046 15058 15505
woodland: 7075
woodlands: 1062 3753
woods: 7330 8751 10069 11047 11525 13594
woof: 12015 12039 12044
wool: 9259 10657
woollen: 1647 1727 4263 14414
word: 233 1999 2802 2934 3379 4299 4322 4449 5318 5333 5365 5430 5575 5747 5784 5797 5905 6364 6385 6386 6839 7291 7894 8227 8328 8355 9253 9785 10649 11731 12285 12510 12512 13174 13345 13391 13393 14018 14038 14229 14385 14718
wordless: 13120
words: 1367 3326 3343 3737 5703 6085 6214 6340 6668 7877 9200 9355 11091 12521 12524 13114 13215
wore: 3815 4345 8411 9120 12446
work: 449 2374 2959 3331 4519 4804 4808 5045 8400 10051 10202 11808 13709 13743 14030 14076 14436 14492 14694 15046
worked: 12586 14231 15317
worker: 433
working: 1592 2004 5901 9999 12047 13533 13667
workmanlike: 15053
workmans: 6917
works: 18 475 671 1394 8211 10576
world: 220 319 325 620 705 978 1167 1184 1247 1755 1829 2050 2240 2482 2801 2963 2967 3092 3161 3370 3388 3398 3414 3544 3636 3673 3811 3961 4090 4106 4152 4164 4192 4394 4582 4653 4677 4679 4784 4890 5553 5844 6515 6521 6547 6565 6582 6617 6618 6632 6682 6724 6877 6973 7091 7122 7361 7439 7479 7771 7931 8213 8567 8590 8749 9023 9616 9871 10119 10558 10735 10834 11004 11019 11199 11326 11472 11543 12565 12788 12916 13199 13220 13232 13238 13429 13676 13948 14381 14574 14797 14943 15002 15214 15218 15248
worldly: 2933
worlds: 1543 3426 3847 6696 7144 8444 8699 10413 13442 15193
worm: 304 1811 6483 15443
worn: 4465 4800 4813 9923 10651 13298
worried: 8198
worryings: 12707
worse: 1389 2277 2286 7471 9613 9877 10068 10073 11546 15229 15551
worship: 3620 3624 3625 3630 10415 10795
worshipped: 4465
worshipper: 2673
worshippers: 10640
worshipping: 3619 5170 5553 9367
worships: 5514
worst: 13983
worsted: 2897
worth: 2366 5647 6567 7478 12702 13699 14571
worthy: 3093 4101 4765 8847 12735 14527 14951
would: 320 326 352 592 733 934 977 1072 1237 1242 1266 1411 1427 1428 1486 1538 1579 1583 1711 1727 1770 1872 1882 1960 2051 2173 2300 2354 2382 2384 2407 2461 2575 2598 2890 3068 3175 3350 3399 3456 3477 3484 3550 3590 3592 3594 3615 3626 3629 3697 3831 3916 4110 4187 4193 4321 4682 4863 4875 4883 4885 4893 4894 4926 4974 4975 5112 5186 5332 5370 5374 5463 5531 5675 5864 5952 5988 5993 6005 6047 6107 6276 6288 6454 6459 6462 6484 6508 6512 6541 6588 6606 6739 6743 6785 6872 6952 6961 6978 7035 7079 7088 7264 7336 7383 7393 7394 7395 7401 7402 7451 7667 7795 7889 7986 8069 8145 8155 8327 8456 8489 8567 8585 8589 8676 8689 8705 8711 8725 8890 8903 9040 9104 9464 9474 9610 9614 9618 9801 9898 10182 10213 10261 10327 10329 10331 10535 10538 10551 10574 10693 10701 10849 10964 11057 11141 11144 11148 11201 11273 11281 11296 11319 11337 11338 11341 11344 11367 11368 11491 11873 11879 11904 11906 11907 11953 11958 12082 12260 12433 12461 12532 12552 12757 12793 12810 12811 12816 12817 12851 12908 12968 13003 13089 13101 13102 13121 13192 13257 13282 13300 13309 13310 13315 13333 13379 13442 13443 13548 13636 13637 13753 13785 13837 13912 13929 13985 14118 14127 14129 14134 14166 14172 14174 14286 14326 14336 14349 14453 14457 14687 14745 14883 15066 15096 15119 15279 15393 15412 15429 15448 15492 15493 15495 15579
wouldnt: 1912 2178 4925 14186
wouldst: 7416
wound: 3217 7246
wounded: 435 845 11602
wounds: 433 2784
woven: 9922
wrangling: 14082
wrap: 10836
wrapall: 2088
wrapped: 2290 2425 3370 6094 6795 10186
wrapper: 1413 15567
wrapping: 2667
wraps: 11063
wrath: 2964 5012 5637 8788 10388
wreak: 9345
wreck: 11660 12905 14862
wrecked: 14745 15216
wrecks: 10313 15235
wrenched: 9257 10551 10912
wrenching: 7241
wrest: 11969
wrestlings: 3218
wretched: 1360 3113 3289 5383 11061
wretchedly: 14835
wriggling: 2331 4521
wrinkled: 1538 1653 2394 4465 7970 9209 9231 10344 11142 11156 11158 11322
wrinkles: 2866 4531 4535 7960 15454
wrist: 1753 14184 15501
wrists: 3790 10151
write: 592 2863 5605 6884
writer: 1394 11690
writhing: 15517
written: 3154 7699 7708 11211 14671
wrong: 3098 5128 5998 7493 14576 14611
wrote: 6664 11587 11808
wrought: 7021 7023 7365 15015
x: 93 3437 14143
xerxes: 10727
xi: 95 3649
xii: 97 337 3744
xiii: 99 388 3862
xiv: 101 392 4095
xix: 111 690 5695
xl: 160 9705
xli: 162 10089
xlii: 164 10586
xliii: 166 11072
xliv: 168 11134
xlix: 178
xlv: 170 11408
xlvi: 172 11860
xlvii: 174 11999
xlviii: 176 12145
xtras: 8874
xv: 103 446 4202
xvhi: 109
xvi: 105 509 4378 6557
xvii: 107 570 5161
xviii: 629 5484
xx: 113 743 5887
xxi: 115 799 6010
xxii: 117 865 6196
xxiii: 119 922 6434
xxiv: 121 6492
xxix: 139 7344
xxv: 123 6735
xxvi: 125 6776
xxvii: 127 6934
xxviii: 129 7155
xxx: 141 7501
xxxi: 143 7542
xxxii: 145 7653
xxxiii: 147 8340
xxxiv: 149 8478
xxxix: 158 4431 9662
xxxv: 151 8759
xxxvi: 153 9086
xxxvii: 154 9520
xxxviii: 156 9597
y: 241 9755 14844
yale: 6730
yankee: 13322
yankees: 2553 13334 13395
yard: 5449 6390 7063 9005 10068 12125 15302
yards: 398 767 5859 10913 12667 14362
yarn: 1832 3989 12020 14001
yarns: 3045 12015 15430
yawingly: 13002
yawned: 11366
yawning: 3303 12269
ye: 325 326 327 332 1429 1575 1738 1742 1913 1918 1934 2183 2215 2648 2786 2788 3091 3139 3152 3346 3348 3349 4265 4266 4354 4565 4579 4584 4599 4604 4605 4625 4626 4635 4653 4654 4656 4672 4678 4679 4689 4832 4833 4850 4921 4953 4973 4986 4987 4992 4993 5021 5022 5024 5088 5107 5132 5594 5595 5606 5674 5699 5713 5753 5754 5764 5770 5791 5798 5800 5801 5818 5819 5824 5825 5826 5835 5847 6049 6064 6071 6075 6079 6080 6083 6168 6172 6248 6303 6306 6392 6393 6394 6395 6398 6400 6401 6402 6403 6404 6412 6421 6466 6500 6523 6540 6769 7147 7417 7418 7603 7604 7615 7634 7639 7640 7645 7731 8072 8246 8254 9016 9076 9082 9117 9157 9166 9170 9191 9192 9194 9208 9210 9212 9226 9238 9262 9288 9290 9291 9297 9298 9332 9353 9395 9396 9397 9430 9436 9440 9441 9442 9443 9452 9472 9474 9475 9476 9481 9482 9483 9490 9491 9497 9498 9501 9579 9580 9583 9584 9585 9586 9587 9588 9648 9657 9658 9751 9773 9803 9807 9812 9909 9912 9923 9946 9953 9974 10026 10492 10499 10500 10502 11065 11093 11103 11104 11105 11107 11109 11120 12176 12218 12242 12243 12244 12245 12248 12250 12286 12292 12301 12403 12517 13080 13177 13213 13698 13699 13861 13977 13979 14001 14024 14026 14036 14037 14041 14042 14099 14165 14166 14177 14178 14184 14199 14211 14555 14689
yea: 1429 3400 3968 4080 5502 6548 9807 10839 11047 15217
year: 716 856 2265 5345 6405 6568 6944 7791 10069 11256 11263 11461 11598 11627 13297 15217
yearly: 6566
years: 449 729 785 974 1407 1519 1522 1641 2074 2862 4110 4190 4364 4436 4470 4833 4884 5115 5919 6254 6395 6446 6561 6581 6589 7019 7094 7250 7723 8771 8852 8884 8889 9053 9436 10301 11286 11433 11436 11449 11465 11632 11820 13167 13200 13335 13394 13518 15000 15047 15419
yeast: 1473
yell: 14077
yelled: 4010 14181 15298
yelling: 3236
yellow: 2009 2035 4217 4224 4259 5516 10895 12163 12214 12292 12340 12521 15131 15147
yellowish: 11142
yes: 1052 1401 1810 2011 2500 2622 2827 2830 2858 2934 2967 3569 3662 4250 4990 5076 5342 5723 5782 5801 6037 6068 6380 7166 7450 7567 7604 7606 10003 11334 12509 12754 14299
yesterday: 2801
yet: 1033 1066 1115 1222 1279 1411 1435 1441 1475 1676 1800 1859 1938 2299 2320 2380 2452 2503 2557 2606 2675 2802 2806 3026 3046 3169 3210 3253 3287 3343 3371 3413 3427 3465 3511 3525 3548 3583 3660 3714 3737 3814 3827 3890 4635 4749 4767 4769 4881 4935 4937 5050 5080 5111 5141 5175 5596 5640 5754 5764 5927 6223 6228 6343 6355 6547 6722 6801 6805 6877 7135 7182 7253 7309 7435 7667 7696 7721 7749 7937 7999 8026 8059 8089 8118 8270 8286 8402 8428 8533 8563 8580 8609 8785 8829 8975 8984 8993 9054 9332 9389 9390 9398 9446 9536 9613 9614 9657 10073 10108 10135 10241 10259 10284 10359 10373 10440 10450 10487 10511 10538 10581 10591 10598 10602 10657 10659 10700 10759 10807 10868 10897 10955 11017 11022 11027 11122 11234 11255 11271 11313 11329 11369 11550 11565 11882 11889 11923 12008 12170 12265 12427 12594 12604 12820 12854 12914 12967 12986 12988 13009 13172 13210 13540 13546 13570 13610 13613 13615 13690 14332 14610 14748 14758 14777 15183 15201 15217 15218 15224 15295 15365 15412 15534
yield: 5961 6450 8130 8254 9307 13590 14127
yielded: 1491
yielding: 11384
yields: 7908
ynder: 147 8461
yojo: 4385 4389 4391 4401 4425 4428 4432 5046 5183 5307
yojos: 4400 4406
yoke: 6628
yoked: 14455
yoking: 1765
yon: 1533 9195 9477 9500 9925 10080
yonder: 1028 1061 2621 5218 9356 9371 9531 9973 12214 12225 14477
yore: 13081
york: 752 7950 13269 13865
young: 1269 1462 1563 1604 2077 2460 2567 2649 3794 3920 3928 3973 4000 4363 4600 4607 4613 4625 4748 4922 4944 4968 5023 5082 5126 5253 5280 5472 5527 5544 5545 5558 5648 6824 6999 9022 9027 9037 9047 9873 10502 10981 11048 13513 13940 14351 14692 14757 14759
youngest: 8583
your: 328 329 331 815 949 953 996 1045 1072 1079 1081 1139 1306 1327 1560 1711 1715 1720 1721 1722 1856 2178 2180 2621 3677 3678 3691 4036 4037 4105 4337 4338 4344 4446 4943 4949 5231 5363 5572 5725 5830 5850 6306 6392 6406 6599 6602 6714 6770 7615 7640 8865 8884 8885 8893 8899 8905 8914 8915 8943 8949 9013 9017 9021 9076 9077 9220 9441 9442 9452 9481 9482 9582 9585 9683 9730 9732 9737 9775 9795 9801 9867 9868 9955 10074 10492 10502 11562 11577 12224 12239 12246 12298 12515 12516 12517 12740 13321 13322 13389 13520 13565 13568 13610 13686 13719 13850 13856 13859 13876 13885 13900 13901 13904 13908 13931 13949 13994 14020 14296 14475 14515 14516 14718 14806 15035 15094 15095 15101 15536 15580 15581
yours: 4705 5805 6038 7588
yourself: 1080 1452 1478 1721 1872 1933 3674 4606 5069 5365 7623 8244 13823 14018 14804 15257
yourselves: 4918 9588 9787 9855 12206
youth: 2861 2865 3762 7089 9059
z: 15433
zag: 11326
zealand: 1879 2000 2044 8854 11509 11519
zephyr: 1391
zig: 11326
zodiac: 11289
zone: 2477 11239 12923
zones: 15372
zontal: 12344 12878 14373
zontally: 11218
zoology: 7672 7687
